# Blender 4.0.0
# www.blender.org
o debris_5
v 1.322926 -0.623664 0.524910
v 0.284250 0.187637 0.023742
v 0.057255 0.047674 0.229565
v 0.542658 0.744492 -0.135338
v 0.321162 0.922924 0.054517
v -0.465105 0.917270 -0.549522
v 1.000684 -0.896109 0.610842
v -0.366096 -0.783058 0.776879
v 1.492337 -0.438221 -0.469715
v 1.567841 -0.544843 0.227606
v 1.375601 -0.224887 -0.889349
v 0.296346 -0.054989 0.320708
v 0.133266 -0.766713 0.722657
v 0.681892 -0.231956 0.408759
v -0.395050 0.437578 0.664575
v -0.098696 1.308686 0.010892
v -0.953407 1.300026 0.165949
v -0.198007 1.166173 0.239074
v -0.006191 0.145705 -1.126536
v 0.862563 -1.233587 -0.346609
v -0.222002 -1.128180 0.279804
v -1.366154 -0.288552 0.746850
v 1.083516 0.564277 -0.272243
v 1.363458 0.303984 -0.128501
v 1.370105 0.091339 0.277001
v 1.450058 0.005501 0.337788
v 1.487219 -0.159006 0.360704
v 1.388602 -0.394919 0.514414
v 1.216068 0.371832 -0.743610
v 1.172283 0.076149 -0.940302
v 1.231822 -0.148899 -1.022618
v 1.144943 -0.358307 -1.197056
v 1.170576 -0.515018 -1.225319
v 0.439846 -1.163750 -1.049910
v -0.171818 -0.976682 -0.920584
v -0.365177 -0.947791 -0.774670
v -0.547146 -0.837155 -0.765043
v -0.856257 -0.853642 -0.641095
v 0.848779 0.465892 -0.174630
v 0.539576 0.321440 -0.064432
v 0.179871 0.109406 0.091485
v -0.058962 -0.034871 0.273635
v -0.410859 -0.227852 0.613229
v -0.543602 -0.320034 0.622168
v -0.665979 -0.394353 0.697945
v -0.796622 -0.467916 0.766177
v -0.902658 -0.530070 0.855858
v 0.735923 0.647545 -0.228311
v 0.537684 0.796252 -0.228589
v 0.451150 0.819223 -0.008430
v -0.080435 1.044261 0.341408
v -0.440639 0.948474 0.676527
v -0.750683 1.104396 0.893417
v -0.322331 0.973212 -0.545147
v -0.662124 0.944900 -0.410280
v -0.901741 0.905626 -0.459122
v -0.965478 1.103895 0.828947
v -1.172578 1.016888 0.568381
v -1.128282 1.141223 0.277775
v -1.082368 0.960500 -0.087685
v -1.023041 0.873507 -0.324288
v -0.914897 -0.879422 -0.522637
v -0.984783 -0.920824 -0.335781
v -1.003036 -0.866683 0.044012
v -1.076586 -0.983440 0.564713
v -1.013581 -0.621081 0.891984
v 1.224931 -1.096197 0.130963
v -0.938144 -0.757782 -0.783960
v -1.051390 -0.756729 -0.693430
v -1.118404 -0.647146 -0.868322
v -1.220832 -0.465262 -0.896907
v -1.258524 -0.267602 -0.910988
v -1.289353 -0.006031 -0.777217
v -1.250775 0.385568 -0.693507
v -1.215298 0.552094 -0.663633
v -1.028192 0.817858 -0.455335
v -1.118152 -0.448061 1.119540
v -1.283771 -0.380136 1.248169
v -1.220291 -0.107612 1.267529
v 1.090870 -0.836046 0.556541
v 0.541441 -0.985754 0.793996
v 0.414916 -0.963236 0.752878
v -0.175513 -0.847796 0.751388
v -0.586995 -0.674248 0.831276
v 1.429032 0.119728 -0.294174
v 1.385175 0.315532 -0.444081
v 1.447532 0.010016 -0.199805
v 1.482832 -0.220817 -0.165706
v 1.426820 -0.103835 -0.315235
v 1.368474 0.037478 -0.640333
v 1.438413 -0.202675 -0.355155
v 1.408257 -0.189862 -0.467569
v 1.365314 -0.069237 -0.554406
v 1.341865 -0.779035 0.298554
v 1.392736 -0.945006 0.101145
v 1.536315 -0.678975 0.140796
v 1.506724 -0.580605 0.011113
v 1.506599 -0.730673 -0.224359
v 1.522527 -0.488070 -0.093545
v 1.514238 -0.591752 -0.161996
v 1.243143 -0.816211 -0.923900
v 1.176644 -0.947165 -0.927314
v 1.468359 -0.410477 -0.683093
v 1.407165 -0.885435 -0.704797
v 1.527531 -0.740185 -0.642062
v 1.564319 -0.390796 0.067396
v 1.589198 -0.375166 0.187037
v 1.347193 -1.018049 -0.400294
v 1.524533 -0.523154 -0.462452
v 1.526597 -0.586292 -0.524544
v 1.393947 -0.202000 -0.794633
v 1.505438 -0.443094 -0.380387
v 1.319709 0.412460 -0.445834
v 1.557820 -0.095186 0.042192
v 1.203467 0.483622 -0.527349
v 1.281408 -1.042748 -0.251168
v 1.241004 -0.798269 0.422278
v 1.446310 -0.546554 0.450713
v 1.518018 -0.362653 0.323005
v 1.098435 -0.824589 -1.130251
v 1.212448 -0.807119 -1.007484
v 1.328871 -0.338025 -0.943869
v 0.553853 0.179049 0.116714
v 0.756582 0.327818 -0.069278
v 0.805243 0.193803 0.066302
v 0.846762 0.002414 0.242382
v 0.530840 -0.125400 0.412129
v -0.397348 -0.653527 0.741329
v 0.071467 -0.890782 0.689459
v -0.302897 -0.544947 0.696002
v -0.081143 -0.551039 0.687266
v -0.158617 -0.382249 0.625194
v 0.023273 -0.605064 0.692116
v 0.324468 -0.643016 0.718150
v -0.053302 -0.431405 0.672381
v 0.123293 -0.222078 0.388194
v 0.402636 -0.360865 0.578505
v 1.203647 -0.117559 0.310724
v 1.060999 -0.571994 0.617367
v 1.005381 -0.350745 0.432712
v 0.774889 -0.763082 0.779605
v 0.644960 -0.789021 0.876497
v 0.870693 -0.198557 0.349636
v 0.782073 -0.278752 0.404965
v 0.622588 -0.631736 0.842899
v 0.713006 -0.505819 0.676897
v 0.767634 -0.394736 0.508328
v 0.080788 -0.139428 0.359620
v 0.180508 -0.311111 0.483876
v 0.502892 -0.803531 0.802836
v 0.617912 -0.466998 0.715548
v 0.508465 -0.319926 0.580743
v 0.631055 -0.403533 0.602826
v 1.066783 -0.000947 0.246863
v 0.938210 -0.125170 0.276459
v 0.612726 -0.292992 0.505108
v 0.340521 0.054743 0.133350
v 0.102738 -0.010195 0.270720
v 1.074336 0.418372 -0.165535
v 1.058533 0.250491 0.012361
v 1.280652 0.165124 0.080715
v -0.160833 -0.729995 0.739328
v -0.066249 -0.890839 0.694547
v 0.258125 -0.957124 0.697623
v -0.565024 -0.572713 0.772666
v 1.239565 -0.538623 0.545009
v 1.356054 -0.240971 0.417235
v 0.176191 0.776742 0.366780
v -0.064663 0.873449 0.482331
v 0.239920 0.758403 0.269724
v -0.043186 0.737568 0.448456
v 0.097410 0.472485 0.210271
v -0.874349 0.558258 1.097280
v -0.714839 0.896123 0.956676
v -0.798113 0.660975 1.051544
v -0.608963 0.805352 0.899593
v -0.418561 0.836449 0.790566
v -0.597485 0.413788 0.812109
v -0.696012 -0.248242 0.701886
v -0.093739 0.138376 0.365361
v -0.938116 -0.326971 0.923728
v -0.391960 -0.018325 0.676502
v -0.506099 0.083771 0.789509
v -0.254926 0.241026 0.450668
v -0.950207 -0.087346 1.082228
v -0.444245 0.166802 0.704327
v -0.346367 0.413040 0.554590
v -0.705831 0.151170 0.923143
v -0.292862 0.860651 0.638159
v -0.244347 0.776441 0.580087
v 0.137532 0.343795 0.135803
v -0.436489 0.424822 0.744107
v 0.346406 0.801592 0.178821
v 0.162776 1.014562 0.342666
v 0.202147 0.904289 0.387268
v 0.676443 0.383375 -0.143359
v 0.687926 0.506549 -0.145998
v -0.831415 0.939584 1.001838
v -1.050726 0.439275 1.125770
v -1.198621 0.225586 1.188328
v -0.337865 -0.073683 0.541703
v -1.046536 -0.250289 1.178023
v -1.160691 0.026583 1.196784
v -1.023022 0.062836 1.097808
v -0.064795 1.155013 -0.452109
v 0.439067 0.908682 -0.156644
v 0.086692 1.180065 -0.502959
v 0.030975 1.257529 -0.284316
v 0.260859 1.045863 -0.076733
v 0.039630 1.280394 -0.069905
v -0.171896 1.204394 -0.270412
v 0.072491 1.236377 0.074863
v -0.769440 1.021316 -0.262660
v -0.867421 1.107828 -0.139081
v -0.750724 1.201459 -0.072824
v -0.828106 1.260137 0.034045
v -0.674857 1.301701 0.049905
v -0.723796 1.324941 0.155311
v -0.614063 1.052239 -0.304421
v -0.493753 1.163837 -0.189375
v -0.573797 1.283707 -0.015242
v -0.651642 1.145091 0.647719
v -0.344358 1.190198 0.297231
v -0.541592 1.171979 0.430427
v -0.441005 1.183842 0.337147
v -0.622883 1.178440 0.508763
v -0.637809 1.233880 0.417332
v -0.223153 1.237985 0.132388
v -0.650549 1.283259 0.290323
v -0.326633 1.274044 0.155154
v -0.369240 1.044102 -0.418254
v -0.127115 1.229894 0.129126
v -0.262193 1.273872 -0.082245
v -0.287896 1.310053 0.046239
v 0.133263 1.136341 0.204051
v -0.992563 1.011590 -0.202371
v -0.532274 1.096930 0.583670
v -0.341808 1.074219 0.425962
v -0.812335 1.238482 0.528987
v -0.958388 1.281988 0.482826
v 0.849047 0.583272 -0.776972
v 0.896205 0.073580 -0.984862
v 0.826764 -0.178986 -1.173542
v 0.872381 -0.253673 -1.166483
v 0.848947 -0.470721 -1.192180
v 0.659022 0.675050 -0.765431
v 0.868432 0.265583 -0.916804
v 0.805589 0.118493 -0.969635
v 0.722168 0.218771 -0.918334
v 0.780745 -0.030656 -1.072637
v 0.721419 0.492051 -0.833299
v 0.663494 0.348344 -0.892473
v 0.703377 -0.317445 -1.135187
v 0.645677 -0.649710 -1.173597
v 0.579906 -0.849271 -1.216925
v 0.469335 0.504124 -0.870326
v 0.423204 0.139570 -0.979745
v 0.574502 0.007213 -1.025146
v 0.437305 -0.011493 -1.031181
v 0.467769 -0.309349 -1.154141
v 0.601354 -0.519803 -1.143472
v 0.357009 -0.590003 -1.180116
v 0.394728 -0.130163 -1.098108
v 0.261143 0.444353 -0.948300
v 0.091409 0.196074 -1.048533
v 0.130814 -0.014284 -1.129904
v 0.266632 -0.226077 -1.197412
v 0.206247 -0.631136 -1.231576
v 0.097853 -0.750983 -1.172474
v 0.072134 0.424283 -1.032705
v 0.055372 -0.106131 -1.205632
v 0.101118 -0.509138 -1.191239
v -0.226518 0.775265 -0.754877
v -0.101355 0.460701 -0.911881
v -0.072849 0.239511 -1.107627
v -0.038277 -0.055845 -1.182864
v -0.018880 -0.533245 -1.161995
v -0.243104 -0.538810 -1.149276
v -0.096263 -0.828583 -1.087468
v -0.421244 0.552795 -0.793491
v -0.440083 0.019291 -0.926086
v -0.352879 -0.470273 -1.055146
v -0.232630 -0.826991 -0.981887
v -0.408243 -0.759524 -0.910747
v -0.691454 0.125380 -0.904501
v -0.653252 -0.171759 -0.919303
v -0.508984 -0.217641 -0.946410
v -0.581452 -0.727560 -0.832734
v -0.588556 0.759107 -0.728099
v -0.638163 0.510170 -0.828763
v -0.800799 0.240857 -0.846512
v -0.642312 0.017381 -0.886500
v -0.655606 -0.583550 -0.973693
v -0.818774 0.436695 -0.802819
v -0.991044 -0.093466 -0.922535
v -0.865299 -0.582265 -0.948107
v 1.066782 0.146050 -0.963878
v 1.114068 -0.106282 -1.089382
v 0.996503 -0.415426 -1.196790
v 0.788394 -0.808531 -1.213782
v 0.729475 -1.094717 -1.056443
v 0.385082 -0.920498 -1.184106
v 0.063433 -0.929076 -1.073769
v -0.754810 -0.714042 -0.814313
v -1.072240 -0.498546 -0.939001
v -1.155857 -0.204569 -0.944507
v -1.030415 -0.254217 -0.920036
v -1.144606 0.542364 -0.755600
v -0.952125 0.566307 -0.768132
v -1.036756 0.726634 -0.607833
v -0.882291 0.748485 -0.757589
v -0.926313 0.862486 -0.561141
v 0.049558 0.912217 -0.799834
v 0.343448 0.832518 -0.760428
v 0.960841 -1.218968 -0.249844
v 0.923210 -1.173725 0.313191
v 0.906403 -1.160154 -0.926100
v 0.720098 -1.181020 -0.857011
v 0.798209 -1.191407 -0.652917
v 0.693739 -1.249376 -0.295500
v 0.814554 -1.291298 -0.102215
v 0.821201 -1.368573 0.128775
v 0.930102 -1.009021 0.550790
v 0.662934 -1.383057 0.065690
v 0.721124 -1.351691 0.291077
v 0.501354 -1.197367 -0.902643
v 0.515191 -1.282681 -0.308754
v 0.607940 -1.332851 -0.013654
v 0.536268 -1.304913 -0.076417
v 0.365547 -1.229440 -0.105564
v 0.626954 -1.274733 0.422695
v 0.531250 -1.173255 0.582890
v 0.412587 -1.180473 0.477869
v 0.369475 -1.270568 -0.711382
v 0.431140 -1.288420 -0.508365
v 0.375264 -1.239360 -0.326219
v 0.292094 -1.264032 0.324312
v 0.287948 -1.259664 -0.857224
v 0.168724 -1.229632 -0.743604
v 0.369361 -1.250603 -0.634895
v 0.097759 -1.215484 -0.486863
v 0.164083 -1.208588 -0.194856
v 0.260186 -1.035387 0.588909
v 0.047310 -1.226730 -0.683426
v -0.048761 -1.144018 -0.726901
v -0.164523 -1.221123 -0.552072
v 0.055135 -1.225753 0.048048
v -0.125670 -1.251139 0.013960
v 0.150866 -1.232248 0.235197
v -0.078086 -1.151209 0.239752
v 0.000171 -0.991920 0.632342
v -0.113362 -1.219437 -0.623302
v -0.263831 -1.242007 -0.461353
v -0.220706 -1.204148 0.078456
v -0.186632 -1.088859 0.492801
v -0.345121 -1.090911 -0.585183
v -0.444060 -1.120169 0.503790
v -0.490920 -1.141629 -0.434356
v -0.514872 -1.129120 0.198658
v -0.513069 -1.166520 0.364607
v -0.642846 -1.093849 -0.389131
v -0.677180 -1.107089 0.319436
v -0.800817 -1.051657 -0.055782
v -0.800062 -1.087553 0.378870
v 1.062295 -1.135819 -0.902467
v 0.989760 -1.155607 -0.799980
v 1.108649 -1.155510 -0.653665
v 1.151380 -1.177407 -0.389808
v 1.219569 -1.052516 -0.177410
v 0.680279 -1.131804 0.561928
v 0.154916 -1.058874 0.572292
v -0.898003 -1.020447 0.367714
v -0.890113 -0.960548 0.037835
v -0.721731 -0.953949 -0.562579
v -0.697696 -0.892391 -0.669084
v -0.416366 -0.995780 -0.633164
v -0.212851 -1.076246 -0.754239
v 0.568120 -1.178812 -0.972583
v -1.129227 -0.733631 -0.380176
v -1.216452 -0.736041 0.036784
v -1.329847 -0.615998 0.702683
v -1.320597 -0.551275 0.867194
v -1.233671 -0.557552 -0.502472
v -1.206484 -0.641412 -0.089315
v -1.382084 -0.448823 0.987557
v -1.334564 -0.363702 -0.502683
v -1.350516 -0.415614 -0.262628
v -1.403077 -0.428610 0.067739
v -1.426366 -0.360215 -0.038867
v -1.323086 -0.423500 0.372128
v -1.444886 -0.192519 0.986292
v -1.389337 -0.260474 -0.181105
v -1.346422 -0.214752 0.218182
v -1.339484 -0.177948 0.477723
v -1.352515 -0.133333 0.672877
v -1.417586 -0.038467 0.892545
v -1.327741 -0.085894 -0.327736
v -1.340272 -0.076419 -0.220218
v -1.341449 -0.219382 0.341346
v -1.382590 -0.060383 1.024412
v -1.322507 0.088587 1.048249
v -1.343610 0.052334 -0.286866
v -1.335875 0.090694 0.589334
v -1.303463 0.130104 -0.489136
v -1.348436 0.287809 -0.216664
v -1.425081 0.325783 -0.096249
v -1.356532 0.335634 0.567959
v -1.321513 0.340546 0.909060
v -1.316242 0.299094 -0.337337
v -1.273698 0.495475 0.652632
v -1.279915 0.415255 0.794455
v -1.226202 0.527123 0.974541
v -1.349097 0.567703 -0.061697
v -1.337968 0.591326 0.109220
v -1.342324 0.513857 0.468343
v -1.211363 0.540424 0.875942
v -1.235838 0.610323 -0.262650
v -1.294294 0.690361 0.181115
v -1.303492 0.710382 0.426941
v -1.209445 0.629583 0.753192
v -1.132634 0.738273 0.899186
v -1.171284 0.814663 -0.086142
v -1.276120 0.856125 0.441956
v -1.163393 0.873203 0.590891
v -1.084013 -0.788262 -0.497633
v -0.960253 -0.920336 -0.215578
v -1.147233 -0.692220 -0.269243
v -0.969802 -0.920712 -0.089700
v -1.120028 -0.776592 -0.107385
v -1.062001 -0.861106 0.222200
v -1.315365 -0.758287 0.422163
v -1.047901 -0.836494 0.707816
v -1.148021 -0.657393 0.866257
v -1.230935 -0.550308 1.001621
v -1.341946 -0.114837 1.184748
v -1.247195 0.380845 1.061339
v -1.024956 0.952106 0.874207
v -1.160288 0.802791 0.727722
v -1.266396 0.824669 0.281071
v -1.221947 0.958991 0.081121
v -1.096557 0.720886 -0.487113
v -1.104802 0.711096 -0.348163
v -1.270825 0.323432 -0.555679
v -1.286437 0.109975 -0.657539
v -1.310056 -0.178921 -0.616470
v -1.296253 -0.473678 -0.704183
v 1.423797 0.074138 -0.370839
v 1.384272 0.048379 -0.464663
v 1.491119 -0.084828 -0.143201
v 1.477549 -0.344352 -0.314155
v 1.447007 -0.744161 0.224820
v 1.492095 -0.833192 0.078259
v 1.354660 -0.903942 -0.059381
v 1.474906 -0.801824 -0.016794
v 1.443801 -0.874895 -0.295766
v 1.499455 -0.787937 -0.082340
v 1.498142 -0.723657 -0.360395
v 1.300572 -0.837626 -0.842378
v 1.393229 -0.543422 -0.970518
v 1.379158 -0.708320 -0.837516
v 1.408572 -0.369885 -0.854568
v 1.469695 -0.774958 -0.735126
v 1.501680 -0.552453 -0.836210
v 1.529233 -0.568852 -0.717622
v 1.561012 -0.328869 -0.093172
v 1.505571 -0.524620 -0.250789
v 1.445681 -0.959340 -0.576950
v 1.487356 -0.857874 -0.435018
v 1.511526 -0.741648 -0.500462
v 1.385363 -0.137070 -0.676259
v 1.441769 -0.294823 -0.542998
v 1.432557 -0.269775 -0.637100
v 1.518667 -0.523789 -0.354809
v 1.248881 0.443050 -0.285778
v 1.403964 0.297085 -0.247522
v 1.512033 0.118375 -0.006974
v 1.479224 0.154693 -0.151383
v 1.531993 0.051448 0.133926
v 1.309644 0.298128 -0.660834
v 1.331771 0.153979 -0.670878
v 1.297260 0.025244 -0.830817
v 1.137119 -0.863874 0.474486
v 1.244080 -0.905288 0.325603
v 1.314549 -0.925108 0.194756
v 1.279068 -1.005430 0.006743
v 1.358484 -0.951315 -0.154736
v 1.407193 -0.674449 0.380850
v 1.538323 -0.263696 0.255600
v 1.604570 -0.214909 0.142408
v 1.576284 -0.099223 0.236434
v 1.105343 -0.977186 -1.029516
v 1.243144 -0.579384 -1.148976
v 1.265344 -0.632249 -1.042491
v 1.285872 -0.297179 -1.021735
v 1.299987 -0.443881 -1.055553
v 1.217000 -0.995341 -0.824135
v 1.330890 -1.000350 -0.697762
v 1.294307 -1.112657 -0.601662
v 0.919406 0.269697 0.012948
v 0.954628 0.378207 -0.068543
v 0.617615 0.219873 0.007205
v 0.487478 0.053364 0.207670
v 0.293277 -0.144539 0.355814
v 0.970353 0.180151 0.179580
v 0.811343 0.125987 0.230915
v 0.656347 0.093830 0.247205
v 0.656174 -0.073513 0.322495
v 0.519530 -0.008694 0.363266
v 0.148849 -0.639482 0.682802
v 0.001105 -0.357896 0.565269
v 0.226141 -0.486026 0.669378
v 0.220001 -0.395371 0.538694
v 1.041350 -0.703281 0.633657
v 0.907574 -0.805731 0.693951
v 1.181233 -0.367214 0.463484
v 0.951506 -0.409155 0.513744
v 1.136851 -0.270840 0.401782
v 0.880985 -0.633412 0.724764
v 0.717969 -0.621225 0.775119
v 0.926220 -0.499950 0.582202
v 0.398802 -0.190346 0.437053
v 0.403183 -0.697975 0.767739
v 0.437027 -0.462210 0.731134
v 0.520301 -0.210334 0.509964
v 0.910737 0.564524 -0.228810
v 0.990458 0.519219 -0.178455
v 0.453389 0.286559 0.010551
v 1.187289 0.334723 -0.136802
v 1.201319 0.194267 0.025911
v 1.145182 0.119872 0.219143
v -0.573828 -0.458907 0.692193
v -0.332592 -0.309546 0.640642
v -0.235139 -0.298183 0.610625
v -0.092696 -0.277836 0.502937
v -0.048261 -0.170192 0.342761
v 1.229712 -0.737095 0.548739
v 1.169645 -0.675733 0.589438
v 0.777510 -0.930043 0.771456
v 0.281478 -0.799960 0.745843
v 0.322200 0.620399 0.127313
v 0.105612 0.662472 0.391446
v 0.364351 0.435440 0.040250
v 0.218296 0.561182 0.146218
v -0.076826 0.623557 0.454466
v -0.164127 0.501909 0.426053
v -0.192528 0.621837 0.490417
v -0.322312 0.634400 0.616888
v -0.794892 0.781525 1.016106
v -0.670808 0.624903 0.924242
v -0.946597 0.304918 1.082270
v -0.824599 0.421937 1.054930
v -0.577019 0.560599 0.826302
v -0.519658 0.709707 0.833795
v -0.712174 0.471607 0.929901
v -0.815662 -0.302715 0.779368
v -0.553075 -0.179992 0.654525
v -0.775462 -0.142371 0.815941
v -0.291605 0.083462 0.525482
v -0.901705 0.114570 1.034092
v -0.772883 0.042118 0.985016
v -0.401129 0.291335 0.585258
v -0.417949 0.592096 0.769811
v -0.791027 0.244483 1.007845
v -0.606381 0.193266 0.833367
v -0.446320 0.277997 0.712909
v -0.684158 0.327053 0.871207
v 0.016609 0.459584 0.334092
v -0.114670 0.356466 0.369676
v -0.215486 0.389111 0.456578
v -0.313160 0.521091 0.573304
v 0.607967 0.631772 -0.119364
v 0.412720 0.688027 0.030674
v 0.218960 0.988642 0.191631
v -0.075689 0.939748 0.440095
v 0.474320 0.510471 -0.045903
v 0.047794 0.211331 0.211910
v -0.870729 1.066764 0.921794
v -0.911268 0.739625 1.100275
v -1.104644 0.561494 1.155161
v -1.188679 0.348875 1.171422
v -1.080435 0.309557 1.125234
v -0.652954 1.020875 0.902407
v -0.529942 0.961140 0.844295
v -0.429234 1.014983 0.567051
v -0.331681 0.955726 0.560820
v -0.912565 -0.378993 0.893769
v -0.264165 -0.171645 0.404746
v -0.237485 -0.076594 0.400250
v -0.148607 0.017767 0.327840
v -1.008245 -0.306700 1.067698
v -0.927750 -0.164666 0.966242
v -1.063976 -0.096825 1.139264
v -1.062792 0.164680 1.103641
v 0.406281 0.952788 -0.334914
v 0.262907 1.049520 -0.250333
v 0.227764 1.094151 -0.426600
v 0.146921 1.156537 -0.182091
v -0.174219 1.265910 -0.137918
v -0.687549 1.114856 -0.199619
v -0.701138 1.147841 -0.118063
v -0.464024 1.058620 -0.346563
v -0.568888 1.337476 0.066365
v -0.453408 1.113441 0.435068
v -0.552960 1.250865 0.312919
v -0.389872 1.138662 -0.277332
v -0.240808 1.118842 -0.364191
v -0.368894 1.218426 -0.146943
v -0.786928 1.288340 0.309790
v -0.488039 1.279012 0.191393
v -0.020568 1.226320 0.135261
v -0.478048 1.254704 -0.097378
v -0.358505 1.331693 -0.030202
v -0.421151 1.336740 0.060137
v 0.675288 0.734226 -0.328795
v 0.557571 0.792217 -0.426561
v 0.479317 0.844516 -0.524265
v 0.352330 0.969649 -0.432666
v 0.295639 1.018315 -0.554846
v 0.150662 1.041742 -0.575320
v 0.010260 1.085564 -0.620728
v 0.344067 0.973275 -0.098654
v 0.174673 1.095555 0.013595
v -0.115135 1.100629 0.271779
v -0.792362 0.943517 -0.370560
v -0.898641 1.044554 -0.203936
v -0.947494 0.952766 -0.338171
v -0.920393 1.159182 -0.025661
v -1.137438 1.169022 0.089739
v -1.071508 1.117637 -0.024382
v -1.007270 1.235319 0.094151
v -1.048084 1.287552 0.240309
v -0.458041 0.972380 -0.437667
v -0.237485 1.030063 -0.552121
v -0.806524 1.140478 0.792371
v -0.603930 1.055001 0.709793
v -0.270744 1.027181 0.461303
v -0.962137 1.210116 0.654832
v -0.778587 1.180569 0.646858
v -1.092090 1.212480 0.590391
v -1.052860 1.266178 0.399574
v -0.919683 1.284058 0.369286
v 0.906151 0.418087 -0.840381
v 0.619799 -0.194935 -1.140622
v 0.829791 -0.658857 -1.218059
v 0.412257 0.737737 -0.873123
v 0.524190 0.335072 -0.890317
v 0.596057 0.109598 -0.951901
v 0.559196 -0.366421 -1.130069
v 0.386995 -0.447052 -1.174996
v 0.287275 -0.784381 -1.235973
v 0.179272 0.597881 -0.961438
v 0.023154 0.660510 -0.847485
v 0.324291 0.256367 -0.969435
v 0.190855 0.313824 -1.011655
v 0.240385 0.097241 -1.041302
v 0.142329 -0.399127 -1.256950
v 0.209078 -0.854933 -1.146346
v -0.110250 0.599442 -0.840831
v -0.132168 0.686488 -0.797521
v -0.231006 0.265898 -0.995433
v -0.174975 0.116125 -1.035310
v -0.207777 -0.266924 -1.076033
v -0.135557 -0.133822 -1.081182
v 0.029513 -0.207580 -1.274460
v -0.198647 -0.700740 -1.116978
v -0.406583 0.691386 -0.741583
v -0.313744 0.436465 -0.856688
v -0.460024 0.297107 -0.950922
v -0.311886 0.042742 -0.988540
v -0.419970 0.166191 -0.930521
v -0.372490 -0.140726 -0.972804
v -0.361389 -0.325337 -1.024957
v -0.371648 -0.629229 -1.050707
v -0.708753 0.628102 -0.784293
v -0.619171 0.320187 -0.874290
v -0.942816 0.066327 -0.899968
v -0.730606 -0.106575 -0.921343
v -0.843190 -0.100812 -0.898228
v -0.618334 -0.393312 -0.963370
v 1.101953 0.595614 -0.416597
v 0.900100 0.634687 -0.349534
v 0.882096 0.629735 -0.515160
v 1.119836 0.584066 -0.689835
v 1.064743 0.355760 -0.859257
v 1.187885 0.237333 -0.846979
v 1.058110 0.008260 -1.070221
v 1.038729 -0.205608 -1.188291
v 1.058490 -0.672326 -1.251307
v 0.958939 -0.813096 -1.256904
v 1.011822 -0.982787 -1.091106
v 0.902530 -0.937321 -1.242769
v 0.884095 -1.090229 -1.118704
v 0.705043 -0.983609 -1.212236
v 0.523641 -1.022048 -1.199046
v 0.222304 -1.035032 -1.032245
v 0.109176 -1.071821 -0.933067
v -0.004978 -0.990283 -0.919356
v -0.313949 -0.865523 -0.872850
v -0.778718 -0.810512 -0.729930
v -0.992571 -0.636130 -0.936772
v -0.897090 -0.316503 -0.947250
v -1.139314 -0.017329 -0.923004
v -0.939079 0.274492 -0.823693
v -0.998796 0.398601 -0.800286
v -1.139205 0.240769 -0.837172
v -0.831227 0.812714 -0.622353
v -0.663218 0.852611 -0.574548
v -0.098301 0.942557 -0.732149
v -0.365404 0.856480 -0.719574
v 0.196289 0.893810 -0.716978
v 0.216548 0.762617 -0.911580
v 0.529268 0.777587 -0.699012
v 0.695902 0.719126 -0.556260
v 0.892713 0.619666 -0.659017
v 0.875138 -1.169381 -0.720673
v 0.950774 -1.168465 -0.569578
v 0.702574 -1.208815 -0.490471
v 0.991975 -1.312341 0.026579
v 0.883007 -1.266211 0.187710
v 0.811405 -1.197434 0.421810
v 0.896612 -1.119374 0.478763
v 0.613293 -1.230598 -0.645357
v 0.568789 -1.391379 0.297199
v 0.206242 -1.232215 -0.585191
v 0.227183 -1.227996 -0.343336
v 0.445584 -1.322292 0.147449
v 0.194360 -1.220281 -0.026035
v 0.174957 -1.239631 0.086064
v 0.192350 -1.199587 0.373360
v -0.063178 -1.196989 -0.354830
v -0.045023 -1.212033 -0.138156
v -0.043775 -1.131482 0.445421
v 0.060324 -1.095392 0.497102
v -0.181773 -1.231296 -0.268272
v -0.418756 -1.128432 -0.165612
v -0.450352 -1.110768 -0.010901
v -0.325815 -1.104435 0.431755
v -0.344461 -1.167899 0.174565
v -0.446141 -1.093004 0.658852
v -0.584082 -1.027198 -0.530393
v -0.396237 -1.172472 -0.298045
v -0.543482 -1.084980 -0.128410
v -0.685409 -1.057838 -0.269927
v -0.669396 -1.066833 -0.101666
v -0.614553 -1.100396 0.091130
v -0.642730 -1.148045 0.527431
v -0.692733 -1.113414 0.687804
v 1.172884 -1.168916 -0.499423
v 1.075953 -1.215137 -0.191635
v 1.135059 -1.141931 -0.041404
v 1.093190 -1.104217 0.225217
v 1.142471 -0.945423 0.384269
v 1.042594 -1.014946 0.393870
v 0.806370 -1.006706 0.669438
v 0.563567 -1.096885 0.722203
v 0.364977 -1.043033 0.655340
v -0.170364 -0.994885 0.644773
v -0.370640 -0.934794 0.750886
v -0.555528 -0.982709 0.743322
v -0.508772 -0.817185 0.780652
v -0.704739 -0.870886 0.819966
v -0.825366 -0.694134 0.843184
v -0.850696 -0.925046 0.741319
v -0.842216 -1.099677 0.577555
v -0.959811 -0.920704 0.154251
v -1.030971 -0.957067 0.389152
v -0.794155 -1.057495 0.087451
v -0.792984 -1.061480 -0.371203
v -0.821585 -1.027769 -0.176791
v -0.836606 -0.953589 -0.444313
v -0.572351 -0.946287 -0.631286
v -0.064928 -1.092029 -0.813361
v 0.267719 -1.108541 -1.025002
v -1.199183 -0.560682 -0.276366
v -1.261622 -0.692002 0.110925
v -1.376376 -0.542975 0.147712
v -1.355958 -0.692172 0.310312
v -1.340069 -0.505647 0.429495
v -1.346943 -0.492606 0.607569
v -1.371415 -0.489553 0.801612
v -1.369511 -0.277048 -0.350715
v -1.388304 -0.323689 0.086026
v -1.323339 -0.294174 0.591902
v -1.435402 -0.310022 0.922287
v -1.454840 -0.099462 -0.032462
v -1.371757 -0.030312 0.147082
v -1.331198 0.017633 0.285961
v -1.302426 -0.033783 0.463837
v -1.338380 0.046266 0.732868
v -1.307711 0.156436 -0.299015
v -1.386285 0.071771 -0.132833
v -1.455851 0.143769 -0.002859
v -1.365381 0.174589 0.242287
v -1.421697 0.243779 0.139866
v -1.337072 0.243423 0.475251
v -1.382041 0.268557 0.721536
v -1.375449 0.195392 0.828060
v -1.339159 0.471055 -0.278251
v -1.369532 0.397697 0.006260
v -1.351797 0.431808 0.227813
v -1.308326 0.544414 0.199270
v -1.374475 0.354002 0.388402
v -1.200802 0.699867 -0.130634
v -1.272492 0.706371 -0.003163
v -1.267678 0.819865 0.074250
v -1.235242 0.729235 0.554476
v -1.241518 0.629036 0.610691
v -0.968900 -0.813600 -0.573789
v -1.065608 -0.855928 -0.383523
v -1.190673 -0.814037 0.279556
v -1.296859 -0.831715 0.520710
v -1.243209 -0.748386 0.697821
v -0.962358 -0.793708 0.799596
v -1.184682 -0.494611 1.090675
v -1.419231 -0.357852 1.092504
v -1.249528 0.091595 1.224015
v -1.269009 0.138796 1.118710
v -1.248943 0.218758 1.142789
v -1.156042 0.634809 1.061219
v -1.054873 0.814253 1.044276
v -1.096565 0.898909 0.779323
v -1.082427 1.040694 0.732723
v -1.205865 1.093002 0.475302
v -1.221208 1.017894 0.174004
v -1.207529 1.058483 0.297850
v -1.155143 0.909123 -0.006862
v -1.104097 0.783395 -0.216888
v -1.162682 0.620740 -0.443607
v -1.291685 0.482696 -0.477622
v -1.317293 -0.127181 -0.493491
v -1.336393 -0.330827 -0.745840
v -1.189663 -0.682078 -0.660953
vn 0.9185 0.0273 -0.3944
vn 0.9708 0.0152 -0.2394
vn 0.9270 0.1657 -0.3363
vn 0.9265 -0.0978 -0.3634
vn 0.9913 0.0721 -0.1105
vn 0.9367 0.0009 -0.3502
vn 0.8335 0.2854 -0.4731
vn 0.9586 0.2013 -0.2016
vn 0.9099 0.2019 -0.3624
vn 0.9208 0.1621 -0.3547
vn 0.9792 0.1007 -0.1762
vn 0.9509 0.2051 -0.2317
vn 0.6106 -0.6888 0.3907
vn 0.5966 -0.5360 0.5973
vn 0.7622 -0.4683 0.4468
vn 0.7769 -0.4767 0.4112
vn 0.6377 -0.5555 0.5336
vn 0.6759 -0.6548 -0.3383
vn 0.6306 -0.7727 0.0725
vn 0.9559 -0.1799 -0.2322
vn 0.7654 -0.4179 0.4893
vn 0.8390 -0.4862 0.2441
vn 0.9275 -0.3660 -0.0765
vn 0.6159 -0.6955 0.3702
vn 0.9809 -0.1524 -0.1208
vn 0.9561 -0.2405 -0.1674
vn 0.9973 -0.0561 0.0469
vn 0.9924 -0.1126 0.0503
vn 0.9976 -0.0655 0.0238
vn 0.9944 -0.0103 -0.1048
vn 0.9981 -0.0030 -0.0622
vn 0.6618 -0.4647 -0.5883
vn 0.6435 -0.4154 -0.6429
vn 0.7402 -0.4500 -0.4996
vn 0.7200 -0.3500 -0.5992
vn 0.7614 0.3123 -0.5681
vn 0.7480 0.0109 -0.6637
vn 0.9603 0.1642 -0.2257
vn 0.9409 0.1836 -0.2846
vn 0.6816 -0.5256 -0.5091
vn 0.4629 -0.8854 0.0432
vn 0.9096 0.3841 -0.1582
vn 0.9662 -0.2333 -0.1099
vn 0.9730 0.1948 0.1240
vn 0.8547 0.3837 -0.3497
vn 0.7574 -0.6156 0.2177
vn 0.9616 -0.2559 -0.0994
vn 0.9378 -0.2233 0.2660
vn 0.9907 -0.0789 0.1112
vn 0.9913 -0.0799 0.1050
vn 0.9912 -0.0749 0.1091
vn 0.9504 0.3108 -0.0103
vn 0.9443 0.3278 -0.0271
vn 0.9458 0.3243 -0.0173
vn 0.9513 0.3008 -0.0678
vn 0.9344 0.3491 -0.0706
vn 0.9540 0.2725 -0.1250
vn 0.9022 0.3170 -0.2924
vn 0.9649 0.2513 -0.0758
vn 0.7296 0.6835 -0.0224
vn 0.4942 0.8678 0.0528
vn 0.7886 0.5269 -0.3171
vn 0.7853 0.5731 0.2341
vn 0.9460 -0.1045 -0.3069
vn 0.7882 0.6149 -0.0244
vn 0.9455 -0.0359 -0.3236
vn 0.9789 0.1998 -0.0438
vn 0.9599 -0.1266 -0.2499
vn 0.7549 0.5059 0.4174
vn 0.8999 0.1752 -0.3994
vn 0.7339 0.6199 -0.2777
vn 0.6612 0.6491 -0.3761
vn 0.9145 0.1952 -0.3544
vn 0.6905 0.4025 -0.6010
vn 0.9032 0.3432 -0.2579
vn 0.5146 -0.6810 0.5210
vn 0.7431 -0.4744 0.4720
vn 0.8479 -0.4604 0.2627
vn 0.5196 -0.7875 0.3314
vn 0.7081 -0.6805 -0.1886
vn 0.7610 -0.5547 0.3363
vn 0.6543 -0.5068 0.5614
vn 0.5678 -0.1257 0.8135
vn 0.8266 0.0209 0.5624
vn 0.9226 0.0693 0.3796
vn 0.8488 0.0647 0.5247
vn 0.8801 -0.1507 0.4502
vn 0.9500 0.3006 -0.0841
vn 0.8836 0.1259 0.4510
vn 0.7246 0.2530 0.6410
vn 0.5078 -0.4585 -0.7293
vn 0.4536 -0.6289 -0.6315
vn 0.7130 -0.3386 -0.6140
vn 0.7957 -0.4970 -0.3463
vn 0.6268 -0.3308 -0.7055
vn 0.8379 -0.4163 -0.3530
vn 0.7060 -0.4951 -0.5064
vn 0.7665 -0.5151 -0.3835
vn 0.5604 -0.6363 -0.5302
vn 0.6477 -0.4668 -0.6022
vn 0.4304 -0.9025 0.0145
vn 0.7298 -0.6491 0.2145
vn -0.1189 0.6845 0.7193
vn 0.0836 0.5809 0.8097
vn -0.2906 0.8030 0.5204
vn 0.0170 0.9336 0.3579
vn -0.3176 0.6603 0.6806
vn -0.1492 0.9123 0.3814
vn -0.2212 0.8634 0.4535
vn -0.2590 0.8776 0.4034
vn 0.1927 0.8641 0.4651
vn 0.1493 0.4132 0.8983
vn 0.1246 0.8894 0.4398
vn 0.4228 0.3715 0.8266
vn 0.2180 0.3947 0.8926
vn 0.4265 0.3842 0.8188
vn 0.0466 0.3636 0.9304
vn 0.0817 0.2447 0.9662
vn 0.2294 0.0296 0.9729
vn -0.3603 -0.0694 0.9302
vn 0.0159 0.1198 0.9927
vn 0.1469 0.2793 0.9489
vn -0.1072 0.2012 0.9737
vn -0.1906 0.1804 0.9649
vn 0.2340 0.3689 0.8995
vn 0.1031 0.7949 0.5979
vn 0.3023 0.7804 0.5474
vn -0.3257 0.1910 0.9260
vn 0.0961 0.7567 0.6467
vn 0.1701 0.7217 0.6710
vn 0.1580 0.7749 0.6121
vn 0.2054 0.8086 0.5513
vn 0.1967 0.5978 0.7772
vn -0.2910 0.1129 0.9500
vn -0.2560 0.7777 0.5741
vn -0.1032 0.5022 0.8586
vn 0.1843 0.6877 0.7022
vn 0.0436 0.6850 0.7272
vn -0.1226 0.5458 0.8289
vn 0.3020 0.1510 0.9413
vn 0.4190 0.5989 0.6825
vn -0.4666 0.1208 0.8762
vn 0.2743 0.6985 0.6610
vn 0.0617 0.5197 0.8521
vn 0.1174 0.6525 0.7486
vn -0.2622 0.8331 0.4871
vn -0.3699 0.1942 0.9086
vn 0.0794 0.7050 0.7047
vn -0.3061 0.7599 0.5735
vn 0.4906 0.7336 0.4702
vn 0.2331 0.5707 0.7874
vn 0.2134 0.3840 0.8983
vn 0.2352 0.3043 0.9231
vn 0.4667 0.6424 0.6079
vn 0.5021 0.5209 0.6904
vn 0.3368 0.6672 0.6644
vn -0.2534 0.6142 0.7473
vn -0.3697 0.5319 0.7618
vn 0.3247 0.6561 0.6813
vn 0.4080 0.6417 0.6494
vn 0.4445 0.4516 0.7736
vn -0.1896 0.5615 0.8054
vn 0.4531 0.4736 0.7553
vn -0.2392 0.6849 0.6883
vn 0.2942 0.6914 0.6598
vn 0.1439 0.6418 0.7532
vn 0.3357 0.8018 0.4944
vn -0.2566 0.5470 0.7968
vn 0.2345 0.7458 0.6236
vn 0.1076 0.7824 0.6134
vn -0.0603 0.8425 0.5353
vn 0.3727 0.6984 0.6110
vn 0.0321 0.9403 0.3388
vn -0.1836 0.2976 0.9369
vn -0.1942 0.3373 0.9211
vn 0.5253 0.7601 0.3824
vn 0.2746 0.9346 0.2262
vn 0.1843 0.4611 0.8680
vn 0.7585 0.1948 0.6219
vn -0.0358 0.2565 0.9659
vn 0.1060 0.3031 0.9470
vn 0.0237 -0.7746 0.6321
vn -0.1147 -0.2031 0.9724
vn 0.3150 0.3718 0.8733
vn 0.1875 0.4680 0.8636
vn -0.1733 0.5596 0.8104
vn -0.0963 0.2325 0.9678
vn 0.5102 0.6698 0.5395
vn 0.0595 0.8542 0.5166
vn 0.1614 0.7978 0.5809
vn -0.0528 0.4510 0.8910
vn -0.2396 0.5775 0.7804
vn 0.2427 0.4565 0.8560
vn 0.2814 -0.3237 0.9034
vn 0.3493 0.1229 0.9289
vn 0.3114 0.0710 0.9476
vn 0.2830 0.1948 0.9391
vn 0.5527 -0.2547 0.7935
vn 0.7291 -0.4319 0.5308
vn 0.5249 -0.0707 0.8482
vn 0.2353 -0.7439 0.6255
vn 0.1920 -0.4637 0.8649
vn 0.6013 -0.0295 0.7985
vn -0.2484 -0.1619 0.9550
vn -0.3314 -0.2314 0.9147
vn -0.2470 0.0876 0.9651
vn 0.5757 -0.1472 0.8043
vn 0.6797 -0.1798 0.7111
vn 0.7891 -0.2632 0.5550
vn 0.7535 -0.3446 0.5599
vn 0.6665 -0.5293 0.5249
vn 0.4278 -0.5130 0.7442
vn 0.3512 -0.0148 0.9362
vn 0.4501 -0.2088 0.8682
vn 0.1816 -0.3405 0.9225
vn 0.3270 -0.4311 0.8410
vn 0.6701 -0.2187 0.7093
vn 0.6763 -0.1866 0.7126
vn 0.4948 0.2329 0.8372
vn 0.6705 -0.1768 0.7206
vn 0.6687 -0.1536 0.7275
vn 0.7498 -0.0335 0.6609
vn 0.2922 -0.0820 0.9528
vn 0.5076 -0.1136 0.8541
vn 0.4687 -0.0736 0.8803
vn 0.6623 -0.1516 0.7338
vn 0.6012 -0.2691 0.7524
vn 0.6641 -0.1672 0.7287
vn 0.7483 -0.3201 0.5810
vn 0.4693 -0.4599 0.7538
vn 0.4661 -0.4674 0.7512
vn 0.6291 -0.4771 0.6137
vn 0.8738 -0.2120 0.4377
vn 0.4240 0.1124 0.8986
vn 0.5410 -0.5723 0.6163
vn 0.6265 -0.1970 0.7541
vn 0.7185 -0.2238 0.6585
vn 0.5577 -0.2289 0.7979
vn 0.6945 -0.0189 0.7193
vn 0.6273 0.1485 0.7645
vn 0.7660 -0.2038 0.6096
vn 0.2575 0.0056 0.9663
vn 0.6044 -0.1918 0.7732
vn 0.6355 -0.0815 0.7678
vn 0.4045 -0.2077 0.8906
vn 0.6898 -0.1209 0.7139
vn 0.5357 -0.3013 0.7889
vn 0.3607 -0.1806 0.9150
vn 0.8421 -0.1719 0.5112
vn 0.8324 -0.4150 0.3672
vn 0.8553 -0.2740 0.4397
vn 0.9291 -0.2054 0.3075
vn 0.8863 -0.1523 0.4374
vn 0.3622 0.2499 0.8980
vn 0.5110 -0.2113 0.8332
vn 0.2107 0.4384 0.8738
vn 0.6140 0.2315 0.7546
vn 0.1357 0.8337 0.5352
vn 0.5564 0.4237 0.7148
vn 0.1764 0.0046 0.9843
vn 0.7950 -0.0527 0.6043
vn 0.7876 0.5133 0.3410
vn 0.8146 0.5406 0.2102
vn 0.6865 -0.3401 0.6427
vn 0.7868 -0.2507 0.5640
vn 0.1626 0.5492 0.8197
vn 0.5092 -0.0290 0.8602
vn 0.4245 0.0580 0.9036
vn 0.6179 0.1374 0.7742
vn 0.5399 0.1580 0.8268
vn 0.6087 -0.1351 0.7819
vn 0.7165 0.1156 0.6879
vn -0.0974 0.4706 0.8769
vn 0.0300 0.5390 0.8417
vn 0.2441 0.0337 0.9692
vn 0.5150 0.2291 0.8260
vn 0.4375 0.0743 0.8961
vn 0.2402 -0.1255 0.9626
vn 0.4184 0.0902 0.9038
vn 0.3025 -0.0732 0.9503
vn 0.3640 -0.0872 0.9273
vn 0.6072 0.7413 0.2859
vn 0.2847 0.4256 0.8590
vn 0.4137 0.1828 0.8919
vn 0.5062 0.0489 0.8611
vn 0.7666 0.5260 0.3683
vn 0.3494 0.6730 0.6519
vn 0.6848 -0.1348 0.7162
vn 0.7517 -0.1137 0.6497
vn 0.7624 0.0018 0.6471
vn 0.3867 -0.1827 0.9039
vn 0.2080 -0.2068 0.9560
vn 0.6132 -0.3186 0.7229
vn 0.7976 -0.1969 0.5701
vn 0.8742 -0.2109 0.4374
vn 0.5589 0.1048 0.8226
vn 0.4438 -0.1534 0.8829
vn 0.7743 -0.3029 0.5557
vn 0.7794 -0.4438 0.4422
vn 0.8754 -0.1740 0.4509
vn 0.8866 -0.2070 0.4136
vn 0.6019 0.2592 0.7553
vn 0.4141 0.2669 0.8703
vn 0.5690 0.1429 0.8098
vn 0.4480 0.2531 0.8575
vn 0.3007 -0.1047 0.9480
vn 0.6607 0.7503 0.0236
vn 0.7073 0.7059 0.0377
vn 0.4637 0.8765 0.1295
vn 0.6548 0.7528 -0.0677
vn -0.3892 0.8048 -0.4482
vn -0.2581 0.8830 -0.3921
vn 0.6106 0.7765 0.1554
vn 0.8084 0.5886 -0.0045
vn 0.7036 0.7031 -0.1034
vn -0.1946 0.8800 -0.4333
vn -0.2573 0.8747 -0.4106
vn -0.4432 0.7205 -0.5333
vn -0.2619 0.7533 -0.6033
vn -0.0492 0.6171 -0.7853
vn -0.2848 0.8085 -0.5150
vn -0.1172 0.9143 -0.3878
vn -0.2022 0.7718 -0.6029
vn -0.3065 0.7691 -0.5609
vn -0.2720 0.7297 -0.6273
vn -0.1764 0.8438 -0.5068
vn -0.1957 0.8243 -0.5313
vn -0.2579 0.9114 -0.3207
vn 0.3169 0.8840 0.3436
vn 0.5040 0.7874 0.3550
vn 0.4372 0.7031 0.5609
vn 0.1915 0.7852 0.5888
vn 0.3128 0.8339 0.4546
vn 0.2267 0.9152 0.3331
vn 0.1528 0.8493 0.5053
vn 0.1419 0.8447 0.5162
vn -0.2239 0.7938 -0.5654
vn -0.2222 0.7961 -0.5630
vn -0.2396 0.8449 -0.4783
vn -0.0253 0.7793 -0.6261
vn 0.0027 0.9970 0.0778
vn 0.1393 0.9458 0.2935
vn 0.1989 0.8700 0.4512
vn 0.3205 0.7152 0.6211
vn 0.1151 0.8028 0.5851
vn 0.3792 0.8299 0.4092
vn -0.0452 0.9592 -0.2792
vn -0.0040 0.8326 0.5539
vn 0.4432 0.8821 -0.1597
vn -0.2186 0.8118 -0.5415
vn -0.2196 0.8207 -0.5275
vn 0.0027 0.9985 -0.0539
vn -0.0064 0.6631 -0.7485
vn 0.3984 0.9145 -0.0707
vn 0.5460 0.7686 0.3335
vn 0.1245 0.8626 0.4904
vn 0.3867 0.8117 0.4377
vn 0.6408 0.7334 -0.2271
vn 0.6898 0.7233 -0.0319
vn 0.2021 0.8861 -0.4170
vn 0.2097 0.7092 -0.6731
vn 0.6316 0.5681 -0.5276
vn 0.4084 0.6939 -0.5931
vn 0.4168 0.6972 -0.5833
vn -0.1815 0.6864 -0.7042
vn -0.3160 0.8195 -0.4782
vn 0.8022 0.5378 0.2592
vn 0.6806 0.6597 0.3186
vn 0.8001 0.5416 0.2580
vn 0.8650 0.4950 0.0821
vn 0.8492 0.4730 0.2347
vn -0.0977 0.9529 -0.2871
vn -0.0711 0.8162 -0.5734
vn -0.0941 0.8374 -0.5384
vn -0.6786 0.5646 -0.4698
vn -0.8130 0.2651 -0.5185
vn -0.2903 0.7599 -0.5815
vn -0.4038 0.8199 -0.4058
vn -0.2111 0.7485 -0.6287
vn -0.0835 0.8086 -0.5824
vn -0.1804 0.8905 0.4177
vn 0.5053 0.6548 0.5620
vn 0.2547 0.9187 0.3020
vn 0.4185 0.9036 0.0914
vn 0.5967 0.6567 0.4612
vn 0.6092 0.6850 0.3994
vn 0.3196 0.7866 0.5283
vn 0.2650 0.8023 0.5349
vn 0.3662 0.8040 0.4684
vn -0.2343 0.8319 0.5030
vn -0.7007 0.4314 0.5683
vn 0.1644 0.9424 0.2912
vn 0.1500 0.9111 0.3840
vn -0.3254 0.9255 0.1935
vn -0.8533 0.3034 0.4241
vn -0.8720 0.4880 0.0393
vn -0.7410 0.6706 0.0364
vn -0.0616 0.9942 0.0883
vn 0.1296 0.3833 -0.9145
vn 0.1017 0.3434 -0.9336
vn -0.1113 0.3777 -0.9192
vn 0.0652 0.2236 -0.9725
vn 0.1329 0.5481 -0.8258
vn -0.1142 0.4734 -0.8734
vn 0.0924 0.5795 -0.8097
vn -0.1448 -0.1422 -0.9792
vn -0.0779 0.1255 -0.9890
vn -0.2199 0.1496 -0.9640
vn 0.0185 -0.0176 -0.9997
vn 0.4177 0.0912 -0.9040
vn -0.0258 0.1091 -0.9937
vn 0.3089 0.0837 -0.9474
vn -0.0557 0.4390 -0.8968
vn 0.2499 0.2931 -0.9229
vn 0.2896 0.2045 -0.9351
vn 0.2918 0.2031 -0.9347
vn 0.2240 0.5354 -0.8143
vn -0.0300 0.4992 -0.8660
vn 0.0665 -0.2954 -0.9530
vn 0.1470 0.0046 -0.9891
vn -0.0594 0.0707 -0.9957
vn -0.5196 0.2112 -0.8279
vn 0.2163 0.2377 -0.9470
vn -0.3494 0.5322 -0.7712
vn 0.3758 0.2330 -0.8969
vn 0.2324 0.3482 -0.9082
vn 0.2751 0.4177 -0.8659
vn 0.6893 -0.3911 -0.6099
vn 0.2910 0.4549 -0.8416
vn 0.3047 0.4803 -0.8225
vn 0.3026 0.4601 -0.8347
vn 0.1670 -0.1061 -0.9802
vn 0.3145 0.0989 -0.9441
vn 0.0890 0.5436 -0.8346
vn 0.3119 -0.0314 -0.9496
vn -0.5820 -0.2451 -0.7754
vn -0.1166 -0.4768 -0.8713
vn 0.2181 0.0198 -0.9757
vn -0.3502 -0.5629 -0.7487
vn -0.3658 -0.5492 -0.7514
vn -0.2226 0.3888 -0.8940
vn -0.1960 0.3968 -0.8967
vn -0.1494 0.2946 -0.9439
vn -0.2403 0.4302 -0.8702
vn -0.1990 0.4366 -0.8774
vn -0.3967 0.5948 -0.6992
vn -0.2697 0.5256 -0.8069
vn -0.7269 0.0114 -0.6867
vn -0.0820 0.2803 -0.9564
vn -0.3724 0.1072 -0.9219
vn -0.3846 0.2295 -0.8941
vn -0.0457 -0.3200 -0.9463
vn -0.6563 0.2746 -0.7027
vn -0.3136 -0.2680 -0.9110
vn -0.2330 -0.3920 -0.8900
vn -0.1929 -0.0563 -0.9796
vn -0.5113 -0.5600 -0.6519
vn -0.0502 -0.2086 -0.9767
vn 0.0575 0.5171 -0.8540
vn 0.0366 0.5199 -0.8534
vn -0.0707 0.6086 -0.7903
vn -0.4427 0.0336 -0.8961
vn -0.3835 0.2788 -0.8804
vn -0.2741 0.1610 -0.9481
vn -0.2914 0.2700 -0.9177
vn -0.2841 -0.7414 -0.6080
vn -0.3237 0.0118 -0.9461
vn -0.6308 0.0529 -0.7741
vn 0.0727 0.3897 -0.9181
vn -0.1046 0.1552 -0.9823
vn 0.0108 0.9017 -0.4323
vn -0.2209 0.2063 -0.9532
vn -0.2474 0.2375 -0.9394
vn 0.3581 0.0073 -0.9336
vn -0.1029 0.3669 -0.9246
vn 0.1602 0.1597 -0.9741
vn -0.1813 0.2608 -0.9482
vn -0.0848 0.2409 -0.9668
vn -0.0588 -0.0038 -0.9983
vn -0.1203 0.0773 -0.9897
vn -0.0854 -0.7442 -0.6625
vn 0.1667 0.9855 -0.0307
vn 0.1027 0.9391 -0.3278
vn 0.5211 0.4240 -0.7408
vn 0.1279 0.5709 -0.8110
vn 0.2760 0.4261 -0.8615
vn 0.8785 0.4434 -0.1780
vn 0.4510 0.4141 -0.7906
vn 0.4955 0.5109 -0.7024
vn -0.1565 0.6184 -0.7701
vn 0.5121 0.3791 -0.7708
vn -0.0002 0.4833 -0.8754
vn -0.1495 0.0700 -0.9863
vn -0.0659 0.1667 -0.9838
vn -0.0993 0.1836 -0.9780
vn 0.5687 -0.2773 -0.7744
vn -0.1337 0.1484 -0.9798
vn 0.5902 -0.4018 -0.7001
vn 0.5991 -0.3960 -0.6958
vn 0.5904 -0.5502 -0.5904
vn -0.2451 0.0010 -0.9695
vn 0.5689 -0.4772 -0.6698
vn 0.0284 -0.6319 -0.7746
vn -0.1465 -0.0545 -0.9877
vn -0.2815 -0.5113 -0.8120
vn -0.3595 -0.5181 -0.7761
vn -0.4783 -0.3738 -0.7946
vn -0.6004 -0.4996 -0.6244
vn -0.5799 -0.4497 -0.6794
vn -0.4866 -0.6439 -0.5904
vn -0.4228 -0.5683 -0.7059
vn -0.1304 -0.6342 -0.7620
vn 0.0343 -0.6628 -0.7480
vn -0.1095 -0.8533 -0.5098
vn 0.1922 -0.6151 -0.7646
vn -0.4418 -0.2697 -0.8556
vn -0.2314 -0.7996 -0.5541
vn -0.3242 -0.3223 -0.8894
vn -0.2438 -0.1151 -0.9630
vn -0.0189 -0.0271 -0.9995
vn 0.0590 0.1087 -0.9923
vn -0.3833 0.1387 -0.9131
vn 0.1594 -0.0544 -0.9857
vn 0.0053 0.3440 -0.9390
vn -0.0707 0.3443 -0.9362
vn -0.6509 0.2195 -0.7267
vn -0.0947 0.2583 -0.9614
vn -0.0483 0.1626 -0.9855
vn -0.7758 0.1517 -0.6124
vn -0.5491 0.6944 -0.4651
vn -0.5309 0.6971 -0.4818
vn -0.0754 0.0864 -0.9934
vn 0.0145 0.9197 -0.3924
vn 0.1522 0.8693 -0.4703
vn -0.0431 0.8711 -0.4891
vn -0.3342 0.8082 -0.4848
vn -0.1499 0.1673 -0.9744
vn -0.2494 0.1910 -0.9494
vn -0.2892 0.8270 -0.4821
vn -0.1168 0.2211 -0.9682
vn -0.3083 0.8240 -0.4753
vn -0.3300 0.7232 -0.6067
vn 0.3758 0.7861 -0.4908
vn 0.1848 0.8237 -0.5361
vn 0.3996 0.7980 -0.4512
vn 0.3859 0.8085 -0.4444
vn 0.6614 0.6265 -0.4124
vn 0.6417 0.7594 -0.1074
vn 0.1005 -0.9945 -0.0294
vn 0.2007 -0.9715 -0.1263
vn 0.1975 -0.9759 -0.0930
vn 0.1058 -0.9935 0.0426
vn 0.1588 -0.9397 -0.3030
vn 0.0303 -0.9789 -0.2023
vn 0.1289 -0.9350 -0.3304
vn 0.1193 -0.9405 -0.3181
vn 0.1994 -0.9214 -0.3337
vn 0.5333 -0.7535 0.3845
vn 0.6121 -0.6883 0.3894
vn 0.5005 -0.7955 0.3415
vn 0.1094 -0.9786 -0.1740
vn 0.0898 -0.9636 0.2517
vn 0.2830 -0.9587 -0.0283
vn 0.2878 -0.9401 -0.1825
vn 0.1902 -0.9755 -0.1106
vn -0.2877 -0.9555 -0.0653
vn -0.0974 -0.9458 -0.3098
vn -0.0812 -0.9958 0.0412
vn -0.3615 -0.8805 -0.3066
vn -0.0464 -0.8583 -0.5110
vn -0.3225 -0.9321 -0.1647
vn 0.0907 -0.9959 0.0011
vn 0.2534 -0.9336 0.2534
vn -0.3031 -0.7762 0.5528
vn -0.2126 -0.7785 0.5905
vn -0.0321 -0.9671 0.2524
vn -0.0286 -0.9995 -0.0095
vn -0.0825 -0.9935 0.0780
vn -0.2916 -0.9423 0.1643
vn -0.1273 -0.9915 0.0283
vn -0.1343 -0.9883 0.0721
vn -0.2429 -0.9480 -0.2057
vn -0.0568 -0.9821 -0.1794
vn -0.0787 -0.9954 -0.0548
vn -0.3023 -0.9518 0.0512
vn -0.2265 -0.9739 0.0116
vn -0.3122 -0.8993 0.3063
vn -0.0995 -0.2378 0.9662
vn -0.5015 -0.7796 -0.3750
vn -0.0218 -0.9978 0.0627
vn 0.2141 -0.9768 0.0095
vn -0.1065 -0.9943 0.0094
vn 0.2186 -0.9720 -0.0858
vn -0.4310 -0.9021 0.0222
vn 0.0544 -0.9173 0.3945
vn 0.1670 -0.9726 -0.1615
vn -0.1514 -0.8917 0.4266
vn -0.1241 -0.9918 0.0291
vn -0.2373 -0.9624 0.1319
vn -0.1255 -0.9853 0.1155
vn -0.1337 -0.8149 0.5640
vn -0.4889 -0.7488 -0.4475
vn -0.4315 -0.6425 -0.6332
vn -0.2827 -0.9436 0.1725
vn -0.3958 -0.7001 -0.5944
vn -0.3171 -0.9474 0.0434
vn -0.2700 -0.9618 0.0450
vn 0.0001 -0.9356 0.3530
vn -0.2451 -0.9463 -0.2106
vn 0.3165 -0.8216 0.4742
vn 0.1049 -0.5370 0.8370
vn -0.2498 -0.7337 -0.6319
vn -0.3017 -0.9534 -0.0062
vn -0.3139 -0.9341 0.1701
vn -0.1796 -0.9576 0.2252
vn -0.1671 -0.9783 -0.1228
vn -0.1265 -0.9914 -0.0345
vn -0.2291 -0.9679 -0.1033
vn -0.1286 -0.9909 -0.0407
vn -0.2290 -0.9678 -0.1045
vn -0.1427 -0.9812 -0.1299
vn -0.2819 -0.9366 -0.2080
vn -0.2264 -0.9621 -0.1519
vn 0.1627 -0.9575 0.2382
vn 0.1570 -0.9724 0.1725
vn -0.1979 -0.9691 0.1476
vn 0.1418 -0.5094 0.8488
vn 0.5874 -0.5444 -0.5988
vn 0.1647 -0.9836 -0.0734
vn 0.1258 -0.9869 -0.1015
vn 0.0291 -0.9947 -0.0986
vn 0.0211 -0.9971 -0.0731
vn 0.0574 -0.9973 -0.0460
vn 0.6572 -0.7459 0.1081
vn 0.6451 -0.6100 0.4601
vn 0.1851 -0.9819 -0.0396
vn 0.7480 -0.6631 0.0288
vn 0.7124 -0.6749 -0.1924
vn 0.4300 -0.7240 0.5394
vn 0.4660 -0.6541 0.5957
vn 0.5222 -0.6790 0.5161
vn 0.5390 -0.6668 0.5146
vn 0.6034 -0.5790 0.5484
vn 0.5659 -0.5642 0.6012
vn 0.2675 -0.7688 0.5809
vn -0.3966 -0.6005 0.6943
vn -0.3923 -0.7500 0.5325
vn -0.2689 -0.6734 0.6886
vn 0.0923 -0.5382 0.8378
vn 0.0719 -0.4881 0.8698
vn 0.2489 -0.5627 0.7883
vn 0.1899 -0.5718 0.7981
vn 0.0958 -0.4726 0.8760
vn -0.2770 -0.4703 0.8379
vn 0.2454 -0.2015 0.9482
vn 0.0517 -0.4593 0.8868
vn 0.2698 0.0528 0.9615
vn -0.2284 -0.5505 0.8030
vn -0.3582 -0.6479 0.6723
vn -0.4491 -0.8590 -0.2457
vn -0.6644 -0.7328 -0.1470
vn -0.4494 -0.8522 -0.2681
vn -0.6556 -0.7497 -0.0906
vn -0.6216 -0.7235 -0.3003
vn -0.6050 -0.7945 -0.0530
vn -0.6267 -0.7641 0.1530
vn -0.3007 -0.9442 -0.1348
vn -0.6033 -0.7961 -0.0481
vn -0.5726 -0.8110 0.1201
vn -0.5715 -0.6060 -0.5533
vn -0.4005 -0.8308 -0.3865
vn -0.5519 -0.6091 -0.5696
vn -0.4379 -0.8292 -0.3475
vn -0.2884 -0.7994 -0.5271
vn -0.1984 -0.8285 -0.5236
vn -0.5292 -0.7031 -0.4750
vn -0.2818 -0.8730 -0.3980
vn -0.5031 -0.6812 -0.5318
vn -0.3204 -0.7227 -0.6124
vn -0.4792 -0.6801 -0.5548
vn -0.2921 -0.7780 -0.5562
vn 0.0262 -0.9722 -0.2329
vn 0.2345 -0.9508 -0.2022
vn -0.8716 -0.4886 0.0409
vn -0.9239 -0.3575 0.1360
vn -0.8363 -0.5439 -0.0689
vn -0.9086 -0.3694 -0.1949
vn -0.7810 -0.5617 -0.2729
vn -0.6936 -0.7181 -0.0573
vn -0.8025 -0.4874 -0.3441
vn -0.7628 -0.4806 -0.4326
vn -0.7783 -0.5083 -0.3687
vn -0.9918 0.0031 0.1274
vn -0.9612 0.2611 0.0893
vn -0.9529 -0.1015 0.2858
vn -0.9918 -0.1272 0.0133
vn -0.9812 -0.1876 0.0445
vn -0.8474 -0.4959 0.1899
vn -0.8099 -0.5810 0.0808
vn -0.8760 -0.4561 -0.1568
vn -0.9763 -0.1943 -0.0951
vn -0.9597 0.0887 0.2666
vn -0.9412 -0.1106 0.3192
vn -0.9659 -0.0474 0.2546
vn -0.9635 0.0918 0.2516
vn -0.9665 0.0733 0.2459
vn -0.9958 -0.0840 0.0371
vn -0.9948 -0.0883 0.0508
vn -0.9308 0.0211 -0.3648
vn -0.9751 0.0401 -0.2181
vn -0.9628 -0.0426 -0.2668
vn -0.9644 0.2289 -0.1326
vn -0.8539 0.1200 -0.5063
vn -0.8551 0.0393 -0.5170
vn -0.9645 0.2270 -0.1349
vn -0.9573 -0.1522 -0.2460
vn -0.8975 -0.0569 0.4373
vn -0.9280 -0.0836 0.3630
vn -0.9639 0.0994 0.2472
vn -0.9794 0.0851 0.1830
vn -0.9682 0.2431 -0.0599
vn -0.9704 -0.0178 -0.2410
vn -0.9644 0.2365 -0.1185
vn -0.9159 0.1901 -0.3534
vn -0.9023 0.3172 0.2922
vn -0.9457 0.3185 -0.0652
vn -0.9979 -0.0633 -0.0135
vn -0.8541 -0.1158 -0.5071
vn -0.9468 0.3218 0.0011
vn -0.9022 -0.0093 -0.4313
vn -0.9286 -0.1604 0.3346
vn -0.9774 -0.1836 0.1050
vn -0.9662 -0.1904 0.1737
vn -0.9824 -0.1168 -0.1460
vn -0.9736 -0.1000 -0.2054
vn -0.9483 0.2311 0.2174
vn -0.8325 0.5511 0.0571
vn -0.8963 0.4413 0.0438
vn -0.9890 -0.0934 -0.1147
vn -0.9646 -0.0389 -0.2610
vn -0.7856 0.5998 -0.1520
vn -0.7504 0.5901 -0.2978
vn -0.9512 -0.0090 0.3084
vn -0.9829 -0.0238 -0.1827
vn -0.9366 0.3414 -0.0796
vn -0.8926 0.2721 0.3595
vn -0.9337 0.2906 0.2090
vn -0.8761 0.4822 -0.0037
vn -0.8785 0.4728 -0.0684
vn -0.9336 0.2967 0.2009
vn -0.7043 0.5685 -0.4251
vn -0.7922 0.3665 -0.4880
vn -0.7311 0.5075 -0.4559
vn -0.7773 0.3909 -0.4929
vn -0.9793 0.2024 0.0014
vn -0.9684 0.2428 -0.0560
vn -0.9796 0.1716 -0.1043
vn -0.8938 0.3902 0.2211
vn -0.9132 0.3364 0.2300
vn -0.9181 0.2989 0.2605
vn -0.9220 0.3772 -0.0879
vn -0.5156 -0.7479 -0.4180
vn -0.3943 -0.8659 -0.3079
vn -0.4698 -0.8337 -0.2902
vn -0.6281 -0.7719 0.0980
vn -0.6687 -0.7303 0.1394
vn -0.5165 -0.8496 -0.1065
vn -0.7943 -0.4541 -0.4035
vn -0.5768 -0.7999 -0.1658
vn -0.7828 -0.6119 -0.1135
vn -0.4615 -0.8035 -0.3760
vn -0.5389 -0.8012 -0.2604
vn -0.5053 -0.8155 -0.2823
vn -0.3564 -0.7229 0.5919
vn 0.0805 -0.7572 0.6483
vn 0.2232 -0.7238 0.6529
vn -0.0380 -0.4803 0.8763
vn -0.5419 -0.7562 0.3669
vn -0.3886 -0.8442 0.3691
vn -0.5818 -0.7052 0.4053
vn -0.7550 -0.0088 0.6557
vn -0.9000 0.1280 0.4167
vn -0.8861 0.3215 0.3338
vn -0.8494 0.3477 0.3971
vn -0.8925 0.3071 0.3305
vn -0.9269 0.1261 0.3535
vn -0.8076 0.2901 0.5135
vn -0.8905 0.3198 0.3235
vn -0.8605 0.4591 0.2208
vn -0.4810 0.4182 0.7705
vn -0.6161 0.2743 0.7384
vn -0.7002 0.4416 0.5609
vn -0.8151 0.4527 0.3614
vn -0.8777 0.0189 0.4788
vn -0.8635 0.4403 0.2462
vn -0.8644 0.1909 0.4652
vn -0.9294 0.3150 -0.1924
vn -0.9797 0.1771 -0.0938
vn -0.8999 0.3715 -0.2284
vn -0.7829 0.4730 -0.4042
vn -0.6920 0.2607 -0.6732
vn -0.7088 0.2282 -0.6675
vn -0.8554 0.4359 -0.2798
vn -0.8492 0.4644 -0.2512
vn -0.8716 0.4626 -0.1622
vn -0.7228 0.6459 -0.2459
vn -0.7187 0.6138 -0.3268
vn -0.8294 0.5581 0.0242
vn -0.6806 0.6939 -0.2352
vn -0.6265 0.7290 -0.2757
vn -0.9851 -0.0482 -0.1650
vn -0.9781 -0.0269 -0.2065
vn -0.7249 0.6876 -0.0412
vn -0.9853 0.1268 -0.1148
vn -0.9764 0.0987 -0.1921
vn -0.9956 0.0548 -0.0764
vn -0.9892 0.1164 -0.0887
vn -0.9888 0.1461 0.0298
vn -0.9959 0.0465 -0.0782
vn -0.9943 0.0875 -0.0606
vn -0.9139 0.0942 -0.3948
vn -0.8840 -0.4600 0.0830
vn -0.9886 0.1480 0.0275
vn -0.8941 -0.4375 0.0955
vn -0.7978 -0.5018 -0.3341
vn -0.5070 -0.8044 -0.3097
vn 0.9839 0.1161 -0.1362
vn 0.9919 -0.0964 -0.0832
vn 0.9561 0.2742 -0.1030
vn 0.9885 -0.0295 -0.1483
vn 0.9409 -0.0013 -0.3386
vn 0.9898 0.0703 0.1237
vn 0.9396 0.0986 -0.3277
vn 0.9549 0.2004 -0.2189
vn 0.9525 0.1956 -0.2332
vn 0.5505 -0.7008 0.4536
vn 0.6714 -0.6640 -0.3291
vn 0.6407 -0.4406 0.6288
vn 0.7838 -0.5886 -0.1979
vn 0.7260 -0.6842 0.0685
vn 0.9450 -0.1180 -0.3052
vn 0.9601 -0.2649 -0.0892
vn 0.9510 -0.0999 -0.2927
vn 0.9338 -0.1738 0.3129
vn 0.9946 -0.0083 -0.1033
vn 0.9868 -0.1048 0.1234
vn 0.7615 -0.4451 -0.4712
vn 0.6529 -0.5085 -0.5614
vn 0.7469 0.3225 -0.5815
vn 0.8800 0.4281 -0.2055
vn 0.8012 0.3169 -0.5076
vn 0.7063 -0.4995 -0.5016
vn 0.9605 -0.2424 -0.1368
vn 0.6632 -0.3788 -0.6455
vn 0.4825 -0.4751 -0.7359
vn 0.5325 -0.4124 -0.7392
vn 0.8549 -0.3114 -0.4149
vn 0.9639 -0.1154 -0.2399
vn 0.9999 -0.0041 0.0133
vn 0.9357 0.3500 0.0444
vn 0.9785 -0.1849 -0.0915
vn 0.9539 0.1600 -0.2538
vn 0.9724 -0.1443 -0.1834
vn 0.9708 -0.2346 -0.0502
vn 0.9348 0.0207 -0.3545
vn 0.9735 0.1966 0.1168
vn 0.7598 -0.6300 0.1606
vn 0.9836 -0.1414 0.1122
vn 0.9192 0.3695 -0.1360
vn 0.9464 0.3071 -0.0998
vn 0.9666 0.2547 -0.0268
vn 0.9534 0.2796 -0.1134
vn 0.9444 0.3194 -0.0785
vn 0.9824 0.1784 0.0546
vn 0.9932 -0.1035 0.0535
vn 0.9318 0.3431 -0.1179
vn 0.5864 0.7728 0.2427
vn 0.6506 0.7381 0.1786
vn 0.6578 0.7381 0.1500
vn 0.8286 0.5592 -0.0267
vn 0.8952 0.4435 -0.0439
vn 0.9358 0.1247 -0.3297
vn 0.4829 0.8155 0.3190
vn 0.9703 0.2257 -0.0875
vn 0.7528 0.2947 -0.5886
vn 0.7969 0.3749 -0.4737
vn 0.8004 0.1631 -0.5768
vn 0.6948 0.3088 -0.6495
vn 0.7293 0.3640 -0.5793
vn 0.6950 0.0583 -0.7166
vn 0.8900 0.3225 -0.3223
vn 0.6233 -0.6807 0.3849
vn 0.6262 -0.5595 0.5429
vn 0.5704 -0.5415 0.6176
vn 0.7252 -0.4500 0.5212
vn -0.1580 0.4411 0.8834
vn 0.6174 -0.7386 -0.2706
vn 0.5893 -0.5346 0.6058
vn 0.7038 -0.5405 0.4609
vn 0.6708 -0.7370 0.0829
vn 0.6417 -0.6926 -0.3294
vn 0.5825 -0.5973 0.5513
vn 0.7778 -0.4674 0.4201
vn 0.8781 0.0038 0.4784
vn 0.8849 -0.0219 0.4653
vn 0.8203 0.0740 0.5671
vn 0.8345 -0.1302 0.5354
vn 0.8232 -0.2863 -0.4902
vn 0.7742 -0.4877 -0.4035
vn 0.6726 -0.4896 -0.5549
vn 0.7664 0.1143 -0.6321
vn 0.6660 -0.6035 -0.4385
vn 0.7440 0.1385 -0.6536
vn 0.7229 0.2354 -0.6497
vn 0.7212 0.2208 -0.6567
vn 0.7085 0.2544 -0.6582
vn 0.8980 0.1791 -0.4020
vn 0.7059 -0.4946 -0.5070
vn 0.6739 -0.5947 -0.4384
vn 0.6257 -0.7563 0.1910
vn 0.6913 -0.7068 0.1505
vn 0.6288 -0.7627 0.1511
vn -0.1620 0.6257 0.7631
vn 0.3129 0.6767 0.6664
vn 0.0534 0.8548 0.5163
vn -0.3333 0.6619 0.6714
vn -0.1323 0.6808 0.7204
vn -0.2464 0.3610 0.8994
vn -0.3018 0.8625 0.4062
vn -0.1859 0.9060 0.3802
vn 0.2984 0.8584 0.4172
vn -0.1142 0.2920 0.9496
vn -0.0190 0.0870 0.9960
vn 0.2149 0.4005 0.8907
vn 0.0802 0.1149 0.9901
vn -0.0151 0.3849 0.9228
vn -0.3513 0.5432 0.7626
vn -0.2492 0.7444 0.6194
vn 0.2599 0.1707 0.9504
vn 0.1877 0.2472 0.9506
vn 0.2471 0.2513 0.9358
vn 0.0451 0.2605 0.9644
vn -0.1813 0.3141 0.9319
vn 0.0858 0.0438 0.9953
vn 0.2688 0.3968 0.8777
vn 0.0357 0.1284 0.9911
vn -0.2698 0.7852 0.5574
vn 0.5041 0.0316 0.8631
vn 0.4635 -0.0862 0.8819
vn -0.0768 0.6274 0.7749
vn 0.3226 0.6530 0.6852
vn 0.0999 0.5811 0.8077
vn 0.2495 0.4839 0.8388
vn -0.0563 0.4396 0.8964
vn 0.5438 0.2436 0.8031
vn 0.2717 0.6305 0.7271
vn 0.4966 0.5396 0.6798
vn 0.5467 0.2486 0.7996
vn 0.2936 0.6496 0.7013
vn 0.2993 0.8078 0.5078
vn 0.0233 0.5977 0.8014
vn 0.0447 0.7961 0.6035
vn 0.3239 0.4536 0.8302
vn 0.0352 0.3427 0.9388
vn 0.0110 0.3646 0.9311
vn -0.1677 0.6697 0.7234
vn -0.0777 0.5740 0.8152
vn -0.0987 0.5098 0.8546
vn -0.2322 0.6868 0.6888
vn -0.2771 0.6098 0.7426
vn -0.3258 0.0066 0.9454
vn 0.0840 0.6109 0.7872
vn -0.4199 0.1978 0.8858
vn -0.3780 0.2603 0.8885
vn 0.4337 0.7626 0.4799
vn -0.0160 0.2473 0.9688
vn -0.1297 0.3548 0.9259
vn 0.2691 0.6213 0.7359
vn 0.3732 0.5909 0.7152
vn 0.4854 0.4960 0.7200
vn 0.4366 0.5130 0.7390
vn -0.1929 0.6734 0.7137
vn -0.1636 0.6320 0.7575
vn -0.2580 0.5474 0.7961
vn -0.1595 0.6992 0.6969
vn 0.0180 0.6407 0.7676
vn 0.3406 0.7078 0.6189
vn 0.1199 0.8012 0.5862
vn 0.0645 0.8544 0.5156
vn 0.3447 0.6857 0.6411
vn 0.3289 0.6721 0.6634
vn 0.1018 0.7574 0.6450
vn 0.0779 0.9226 0.3778
vn -0.2806 0.3668 0.8870
vn 0.5607 0.2021 0.8030
vn 0.0206 0.3198 0.9472
vn 0.2214 0.0827 0.9717
vn 0.1005 0.2858 0.9530
vn 0.1591 0.0809 0.9839
vn 0.2537 0.0672 0.9650
vn -0.2057 -0.2590 0.9437
vn 0.4262 0.5440 0.7227
vn -0.1001 0.4653 0.8795
vn 0.2446 0.8411 0.4825
vn -0.0677 0.5424 0.8374
vn 0.3721 -0.3585 0.8562
vn 0.4302 -0.1672 0.8871
vn 0.3534 0.1204 0.9277
vn 0.5732 -0.4163 0.7058
vn 0.2173 -0.0176 0.9759
vn 0.0272 0.5377 0.8427
vn -0.2918 0.3925 0.8723
vn -0.1329 0.5484 0.8256
vn -0.1278 0.4924 0.8610
vn 0.5785 -0.1426 0.8031
vn 0.5346 -0.0328 0.8445
vn 0.4367 -0.3224 0.8398
vn -0.4449 -0.1370 0.8850
vn -0.3254 -0.1144 0.9386
vn 0.3481 -0.4588 0.8175
vn 0.7407 -0.0325 0.6711
vn 0.4242 0.0790 0.9021
vn 0.7557 -0.4051 0.5146
vn 0.6865 -0.2822 0.6701
vn 0.5259 -0.1266 0.8411
vn 0.4758 -0.3165 0.8206
vn 0.3491 -0.3328 0.8760
vn 0.5929 -0.2568 0.7633
vn 0.6645 -0.1576 0.7305
vn 0.7638 -0.4624 0.4503
vn 0.2771 -0.4026 0.8724
vn 0.2970 -0.0373 0.9541
vn 0.6709 -0.2210 0.7078
vn 0.4119 0.1759 0.8941
vn 0.5225 0.0754 0.8493
vn 0.6812 -0.1352 0.7195
vn 0.7313 0.0557 0.6797
vn 0.2802 -0.1901 0.9409
vn 0.8081 -0.0803 0.5835
vn 0.5412 -0.0710 0.8379
vn 0.5291 0.6543 0.5403
vn 0.4884 0.0612 0.8705
vn 0.3612 -0.1849 0.9140
vn 0.6656 -0.1632 0.7282
vn 0.7012 -0.2222 0.6775
vn 0.6349 -0.5268 0.5651
vn 0.3673 -0.4747 0.7998
vn 0.7725 -0.1641 0.6135
vn 0.5693 0.2407 0.7861
vn 0.7976 0.0970 0.5954
vn 0.7768 0.1267 0.6169
vn 0.6727 -0.5489 0.4962
vn 0.4104 0.1170 0.9044
vn 0.6253 0.2811 0.7280
vn 0.5941 0.2362 0.7689
vn 0.6171 -0.0491 0.7854
vn 0.7483 0.1131 0.6536
vn 0.5772 0.1046 0.8099
vn 0.9429 -0.0081 0.3330
vn 0.5908 -0.0632 0.8043
vn 0.6963 0.3552 0.6237
vn 0.7711 0.0051 0.6367
vn 0.8564 -0.1237 0.5013
vn 0.8523 -0.0421 0.5214
vn 0.3161 -0.0783 0.9455
vn 0.3519 -0.1508 0.9238
vn 0.3821 -0.1410 0.9133
vn 0.3698 -0.1723 0.9130
vn 0.4235 0.1139 0.8987
vn 0.5652 0.0969 0.8192
vn 0.7540 0.0989 0.6494
vn 0.4819 0.0289 0.8757
vn 0.7517 -0.1388 0.6448
vn 0.8346 -0.1553 0.5285
vn 0.8327 -0.3326 0.4428
vn 0.3934 -0.1426 0.9082
vn 0.2478 0.3422 0.9064
vn 0.6219 0.4510 0.6402
vn 0.8716 -0.1132 0.4769
vn 0.6807 0.5885 0.4362
vn 0.8255 0.4385 0.3553
vn 0.0801 0.6863 0.7229
vn 0.2559 0.4396 0.8610
vn 0.3703 -0.1692 0.9134
vn 0.3498 -0.2176 0.9112
vn 0.3745 0.0391 0.9264
vn 0.2843 -0.3681 0.8852
vn 0.6241 0.0259 0.7809
vn 0.7019 0.1164 0.7027
vn 0.5272 0.1965 0.8267
vn -0.1319 0.4199 0.8979
vn 0.3535 -0.0684 0.9329
vn 0.5063 -0.0665 0.8598
vn 0.4778 0.1402 0.8672
vn 0.5222 0.8070 0.2759
vn 0.7004 0.6355 0.3249
vn 0.2786 0.8527 0.4418
vn 0.4746 0.7295 0.4926
vn 0.5293 0.6549 0.5394
vn 0.3603 0.6391 0.6795
vn 0.4575 0.5306 0.7135
vn 0.3633 0.6483 0.6691
vn 0.1744 0.7462 0.6425
vn 0.7513 0.0340 0.6591
vn 0.7424 -0.0210 0.6696
vn 0.4701 -0.0163 0.8825
vn 0.4905 0.0774 0.8680
vn 0.5149 0.0828 0.8533
vn 0.8271 -0.1390 0.5445
vn 0.1719 -0.2990 0.9386
vn 0.5936 -0.1290 0.7944
vn 0.4379 -0.4426 0.7825
vn -0.2073 0.8287 -0.5199
vn 0.6236 0.1294 0.7709
vn 0.8784 -0.3013 0.3709
vn 0.4370 0.1194 0.8915
vn 0.5709 0.0660 0.8183
vn 0.3541 -0.1481 0.9234
vn 0.5464 0.1663 0.8209
vn 0.3631 0.1085 0.9254
vn 0.5962 0.7980 0.0878
vn 0.5917 0.8015 0.0863
vn 0.5012 0.8557 -0.1290
vn 0.7584 0.6514 0.0217
vn 0.6928 0.7170 -0.0775
vn -0.2743 0.8823 -0.3825
vn 0.8195 0.5703 0.0561
vn 0.6853 0.7278 0.0234
vn 0.7877 0.6110 0.0787
vn 0.3125 0.9263 0.2107
vn -0.0340 0.9939 -0.1046
vn 0.0270 0.9570 -0.2888
vn -0.1973 0.8879 -0.4157
vn -0.0669 0.9674 -0.2441
vn -0.3218 -0.0689 -0.9443
vn -0.3117 0.7034 -0.6388
vn -0.2067 0.6648 -0.7179
vn -0.3161 0.6801 -0.6614
vn -0.2195 0.9263 -0.3062
vn -0.1728 0.8031 -0.5702
vn -0.2962 0.7669 -0.5693
vn -0.0364 0.6245 -0.7801
vn -0.1850 0.7988 -0.5725
vn -0.2053 0.8949 -0.3962
vn -0.3319 0.6989 -0.6336
vn 0.1269 0.9275 0.3517
vn 0.4903 0.8190 0.2980
vn 0.2570 0.9263 0.2755
vn 0.4546 0.7926 0.4064
vn 0.4280 0.8217 0.3764
vn 0.3653 0.7889 0.4942
vn 0.3514 0.7342 0.5810
vn 0.3231 0.8186 0.4749
vn 0.1963 0.9432 0.2679
vn 0.1890 0.9565 0.2224
vn 0.0852 0.9315 0.3536
vn -0.0284 0.9996 0.0085
vn 0.4298 0.7684 0.4742
vn 0.4033 0.8203 0.4055
vn 0.3810 0.7747 0.5047
vn -0.2060 0.8492 -0.4863
vn -0.0772 0.7159 -0.6939
vn 0.0727 0.9634 0.2580
vn -0.0971 0.9766 0.1917
vn 0.2827 0.9490 0.1396
vn 0.2475 0.8190 0.5177
vn -0.0139 0.7404 0.6721
vn 0.0925 0.6998 0.7084
vn 0.0883 0.8190 0.5670
vn 0.0888 0.8359 0.5417
vn 0.2044 0.9750 0.0872
vn 0.0219 0.9110 0.4118
vn 0.1064 0.9322 0.3460
vn 0.2201 0.8466 0.4845
vn 0.3958 0.7999 0.4512
vn 0.4255 0.9046 0.0243
vn 0.4538 0.8909 -0.0180
vn 0.6513 0.7492 -0.1206
vn 0.7436 0.6658 0.0611
vn 0.7051 0.7077 -0.0453
vn 0.4082 0.5642 -0.7177
vn -0.2961 0.8295 -0.4735
vn 0.6628 0.6637 0.3466
vn 0.5911 0.7182 0.3671
vn 0.6692 0.6704 0.3205
vn 0.7376 0.6276 0.2490
vn 0.6687 0.6990 0.2534
vn 0.0535 0.7890 0.6121
vn 0.0892 0.7576 0.6466
vn -0.0219 0.9287 -0.3702
vn -0.5119 0.7171 -0.4731
vn -0.3007 0.8347 -0.4614
vn -0.2736 0.7510 -0.6010
vn -0.2350 0.8395 -0.4899
vn -0.8386 0.5314 0.1194
vn -0.8583 0.5000 0.1157
vn -0.3644 0.7521 -0.5492
vn -0.4265 0.8074 -0.4077
vn -0.2058 0.7323 -0.6491
vn -0.6622 0.6552 -0.3637
vn -0.2984 0.8031 -0.5157
vn -0.2338 0.8780 -0.4178
vn -0.2203 0.7011 -0.6782
vn -0.3886 0.6563 -0.6467
vn -0.5437 0.7660 -0.3431
vn -0.2910 0.7854 -0.5463
vn -0.4937 0.6686 -0.5560
vn -0.3726 0.8365 -0.4018
vn -0.3244 0.8531 -0.4087
vn -0.0990 0.8850 0.4549
vn 0.5456 0.6519 0.5267
vn 0.4532 0.6862 0.5689
vn 0.2882 0.7143 0.6378
vn 0.3018 0.7113 0.6348
vn -0.0768 0.8518 0.5182
vn 0.1626 0.9032 0.3972
vn -0.1703 0.9105 0.3767
vn -0.1396 0.9898 -0.0295
vn -0.7728 0.6158 -0.1532
vn -0.1030 0.9862 0.1293
vn 0.1221 0.3922 -0.9117
vn 0.1521 0.3888 -0.9087
vn -0.1417 0.4713 -0.8705
vn 0.1334 0.2517 -0.9586
vn 0.0078 0.3351 -0.9422
vn -0.0039 0.4529 -0.8916
vn -0.0817 0.5755 -0.8137
vn -0.3187 0.5950 -0.7379
vn -0.1190 -0.1652 -0.9791
vn -0.2308 0.1389 -0.9630
vn 0.0806 0.0107 -0.9967
vn -0.1732 0.5167 -0.8385
vn -0.2246 0.1552 -0.9620
vn -0.2179 0.1493 -0.9645
vn 0.0218 -0.0346 -0.9992
vn -0.2129 0.2738 -0.9379
vn 0.3322 0.0699 -0.9406
vn 0.1527 0.3231 -0.9340
vn 0.1878 0.1870 -0.9643
vn 0.2447 0.2890 -0.9255
vn -0.0023 0.3221 -0.9467
vn 0.2308 0.3329 -0.9143
vn -0.0228 0.4920 -0.8703
vn 0.0576 0.6799 -0.7310
vn 0.1895 0.1370 -0.9723
vn 0.2534 -0.0021 -0.9674
vn 0.0619 0.1923 -0.9794
vn 0.1151 0.2360 -0.9649
vn 0.0733 0.2490 -0.9657
vn -0.2958 0.3374 -0.8937
vn -0.4196 0.5046 -0.7545
vn 0.3819 0.2290 -0.8954
vn 0.3758 0.2095 -0.9027
vn 0.3020 0.1451 -0.9422
vn 0.3926 0.1314 -0.9103
vn 0.1598 0.1696 -0.9725
vn 0.3691 0.4990 -0.7841
vn 0.2785 0.3940 -0.8759
vn 0.4026 0.3624 -0.8406
vn 0.3658 0.3315 -0.8697
vn 0.3263 -0.0135 -0.9452
vn 0.3314 0.0852 -0.9396
vn -0.3382 -0.1522 -0.9287
vn -0.4614 0.2415 -0.8537
vn 0.2756 0.1729 -0.9456
vn -0.2682 0.2063 -0.9410
vn -0.2703 0.2546 -0.9285
vn -0.3864 0.5686 -0.7262
vn -0.4511 -0.1430 -0.8810
vn -0.4936 0.3061 -0.8140
vn -0.3736 0.1101 -0.9210
vn -0.3726 0.1060 -0.9219
vn -0.5785 0.0008 -0.8157
vn -0.7460 0.0667 -0.6626
vn -0.4130 0.1896 -0.8908
vn -0.4167 0.0598 -0.9071
vn 0.2159 0.9729 0.0831
vn -0.6529 0.3279 -0.6828
vn -0.4888 -0.5726 -0.6581
vn -0.2045 -0.4440 -0.8724
vn -0.4448 -0.2911 -0.8470
vn 0.0603 0.3445 -0.9368
vn 0.0597 0.3468 -0.9361
vn -0.2355 0.3626 -0.9017
vn -0.0222 0.1375 -0.9902
vn -0.4066 0.1743 -0.8968
vn -0.0680 -0.1739 -0.9824
vn -0.0928 -0.0173 -0.9955
vn -0.2144 -0.2141 -0.9530
vn -0.4474 0.0713 -0.8915
vn -0.1842 -0.2426 -0.9525
vn -0.1443 0.1262 -0.9815
vn -0.3133 0.2407 -0.9187
vn -0.1906 0.1784 -0.9653
vn -0.2742 0.1806 -0.9446
vn -0.4165 -0.6085 -0.6754
vn -0.4871 -0.5721 -0.6599
vn -0.2454 0.1004 -0.9642
vn 0.0826 0.3279 -0.9411
vn -0.0891 0.0916 -0.9918
vn -0.2265 0.2220 -0.9484
vn -0.2297 0.1918 -0.9542
vn -0.1101 0.2068 -0.9722
vn -0.0568 0.2032 -0.9775
vn -0.1949 0.1037 -0.9753
vn -0.0137 -0.0186 -0.9997
vn -0.1281 0.1740 -0.9764
vn 0.0778 0.0611 -0.9951
vn 0.1659 0.0886 -0.9822
vn -0.0031 0.1946 -0.9809
vn -0.1284 -0.7267 -0.6749
vn 0.1469 0.9874 -0.0583
vn 0.4849 0.4250 -0.7643
vn 0.7511 0.6598 0.0213
vn 0.0569 0.4461 -0.8932
vn -0.0245 0.3308 -0.9434
vn 0.0638 0.4344 -0.8984
vn 0.3735 0.9123 -0.1677
vn 0.5571 0.3944 -0.7308
vn 0.5674 0.4111 -0.7135
vn -0.1634 0.6092 -0.7760
vn 0.5231 0.4068 -0.7489
vn -0.0869 -0.1462 -0.9854
vn 0.5538 0.3378 -0.7611
vn -0.0483 0.1962 -0.9794
vn -0.0188 0.0442 -0.9988
vn -0.1348 0.1344 -0.9817
vn -0.2439 0.0398 -0.9690
vn 0.6909 -0.3835 -0.6129
vn -0.1688 0.0717 -0.9830
vn -0.1973 -0.8125 -0.5485
vn -0.0543 -0.0853 -0.9949
vn -0.4507 -0.5069 -0.7348
vn 0.1263 -0.7982 -0.5890
vn -0.0214 -0.3694 -0.9290
vn -0.1409 -0.5372 -0.8316
vn -0.3142 -0.7156 -0.6238
vn -0.2091 -0.4428 -0.8719
vn -0.4333 -0.7555 -0.4914
vn -0.0549 -0.7344 -0.6765
vn -0.5348 -0.4971 -0.6833
vn -0.5408 -0.6720 -0.5060
vn -0.3966 -0.5912 -0.7023
vn -0.3947 -0.5999 -0.6959
vn -0.1868 -0.5579 -0.8086
vn -0.2881 -0.7383 -0.6099
vn -0.1852 -0.6976 -0.6921
vn 0.0773 -0.7664 -0.6377
vn -0.3325 -0.8513 -0.4060
vn -0.0857 -0.0070 -0.9963
vn -0.1528 0.1024 -0.9829
vn 0.2067 0.0405 -0.9776
vn -0.2920 -0.1009 -0.9511
vn 0.1695 -0.0568 -0.9839
vn -0.6581 0.2799 -0.6990
vn 0.0649 0.1203 -0.9906
vn -0.0231 0.3155 -0.9486
vn -0.6682 0.2350 -0.7059
vn 0.0322 0.2002 -0.9792
vn 0.0675 0.1697 -0.9832
vn -0.6144 0.2643 -0.7435
vn -0.5782 0.6428 -0.5026
vn -0.5624 0.8015 -0.2035
vn -0.6606 0.6600 -0.3577
vn -0.0475 0.8427 -0.5363
vn -0.0033 0.7734 -0.6339
vn -0.1871 0.7960 -0.5757
vn -0.3240 0.3668 -0.8721
vn -0.4593 0.6058 -0.6496
vn 0.3488 0.9042 -0.2466
vn 0.2109 0.8077 -0.5506
vn 0.1206 0.7503 -0.6500
vn -0.2677 -0.9288 -0.2562
vn 0.3977 0.9130 -0.0903
vn 0.5119 0.8179 -0.2626
vn 0.4363 0.8996 -0.0202
vn 0.3792 0.8353 -0.3981
vn 0.1765 -0.9773 -0.1173
vn 0.1561 -0.9876 -0.0139
vn 0.0767 -0.9648 -0.2514
vn 0.2080 -0.9780 0.0177
vn 0.5385 -0.6404 0.5476
vn 0.2105 -0.9253 -0.3156
vn 0.6247 -0.6371 0.4515
vn 0.3018 -0.7130 0.6329
vn 0.6768 -0.5353 0.5054
vn 0.2763 -0.7448 0.6074
vn 0.2147 -0.9524 -0.2164
vn 0.1065 -0.9816 -0.1588
vn 0.1868 -0.9811 -0.0504
vn -0.3099 -0.9376 0.1575
vn 0.0642 -0.9471 -0.3144
vn -0.4075 -0.9129 0.0231
vn 0.0821 -0.9621 -0.2600
vn -0.2279 -0.9593 -0.1668
vn 0.2232 -0.7634 0.6061
vn 0.2129 -0.7629 0.6105
vn -0.4227 -0.9036 -0.0691
vn 0.2891 -0.7212 0.6296
vn 0.3049 -0.7205 0.6228
vn 0.2974 -0.8646 0.4050
vn -0.5853 -0.4250 0.6905
vn -0.2061 -0.9776 0.0421
vn -0.2047 -0.9783 0.0325
vn -0.2933 -0.7790 -0.5542
vn -0.1710 -0.9638 -0.2046
vn -0.0793 -0.9966 0.0242
vn 0.0022 -0.9976 -0.0695
vn -0.8835 0.4671 -0.0366
vn -0.3968 -0.8595 0.3223
vn -0.2791 -0.8835 0.3761
vn -0.1869 -0.8183 0.5436
vn -0.1258 -0.8209 0.5570
vn -0.3805 -0.7704 0.5115
vn -0.2830 -0.6828 -0.6736
vn -0.1934 -0.7319 -0.6534
vn -0.0400 -0.9951 0.0907
vn 0.1175 -0.9912 0.0609
vn 0.2438 -0.9685 -0.0499
vn -0.1091 -0.9906 0.0831
vn -0.0023 -0.9976 -0.0691
vn 0.2465 -0.9621 -0.1166
vn -0.0031 -0.9974 -0.0719
vn -0.3282 -0.9348 0.1354
vn -0.0515 -0.9345 0.3522
vn -0.2143 -0.9536 0.2116
vn 0.0041 -0.8237 0.5670
vn -0.0761 -0.8444 0.5303
vn 0.0590 -0.7800 0.6230
vn -0.0365 -0.7833 0.6206
vn -0.4960 -0.7833 -0.3748
vn -0.3965 -0.9155 0.0683
vn -0.3812 -0.7000 -0.6039
vn -0.5387 -0.8226 0.1819
vn -0.3854 -0.9224 0.0266
vn -0.3445 -0.9344 -0.0912
vn -0.2403 -0.9578 -0.1579
vn 0.1157 -0.9663 0.2300
vn 0.2364 -0.9472 0.2166
vn 0.0328 -0.9838 0.1762
vn 0.2450 -0.9497 0.1948
vn 0.1199 -0.9926 -0.0200
vn 0.1262 -0.9768 0.1728
vn 0.2435 -0.5719 0.7834
vn -0.2392 -0.8360 -0.4939
vn -0.3933 -0.7575 -0.5210
vn -0.2892 -0.7845 -0.5485
vn -0.2487 -0.7413 -0.6234
vn -0.3730 -0.8976 0.2351
vn 0.1386 -0.3839 0.9129
vn -0.2454 -0.9690 -0.0284
vn -0.1317 -0.9850 -0.1118
vn -0.1935 -0.9777 -0.0818
vn -0.1951 -0.9773 -0.0822
vn -0.3042 -0.9429 -0.1353
vn -0.2610 -0.9586 -0.1139
vn 0.1082 -0.9642 0.2420
vn -0.5091 -0.6018 0.6153
vn 0.1965 -0.9141 -0.3546
vn 0.2559 -0.9588 -0.1236
vn 0.0990 -0.9946 -0.0296
vn 0.2722 -0.9422 -0.1952
vn 0.1544 -0.9632 -0.2202
vn 0.0919 -0.9950 -0.0400
vn 0.1068 -0.9834 -0.1466
vn 0.5980 -0.7880 -0.1465
vn 0.7678 -0.6406 0.0101
vn 0.5155 -0.7603 0.3952
vn 0.4620 -0.7195 0.5185
vn 0.5517 -0.6695 0.4975
vn 0.6682 -0.6684 0.3268
vn 0.6265 -0.5594 0.5428
vn 0.6631 -0.6297 0.4047
vn 0.5456 -0.7260 0.4185
vn 0.5302 -0.6320 0.5652
vn 0.3953 -0.7945 0.4609
vn -0.3447 -0.5568 0.7557
vn -0.3810 -0.7707 0.5108
vn 0.0882 -0.8076 0.5831
vn -0.2577 -0.6353 0.7280
vn 0.0320 -0.5085 0.8605
vn 0.0735 -0.1705 0.9826
vn 0.2625 -0.2822 0.9227
vn 0.0184 -0.2249 0.9742
vn 0.0668 -0.1704 0.9831
vn 0.0573 -0.0915 0.9942
vn -0.1435 -0.2245 0.9638
vn -0.3890 -0.6026 0.6968
vn -0.3970 -0.6326 0.6650
vn -0.4239 -0.8788 -0.2191
vn -0.5445 -0.8222 -0.1657
vn -0.5328 -0.8153 -0.2267
vn -0.7119 -0.7023 0.0045
vn -0.6242 -0.7666 0.1506
vn -0.6384 -0.7600 -0.1221
vn -0.1116 -0.9818 0.1538
vn -0.6196 -0.7836 0.0447
vn -0.4003 -0.8340 -0.3797
vn -0.2432 -0.7427 -0.6239
vn -0.1316 -0.7558 -0.6414
vn -0.5961 -0.6698 -0.4428
vn -0.4322 -0.6571 -0.6176
vn -0.0523 -0.7055 -0.7068
vn -0.3008 -0.7838 -0.5433
vn -0.2732 -0.8461 -0.4577
vn -0.5273 -0.3997 -0.7498
vn -0.5713 -0.7100 -0.4118
vn -0.4488 -0.5042 -0.7378
vn 0.2081 -0.9311 -0.2995
vn 0.2615 -0.7688 -0.5836
vn 0.1180 -0.8055 -0.5808
vn -0.0452 -0.9160 -0.3985
vn 0.2698 -0.8883 -0.3717
vn -0.1051 -0.9386 -0.3286
vn -0.6844 -0.7229 0.0944
vn -0.8431 -0.5218 -0.1303
vn -0.8784 -0.3464 -0.3294
vn -0.7889 -0.5809 -0.2004
vn -0.6026 -0.7452 -0.2857
vn -0.6049 -0.7621 -0.2310
vn -0.9949 -0.0964 -0.0313
vn -0.9923 0.1144 -0.0467
vn -0.7808 -0.5235 0.3410
vn -0.9921 -0.0081 -0.1250
vn -0.9671 -0.2253 -0.1184
vn -0.9733 -0.2023 -0.1084
vn -0.9930 0.0760 -0.0904
vn -0.9604 0.0805 -0.2668
vn -0.9499 -0.0787 -0.3025
vn -0.9450 -0.0955 -0.3130
vn -0.9957 -0.0836 0.0397
vn -0.9634 -0.0415 -0.2647
vn -0.9859 -0.1647 -0.0282
vn -0.9588 0.0929 -0.2683
vn -0.9859 0.1439 -0.0858
vn -0.9241 -0.0778 -0.3743
vn -0.9368 -0.3492 0.0227
vn -0.8946 0.3371 0.2934
vn -0.9672 0.2254 -0.1171
vn -0.9908 -0.0817 -0.1083
vn -0.9759 -0.0492 -0.2126
vn -0.9118 0.0326 0.4094
vn -0.9918 -0.1226 0.0354
vn -0.9971 0.0764 0.0062
vn -0.9038 0.2572 0.3421
vn -0.9044 0.0460 -0.4242
vn -0.9551 -0.1288 -0.2668
vn -0.8868 -0.0237 -0.4615
vn -0.9110 0.2995 0.2836
vn -0.8668 0.0567 -0.4954
vn -0.9149 0.2818 -0.2890
vn -0.9061 -0.1547 0.3937
vn -0.9076 -0.2918 0.3019
vn -0.9406 0.3388 0.0231
vn -0.9416 -0.1173 0.3155
vn -0.9414 0.3360 0.0299
vn -0.9791 -0.1288 0.1571
vn -0.9775 -0.1960 -0.0777
vn -0.9778 -0.1958 -0.0740
vn -0.8480 0.3673 0.3821
vn -0.9209 0.1389 0.3643
vn -0.8544 -0.1262 -0.5041
vn -0.9710 -0.0490 -0.2341
vn -0.9141 0.2404 0.3266
vn -0.9298 0.3184 -0.1848
vn -0.9895 0.1371 0.0455
vn -0.9312 0.3641 0.0185
vn -0.9763 0.2136 -0.0344
vn -0.8757 0.3235 0.3584
vn -0.9221 -0.0080 0.3869
vn -0.8746 0.2591 0.4097
vn -0.8486 0.4756 0.2318
vn -0.8800 0.3294 0.3423
vn -0.9072 0.3820 0.1763
vn -0.7448 0.6272 -0.2277
vn -0.7027 0.6248 -0.3404
vn -0.6847 0.6891 -0.2372
vn -0.8653 -0.2672 -0.4241
vn -0.7956 0.3856 -0.4671
vn -0.9876 0.1148 -0.1069
vn -0.7069 0.6582 -0.2588
vn -0.9183 0.1346 0.3724
vn -0.9949 0.0901 -0.0446
vn -0.9736 0.2281 0.0007
vn -0.8613 0.2886 0.4182
vn -0.8826 0.1189 0.4548
vn -0.9763 0.1933 -0.0968
vn -0.7858 0.2489 0.5662
vn -0.9323 0.2953 0.2087
vn -0.9251 0.2282 0.3034
vn -0.8617 0.4132 0.2945
vn -0.2336 -0.9307 -0.2814
vn -0.4516 -0.8204 -0.3507
vn -0.4724 -0.7488 -0.4649
vn -0.4811 -0.7859 -0.3885
vn -0.8813 -0.4550 -0.1276
vn -0.8865 -0.4619 0.0286
vn -0.6879 -0.7237 -0.0543
vn -0.9097 -0.4108 -0.0612
vn -0.6947 -0.7101 0.1143
vn -0.5132 -0.8462 -0.1433
vn -0.4248 -0.8741 -0.2357
vn -0.5596 -0.6716 0.4855
vn -0.6847 -0.6402 -0.3484
vn -0.7362 -0.4986 0.4576
vn -0.3197 -0.6283 0.7092
vn -0.3062 -0.7210 0.6216
vn -0.4156 -0.6811 0.6028
vn -0.4924 -0.8037 0.3342
vn -0.0068 -0.8462 0.5328
vn 0.6011 -0.4785 0.6401
vn -0.4722 -0.6160 0.6305
vn 0.2172 -0.7195 0.6596
vn -0.9312 -0.3642 -0.0139
vn -0.5640 0.0729 0.8225
vn -0.9915 -0.1139 0.0622
vn -0.8871 0.3372 0.3152
vn -0.5639 0.0964 0.8202
vn -0.9542 0.1641 0.2501
vn -0.8171 0.2659 0.5115
vn -0.6744 0.1534 0.7222
vn -0.6407 0.4154 0.6457
vn -0.9000 0.2034 0.3854
vn -0.6995 0.3251 0.6364
vn -0.8807 0.4466 0.1580
vn -0.8466 0.4956 0.1942
vn -0.6229 0.4139 0.6638
vn -0.3210 0.7626 0.5616
vn -0.8350 0.2452 0.4927
vn -0.9327 0.1931 0.3045
vn -0.8112 0.2758 0.5156
vn -0.7990 0.0429 0.5998
vn -0.9558 0.2902 -0.0475
vn -0.7315 0.6706 -0.1236
vn -0.9472 0.3207 -0.0005
vn -0.7318 0.6674 -0.1379
vn -0.7482 0.3248 -0.5785
vn -0.7948 0.2732 -0.5419
vn -0.7461 0.4497 -0.4910
vn -0.7964 0.4171 -0.4378
vn -0.8161 0.5779 -0.0077
vn -0.8367 0.5476 -0.0111
vn -0.9251 0.2486 -0.2871
vn -0.9927 0.0552 -0.1070
vn -0.9890 0.1160 -0.0916
vn -0.9599 -0.2786 -0.0304
vn -0.4876 -0.8696 -0.0772
vn -0.8257 -0.5317 0.1885
vn -0.7999 -0.4830 -0.3562
vt 0.737384 0.391343
vt 0.735072 0.404742
vt 0.701851 0.383658
vt 0.708391 0.423433
vt 0.690784 0.411907
vt 0.764130 0.396479
vt 0.736563 0.378358
vt 0.756817 0.373971
vt 0.772166 0.373755
vt 0.788400 0.385942
vt 0.784864 0.351362
vt 0.805936 0.385019
vt 0.794472 0.413581
vt 0.724904 0.427992
vt 0.744791 0.444894
vt 0.714865 0.452545
vt 0.765312 0.421863
vt 0.774035 0.408605
vt 0.894439 0.362692
vt 0.885322 0.345670
vt 0.907018 0.346754
vt 0.906823 0.385838
vt 0.883134 0.371146
vt 0.867483 0.378637
vt 0.855427 0.358563
vt 0.883997 0.396799
vt 0.886244 0.417722
vt 0.873818 0.406697
vt 0.867174 0.414519
vt 0.864995 0.447391
vt 0.850054 0.429008
vt 0.885878 0.433360
vt 0.840113 0.445993
vt 0.830350 0.352367
vt 0.846506 0.388229
vt 0.824731 0.368588
vt 0.836141 0.411460
vt 0.827190 0.395566
vt 0.821606 0.418190
vt 0.818480 0.521955
vt 0.777421 0.511056
vt 0.825762 0.513628
vt 0.848857 0.521095
vt 0.839396 0.500503
vt 0.836354 0.530590
vt 0.753732 0.492622
vt 0.762507 0.484293
vt 0.741954 0.478363
vt 0.745064 0.464778
vt 0.778301 0.465697
vt 0.821965 0.497590
vt 0.856927 0.489573
vt 0.802672 0.861697
vt 0.784801 0.857070
vt 0.818920 0.857070
vt 0.795429 0.481860
vt 0.785780 0.495702
vt 0.814255 0.431739
vt 0.852644 0.464761
vt 0.878147 0.469550
vt 0.832762 0.465502
vt 0.822742 0.483900
vt 0.810760 0.458083
vt 0.806809 0.445677
vt 0.773236 0.439277
vt 0.763802 0.449591
vt 0.744574 0.424214
vt 0.795876 0.440346
vt 0.802308 0.429307
vt 0.677270 0.766550
vt 0.710228 0.777504
vt 0.689747 0.789854
vt 0.017372 0.887200
vt -0.000000 0.893535
vt 0.006286 0.864778
vt 0.690311 0.376365
vt 0.725013 0.343404
vt 0.740803 0.358132
vt 0.717177 0.359772
vt 0.754683 0.342396
vt 0.772511 0.329062
vt 0.793629 0.304854
vt 0.798173 0.326777
vt 0.017372 0.923033
vt 0.003312 0.929218
vt 0.159726 0.440222
vt 0.123326 0.451491
vt 0.140825 0.429620
vt 0.515757 0.900274
vt 0.498300 0.888807
vt 0.515442 0.886257
vt 0.914301 0.366670
vt 0.905151 0.415223
vt 0.851718 0.882444
vt 0.863155 0.864778
vt 0.863155 0.884232
vt 0.922064 0.429038
vt 0.926220 0.404751
vt 0.889919 0.322483
vt 0.907824 0.326050
vt 0.872799 0.328313
vt 0.858457 0.308886
vt 0.839131 0.333032
vt 0.815836 0.313717
vt 0.821419 0.335170
vt 0.806322 0.347268
vt 0.411648 0.844822
vt 0.386198 0.853062
vt 0.386202 0.841394
vt 0.355940 0.854556
vt 0.808140 0.547360
vt 0.786274 0.524864
vt 0.812193 0.531738
vt 0.446711 0.902271
vt 0.438167 0.877947
vt 0.446711 0.864778
vt 0.864433 0.538948
vt 0.877725 0.501426
vt 0.834577 0.544962
vt 0.619204 0.864778
vt 0.629378 0.876092
vt 0.619204 0.895760
vt 0.856067 0.506557
vt 0.677270 0.093177
vt 0.656955 0.111985
vt 0.661478 0.098913
vt 0.892542 0.451152
vt 0.174219 0.540138
vt 0.150577 0.555548
vt 0.147536 0.534136
vt 0.157230 0.515980
vt 0.130919 0.521892
vt 0.125955 0.547359
vt 0.173845 0.585110
vt 0.175994 0.568292
vt 0.165542 0.608480
vt 0.148895 0.590539
vt 0.135811 0.571214
vt 0.185199 0.618376
vt 0.171072 0.644170
vt 0.148932 0.620483
vt 0.099924 0.537673
vt 0.096497 0.557852
vt 0.130633 0.609974
vt 0.098084 0.583459
vt 0.120703 0.579250
vt 0.135147 0.632667
vt 0.150362 0.748417
vt 0.176450 0.737438
vt 0.174330 0.770576
vt 0.134189 0.743038
vt 0.140814 0.775357
vt 0.104343 0.763153
vt 0.106795 0.748166
vt 0.158488 0.734196
vt 0.118148 0.732936
vt 0.086794 0.737738
vt 0.097166 0.717924
vt 0.123811 0.710897
vt 0.192711 0.736783
vt 0.200718 0.749395
vt 0.164360 0.715591
vt 0.184520 0.714020
vt 0.153170 0.688463
vt 0.171836 0.680359
vt 0.138867 0.695356
vt 0.100085 0.691616
vt 0.120207 0.676582
vt 0.041572 0.592172
vt 0.057795 0.584271
vt 0.063472 0.606358
vt 0.029061 0.631812
vt 0.051581 0.636740
vt 0.037748 0.661916
vt 0.095330 0.601235
vt 0.068452 0.558429
vt 0.053841 0.680283
vt 0.035180 0.687339
vt 0.069296 0.664485
vt 0.059812 0.694980
vt 0.059796 0.719512
vt 0.042078 0.708667
vt 0.090696 0.659042
vt 0.095149 0.620597
vt 0.081476 0.638706
vt 0.185011 0.675554
vt 0.197079 0.690087
vt 0.081444 0.717998
vt 0.080972 0.672995
vt 0.112253 0.662557
vt 0.109806 0.626730
vt 0.124024 0.647313
vt 0.107143 0.645038
vt 0.142483 0.653120
vt 0.186130 0.493952
vt 0.181536 0.512199
vt 0.171099 0.493126
vt 0.152673 0.494417
vt 0.196789 0.562674
vt 0.199295 0.579045
vt 0.191370 0.538618
vt 0.109990 0.513420
vt 0.131818 0.492284
vt 0.142029 0.467280
vt 0.109767 0.477911
vt 0.096181 0.511492
vt 0.071594 0.486994
vt 0.070339 0.521344
vt 0.051246 0.524709
vt 0.056597 0.499711
vt 0.461973 0.864778
vt 0.486621 0.864778
vt 0.469231 0.901062
vt 0.196314 0.803998
vt 0.230667 0.817516
vt 0.186941 0.818785
vt 0.515757 0.900119
vt 0.515757 0.864778
vt 0.524691 0.879828
vt 0.156434 0.802871
vt 0.172814 0.792387
vt 0.168647 0.820354
vt 0.455944 0.224765
vt 0.474968 0.229206
vt 0.437791 0.230558
vt 0.078082 0.750851
vt 0.211157 0.789837
vt 0.223451 0.770231
vt 0.226392 0.793731
vt 0.217603 0.748318
vt 0.217102 0.715662
vt 0.198303 0.656438
vt 0.213426 0.674937
vt 0.502776 0.875907
vt 0.000996 0.604396
vt 0.016345 0.606512
vt 0.009758 0.628322
vt 0.018972 0.646326
vt 0.031826 0.536883
vt 0.036013 0.560725
vt 0.923559 0.330110
vt 0.912425 0.310355
vt 0.932068 0.307938
vt 0.958185 0.323692
vt 0.955639 0.304854
vt 0.021474 0.672464
vt 0.582034 0.247345
vt 0.572476 0.263908
vt 0.542335 0.254997
vt 0.545462 0.280619
vt 0.712055 0.891297
vt 0.696471 0.872372
vt 0.712055 0.864778
vt 0.057909 0.739193
vt 0.524582 0.246185
vt 0.498384 0.249441
vt 0.503725 0.233486
vt 0.532006 0.530598
vt 0.506522 0.543139
vt 0.507725 0.520028
vt 0.537924 0.548735
vt 0.510743 0.561574
vt 0.560024 0.531901
vt 0.581119 0.554734
vt 0.574313 0.571488
vt 0.567639 0.547010
vt 0.536280 0.577515
vt 0.535744 0.559254
vt 0.152803 0.864778
vt 0.164693 0.891624
vt 0.152803 0.895896
vt 0.314326 0.425996
vt 0.302043 0.445410
vt 0.283497 0.441441
vt 0.241656 0.586908
vt 0.232011 0.613414
vt 0.220315 0.576723
vt 0.461973 0.864778
vt 0.461973 0.901786
vt 0.446711 0.885699
vt 0.307482 0.877052
vt 0.321322 0.882364
vt 0.307482 0.908528
vt 0.710692 0.599178
vt 0.728175 0.602695
vt 0.715150 0.619654
vt 0.690712 0.609717
vt 0.422374 0.372050
vt 0.435232 0.384229
vt 0.394140 0.383542
vt 0.524644 0.655345
vt 0.533366 0.670750
vt 0.503805 0.660400
vt 0.506286 0.683193
vt 0.526973 0.690598
vt 0.520434 0.716647
vt 0.484669 0.381096
vt 0.482874 0.401756
vt 0.458668 0.402823
vt 0.389167 0.398059
vt 0.365286 0.395245
vt 0.384921 0.415925
vt 0.488056 0.669684
vt 0.487200 0.647281
vt 0.497985 0.704542
vt 0.487200 0.691481
vt 0.548647 0.685628
vt 0.565735 0.668247
vt 0.565601 0.702386
vt 0.400375 0.901363
vt 0.390188 0.887235
vt 0.425869 0.901363
vt 0.420470 0.869146
vt 0.725576 0.760796
vt 0.707703 0.766550
vt 0.701814 0.738320
vt 0.720140 0.723304
vt 0.702706 0.709708
vt 0.516912 0.436180
vt 0.491657 0.420901
vt 0.512427 0.415982
vt 0.578007 0.633578
vt 0.601351 0.659207
vt 0.771583 0.614256
vt 0.749807 0.618036
vt 0.761549 0.593251
vt 0.677404 0.577510
vt 0.677270 0.602564
vt 0.678287 0.629929
vt 0.506941 0.730169
vt 0.517868 0.746317
vt 0.707723 0.812361
vt 0.712342 0.794795
vt 0.726710 0.816474
vt 0.550193 0.591554
vt 0.525824 0.633578
vt 0.513337 0.608800
vt 0.554476 0.850092
vt 0.578142 0.862792
vt 0.533366 0.862792
vt 0.756272 0.631727
vt 0.734036 0.626374
vt 0.544589 0.837862
vt 0.744475 0.601908
vt 0.407372 0.404861
vt 0.399595 0.427494
vt 0.713255 0.574205
vt 0.738214 0.573198
vt 0.738263 0.585777
vt 0.760315 0.573685
vt 0.441142 0.416602
vt 0.421194 0.415002
vt 0.750352 0.547359
vt 0.212130 0.504150
vt 0.200952 0.526487
vt 0.219095 0.525143
vt 0.169675 0.473996
vt 0.236705 0.520764
vt 0.538979 0.511222
vt 0.516687 0.506833
vt 0.579621 0.513863
vt 0.556863 0.507321
vt 0.599955 0.525359
vt 0.594769 0.541312
vt 0.299781 0.404201
vt 0.306943 0.413416
vt 0.262971 0.417685
vt 0.219290 0.553749
vt 0.488951 0.607352
vt 0.487200 0.590289
vt 0.500496 0.629104
vt 0.447891 0.343198
vt 0.443053 0.367830
vt 0.411664 0.353443
vt 0.399843 0.333903
vt 0.382587 0.341755
vt 0.481501 0.366079
vt 0.454661 0.387660
vt 0.521989 0.387687
vt 0.498809 0.389448
vt 0.509349 0.376926
vt 0.380313 0.359927
vt 0.360516 0.352168
vt 0.400691 0.367264
vt 0.369282 0.375204
vt 0.341300 0.907476
vt 0.321322 0.906555
vt 0.328195 0.884782
vt 0.332023 0.382011
vt 0.340973 0.398512
vt 0.533366 0.704380
vt 0.557430 0.705867
vt 0.540388 0.721087
vt 0.581561 0.736132
vt 0.235004 0.760906
vt 0.242106 0.784144
vt 0.542338 0.670583
vt 0.743117 0.734326
vt 0.731620 0.742723
vt 0.733775 0.701104
vt 0.224937 0.682664
vt 0.222701 0.704367
vt 0.210277 0.653317
vt 0.585565 0.712714
vt 0.583898 0.685790
vt 0.604028 0.715357
vt 0.532872 0.427964
vt 0.557681 0.419039
vt 0.546647 0.445410
vt 0.508112 0.403053
vt 0.535712 0.409777
vt 0.540894 0.396046
vt 0.204152 0.231429
vt 0.223231 0.220010
vt 0.222991 0.234798
vt 0.746034 0.864778
vt 0.744855 0.890475
vt 0.728599 0.864778
vt 0.169847 0.220523
vt 0.184271 0.236709
vt 0.209040 0.208126
vt 0.156901 0.172823
vt 0.177539 0.171932
vt 0.162551 0.199197
vt 0.194496 0.196175
vt 0.229600 0.201310
vt 0.577467 0.460353
vt 0.589908 0.477668
vt 0.569128 0.486543
vt 0.220473 0.182376
vt 0.177129 0.138592
vt 0.195680 0.145548
vt 0.195706 0.160540
vt 0.145239 0.063829
vt 0.164724 0.067474
vt 0.133653 0.079930
vt 0.155317 0.086506
vt 0.150980 0.097831
vt 0.156365 0.042060
vt 0.172205 0.041548
vt 0.189960 0.070068
vt 0.131307 0.124741
vt 0.141004 0.106174
vt 0.138404 0.146068
vt 0.156379 0.147654
vt 0.136783 0.163221
vt 0.179959 0.101667
vt 0.159736 0.127872
vt 0.180566 0.084012
vt 0.192538 0.094808
vt 0.339489 0.328889
vt 0.354958 0.304636
vt 0.363730 0.319388
vt 0.323198 0.348728
vt 0.326908 0.334003
vt 0.341827 0.349518
vt 0.309861 0.338757
vt 0.296973 0.346326
vt 0.330630 0.317699
vt 0.314068 0.319768
vt 0.319879 0.305449
vt 0.297533 0.317867
vt 0.279220 0.333454
vt 0.176416 0.120203
vt 0.200357 0.053548
vt 0.196643 0.033176
vt 0.315485 0.287095
vt 0.244054 0.346987
vt 0.250785 0.368918
vt 0.236687 0.374729
vt 0.261000 0.357059
vt 0.280486 0.360892
vt 0.279648 0.377121
vt 0.265464 0.328745
vt 0.270329 0.346388
vt 0.210170 0.132499
vt 0.220575 0.158610
vt 0.197452 0.127745
vt 0.203075 0.113792
vt 0.197835 0.343270
vt 0.208876 0.300971
vt 0.218042 0.334542
vt 0.231201 0.496293
vt 0.199395 0.481284
vt 0.186006 0.257741
vt 0.200111 0.258823
vt 0.192245 0.290233
vt 0.170768 0.256629
vt 0.178310 0.284674
vt 0.158743 0.238821
vt 0.137930 0.259716
vt 0.145437 0.222393
vt 0.118499 0.245953
vt 0.116522 0.221762
vt 0.131047 0.189047
vt 0.530049 0.487950
vt 0.510635 0.492664
vt 0.780876 0.864778
vt 0.797718 0.881798
vt 0.780876 0.888968
vt 0.595221 0.499538
vt 0.083667 0.104587
vt 0.104094 0.111029
vt 0.109666 0.129912
vt 0.096407 0.089071
vt 0.122362 0.103754
vt 0.120401 0.082775
vt 0.760894 0.257397
vt 0.742611 0.247206
vt 0.745955 0.234371
vt 0.778229 0.250334
vt 0.784147 0.274468
vt 0.111528 0.072204
vt 0.131480 0.046441
vt 0.142157 0.028666
vt 0.172595 0.025318
vt 0.085926 0.144180
vt 0.123743 0.156215
vt 0.378984 0.327478
vt 0.353844 0.335957
vt 0.558025 0.899050
vt 0.558025 0.864778
vt 0.571465 0.867184
vt 0.337298 0.366793
vt 0.350911 0.377118
vt 0.314589 0.363501
vt 0.285222 0.389357
vt 0.313533 0.376979
vt 0.380460 0.297834
vt 0.389584 0.280619
vt 0.400634 0.315853
vt 0.871428 0.300108
vt 0.895820 0.278502
vt 0.909024 0.292200
vt 0.363322 0.283014
vt 0.206287 0.021004
vt 0.188850 0.015201
vt 0.204167 -0.000000
vt 0.872000 0.269699
vt 0.842727 0.304854
vt 0.819137 0.304807
vt 0.827312 0.282698
vt 0.856691 0.278005
vt 0.163342 0.358042
vt 0.142093 0.349349
vt 0.155360 0.329749
vt 0.151187 0.375973
vt 0.122855 0.351700
vt 0.131058 0.382337
vt 0.111962 0.383793
vt 0.117054 0.365953
vt 0.543657 0.864900
vt 0.544025 0.883973
vt 0.524691 0.864778
vt 0.114614 0.397965
vt 0.090030 0.393371
vt 0.060769 0.384187
vt 0.081764 0.362864
vt 0.073789 0.411676
vt 0.480295 0.772651
vt 0.455704 0.763148
vt 0.467167 0.745076
vt 0.461064 0.809064
vt 0.447889 0.792058
vt 0.472800 0.782902
vt 0.416577 0.774192
vt 0.406719 0.802828
vt 0.382226 0.801213
vt 0.393283 0.776837
vt 0.731644 0.631728
vt 0.721039 0.654840
vt 0.695630 0.633915
vt 0.757303 0.656234
vt 0.741027 0.667380
vt 0.699529 0.669546
vt 0.677270 0.657987
vt 0.082842 0.335598
vt 0.111707 0.334603
vt 0.083102 0.317819
vt 0.722027 0.683425
vt 0.097447 0.356688
vt 0.052041 0.350560
vt 0.069549 0.346782
vt 0.443387 0.746244
vt 0.448124 0.730951
vt 0.427910 0.760626
vt 0.411965 0.731790
vt 0.429874 0.727870
vt 0.556521 0.818149
vt 0.533366 0.783255
vt 0.559894 0.788737
vt 0.128034 0.303267
vt 0.092389 0.285383
vt 0.110206 0.280203
vt 0.066336 0.283543
vt 0.096803 0.255845
vt 0.091361 0.300969
vt 0.071462 0.301511
vt 0.341300 0.864778
vt 0.353689 0.901687
vt 0.341300 0.907238
vt 0.034938 0.314846
vt 0.059580 0.318354
vt 0.866857 0.857070
vt 0.878549 0.861935
vt 0.848937 0.861935
vt 0.025675 0.344797
vt 0.015464 0.313995
vt 0.000000 0.319304
vt 0.452783 0.699542
vt 0.431388 0.692961
vt 0.450743 0.667232
vt 0.013731 0.298735
vt 0.404555 0.714210
vt 0.411606 0.692715
vt 0.401461 0.677434
vt 0.390062 0.733755
vt 0.371618 0.726025
vt 0.381256 0.705470
vt 0.374092 0.753977
vt 0.083885 0.241114
vt 0.092023 0.232047
vt 0.062790 0.200858
vt 0.583661 0.793277
vt 0.625179 0.783255
vt 0.598118 0.804864
vt 0.068701 0.252429
vt 0.036349 0.277638
vt 0.038346 0.249413
vt 0.057289 0.223141
vt 0.459065 0.648562
vt 0.438023 0.638517
vt 0.462677 0.618776
vt 0.458748 0.664320
vt 0.480194 0.641087
vt 0.444632 0.603732
vt 0.450402 0.581551
vt 0.418729 0.636042
vt 0.401437 0.617851
vt 0.419035 0.605504
vt 0.390357 0.647174
vt 0.152803 0.864778
vt 0.150524 0.921342
vt 0.129888 0.885104
vt 0.357415 0.682457
vt 0.370526 0.661815
vt 0.343904 0.662650
vt 0.027627 0.216508
vt 0.039853 0.177632
vt 0.431723 0.586919
vt 0.465832 0.569090
vt 0.432102 0.546681
vt 0.456091 0.545334
vt 0.402118 0.590947
vt 0.377844 0.586050
vt 0.366745 0.633612
vt 0.329783 0.608088
vt 0.354386 0.591664
vt 0.386804 0.627393
vt 0.046165 0.161139
vt 0.456152 0.510966
vt 0.463341 0.485284
vt 0.482211 0.515063
vt 0.069099 0.167310
vt 0.042769 0.132780
vt 0.065473 0.127803
vt 0.474493 0.531695
vt 0.436872 0.524771
vt 0.419966 0.559131
vt 0.404086 0.554429
vt 0.677270 0.828326
vt 0.713931 0.831674
vt 0.690559 0.846656
vt 0.399442 0.568516
vt 0.373988 0.543783
vt 0.398273 0.538567
vt 0.373721 0.521926
vt 0.343746 0.562848
vt 0.322674 0.583606
vt 0.223712 0.365822
vt 0.193817 0.386331
vt 0.181960 0.354379
vt 0.183046 0.410435
vt 0.157627 0.399615
vt 0.744330 0.766550
vt 0.729657 0.794795
vt 0.134115 0.415105
vt 0.161653 0.419029
vt 0.113690 0.426474
vt 0.109289 0.439346
vt 0.086800 0.440317
vt 0.487200 0.803057
vt 0.458710 0.838534
vt 0.474166 0.826038
vt 0.437186 0.832352
vt 0.448379 0.851070
vt 0.426617 0.800192
vt 0.416630 0.826718
vt 0.370076 0.830342
vt 0.398387 0.825792
vt 0.368983 0.778581
vt 0.337357 0.773353
vt 0.334779 0.746650
vt 0.342156 0.736494
vt 0.324043 0.678497
vt 0.327683 0.652497
vt 0.308341 0.648978
vt 0.339164 0.634261
vt 0.313096 0.618042
vt 0.303834 0.584740
vt 0.307429 0.560808
vt 0.288743 0.575588
vt 0.331095 0.548437
vt 0.319317 0.531186
vt 0.344278 0.530022
vt 0.338793 0.507530
vt 0.376165 0.502434
vt 0.361796 0.491615
vt 0.394719 0.518380
vt 0.397549 0.494045
vt 0.739169 0.857071
vt 0.709638 0.855652
vt 0.637231 0.842476
vt 0.671566 0.864735
vt 0.626103 0.864735
vt 0.421843 0.478755
vt 0.451405 0.460353
vt 0.433313 0.503881
vt 0.443809 0.488625
vt 0.232706 0.914802
vt 0.232706 0.864778
vt 0.244046 0.871006
vt 0.011223 0.107991
vt 0.046506 0.104508
vt 0.016681 0.092733
vt 0.487200 0.484533
vt 0.067907 0.109879
vt 0.092637 0.190863
vt 0.107536 0.164828
vt 0.698359 0.685122
vt 0.725573 0.683425
vt 0.715972 0.701104
vt 0.122112 0.180222
vt 0.677270 0.698382
vt 0.140805 0.283482
vt 0.158737 0.305016
vt 0.624563 0.058900
vt 0.606280 0.034663
vt 0.632123 0.033693
vt 0.613838 0.063685
vt 0.590193 0.055632
vt 0.632187 0.081526
vt 0.630260 0.120917
vt 0.595848 0.103346
vt 0.619211 0.103796
vt 0.575135 0.761399
vt 0.576421 0.783255
vt 0.544374 0.767042
vt 0.598604 0.080426
vt 0.561819 0.741180
vt 0.592105 0.741180
vt 0.533366 0.757202
vt 0.612699 0.195727
vt 0.596523 0.204473
vt 0.613960 0.172651
vt 0.256977 0.864778
vt 0.275201 0.887713
vt 0.256977 0.901587
vt 0.603394 0.219444
vt 0.577829 0.019672
vt 0.557445 0.046844
vt 0.559818 0.035724
vt 0.565500 0.063578
vt 0.572953 0.123076
vt 0.573168 0.093134
vt 0.552128 0.088083
vt 0.498300 0.900566
vt 0.486621 0.900566
vt 0.492662 0.864778
vt 0.546319 0.117151
vt 0.531523 0.080990
vt 0.608709 0.752822
vt 0.638181 0.771252
vt 0.608394 0.766217
vt 0.591618 0.142000
vt 0.574897 0.168341
vt 0.557288 0.148039
vt 0.611530 0.156930
vt 0.594012 0.175403
vt 0.553913 0.216520
vt 0.530142 0.168749
vt 0.539849 0.197976
vt 0.512392 0.175071
vt 0.533221 0.048330
vt 0.512877 0.029892
vt 0.530800 0.026354
vt 0.515711 0.058111
vt 0.519215 0.099165
vt 0.517150 0.134595
vt 0.520898 0.121726
vt 0.500685 0.125955
vt 0.510782 0.153629
vt 0.475261 0.150268
vt 0.691608 0.862551
vt 0.677270 0.857070
vt 0.734894 0.857070
vt 0.285717 0.719364
vt 0.294769 0.702242
vt 0.306773 0.698162
vt 0.489344 0.032212
vt 0.490294 0.070458
vt 0.466833 0.046567
vt 0.481105 0.039543
vt 0.489610 0.098643
vt 0.474101 0.075473
vt 0.477684 0.113375
vt 0.461155 0.120918
vt 0.475297 0.179555
vt 0.453625 0.151462
vt 0.496773 0.207576
vt 0.471141 0.213440
vt 0.486912 0.192191
vt 0.275271 0.696467
vt 0.277909 0.657454
vt 0.297952 0.676535
vt 0.254369 0.638747
vt 0.289830 0.643064
vt 0.442279 0.066915
vt 0.267554 0.688798
vt 0.254050 0.675436
vt 0.426633 0.105931
vt 0.414693 0.088544
vt 0.434637 0.085870
vt 0.440632 0.130933
vt 0.413949 0.149630
vt 0.414872 0.129937
vt 0.447614 0.208581
vt 0.414240 0.194722
vt 0.452717 0.182841
vt 0.415225 0.218401
vt 0.392283 0.207883
vt 0.271271 0.620867
vt 0.406177 0.050249
vt 0.430217 0.047292
vt 0.396411 0.066282
vt 0.383629 0.048839
vt 0.401707 0.113777
vt 0.396011 0.088391
vt 0.374984 0.109036
vt 0.376371 0.090372
vt 0.370374 0.145272
vt 0.389297 0.140958
vt 0.392276 0.167164
vt 0.418656 0.172990
vt 0.380811 0.188231
vt 0.361580 0.169032
vt 0.641082 0.053540
vt 0.651940 0.043922
vt 0.654779 0.077097
vt 0.922427 0.452751
vt 0.902869 0.476709
vt 0.899851 0.441512
vt 0.951186 0.430199
vt 0.634262 0.194398
vt 0.634108 0.153027
vt 0.653686 0.187394
vt 0.643471 0.224239
vt 0.630403 0.225908
vt 0.619895 0.219579
vt 0.948344 0.340751
vt 0.925209 0.360571
vt 0.103910 0.883312
vt 0.110569 0.864778
vt 0.116686 0.897773
vt 0.572755 0.221615
vt 0.552106 0.240214
vt 0.523379 0.227113
vt 0.509798 0.214964
vt 0.364919 0.218629
vt 0.348920 0.199903
vt 0.183123 0.847106
vt 0.339276 0.227071
vt 0.308947 0.230563
vt 0.326096 0.210728
vt 0.232210 0.839187
vt 0.234452 0.860523
vt 0.210286 0.845083
vt 0.323909 0.165159
vt 0.332064 0.145350
vt 0.353830 0.143932
vt 0.344316 0.119280
vt 0.357950 0.104403
vt 0.184141 0.915190
vt 0.203415 0.901055
vt 0.211092 0.917452
vt 0.347352 0.086987
vt 0.374536 0.075102
vt 0.337725 0.106270
vt 0.350921 0.070889
vt 0.349745 0.054224
vt 0.246391 0.592590
vt 0.262888 0.581530
vt 0.276590 0.598499
vt 0.274293 0.567697
vt 0.252367 0.558357
vt 0.292939 0.599573
vt 0.288984 0.619133
vt 0.305032 0.755843
vt 0.325538 0.722043
vt 0.295029 0.736691
vt 0.570391 0.000000
vt 0.587366 0.014031
vt 0.550712 0.014227
vt 0.039263 0.890718
vt 0.057240 0.925652
vt 0.033765 0.906860
vt 0.057267 0.892181
vt 0.026946 0.923742
vt 0.045147 0.864778
vt 0.275201 0.909014
vt 0.299207 0.864778
vt 0.299207 0.909602
vt 0.533366 0.822815
vt 0.567240 0.818149
vt 0.587952 0.837682
vt 0.085731 0.898223
vt 0.057267 0.864778
vt 0.096257 0.876186
vt 0.063335 0.884455
vt 0.067882 0.914646
vt 0.869914 0.014465
vt 0.883356 0.044073
vt 0.843003 0.032165
vt 0.873350 0.055111
vt 0.887775 0.008144
vt 0.925473 0.033970
vt 0.908940 0.049403
vt 0.903753 -0.000000
vt 0.425869 0.868331
vt 0.438167 0.864778
vt 0.438167 0.902295
vt 0.248136 0.239036
vt 0.254955 0.212823
vt 0.263773 0.219841
vt 0.749448 0.020126
vt 0.780753 0.042753
vt 0.744820 0.045715
vt 0.789127 0.065841
vt 0.764910 0.060468
vt 0.828818 0.046389
vt 0.829318 0.062187
vt 0.811753 0.053537
vt 0.807009 0.090528
vt 0.846419 0.081487
vt 0.864450 0.083431
vt 0.902559 0.078164
vt 0.883410 0.092201
vt 0.950404 0.080039
vt 0.940394 0.118902
vt 0.924766 0.081142
vt 0.957169 0.098023
vt 0.910777 0.102280
vt 0.779762 0.092637
vt 0.764389 0.089379
vt 0.789102 0.114680
vt 0.767320 0.109730
vt 0.832042 0.106001
vt 0.806141 0.126092
vt 0.851410 0.116635
vt 0.878504 0.113498
vt 0.893949 0.133189
vt 0.915752 0.129651
vt 0.960201 0.119218
vt 0.960788 0.142494
vt 0.763512 0.125273
vt 0.736446 0.117727
vt 0.754868 0.144823
vt 0.788840 0.151079
vt 0.772502 0.144916
vt 0.824932 0.144148
vt 0.802482 0.164763
vt 0.841563 0.137550
vt 0.874110 0.152818
vt 0.858954 0.166114
vt 0.909174 0.160405
vt 0.885539 0.167519
vt 0.935200 0.175937
vt 0.926249 0.152190
vt 0.917146 0.185304
vt 0.894849 0.194109
vt 0.759697 0.170236
vt 0.759498 0.192932
vt 0.730685 0.168947
vt 0.789086 0.188304
vt 0.827721 0.191171
vt 0.813490 0.195420
vt 0.867335 0.191459
vt 0.834058 0.174565
vt 0.906927 0.216898
vt 0.886065 0.213201
vt 0.926661 0.206518
vt 0.941210 0.206267
vt 0.795015 0.211176
vt 0.776958 0.209284
vt 0.803883 0.229181
vt 0.781129 0.227369
vt 0.790727 0.242930
vt 0.763101 0.221746
vt 0.833861 0.234094
vt 0.822047 0.212115
vt 0.857324 0.219770
vt 0.875792 0.226617
vt 0.899777 0.242412
vt 0.878370 0.249696
vt 0.926212 0.237236
vt 0.283690 0.557308
vt 0.276116 0.539407
vt 0.296563 0.521065
vt 0.319974 0.087156
vt 0.336324 0.048606
vt 0.302129 0.104713
vt 0.813210 0.877385
vt 0.830386 0.864778
vt 0.830386 0.887153
vt 0.326125 0.127714
vt 0.124885 0.924076
vt 0.116686 0.895039
vt 0.124885 0.886558
vt 0.193164 0.882566
vt 0.164693 0.914309
vt 0.164693 0.874638
vt 0.292703 0.220185
vt 0.287107 0.189534
vt 0.318084 0.193157
vt 0.273623 0.240808
vt 0.282001 0.266130
vt 0.275651 0.257287
vt 0.253586 0.280619
vt 0.236687 0.256474
vt 1.000000 0.080003
vt 0.984865 0.115559
vt 0.976248 0.076977
vt 0.970221 0.152359
vt 0.972118 0.164805
vt 0.956840 0.186509
vt 0.973804 0.185470
vt 0.951859 0.225107
vt 0.946064 0.252872
vt 0.918548 0.269933
vt 0.422532 0.325380
vt 0.905541 0.258731
vt 0.856541 0.241660
vt 0.814402 0.260744
vt 0.802144 0.250371
vt 0.799336 0.282676
vt 0.745545 0.208668
vt 0.728057 0.223592
vt 0.725172 0.207447
vt 0.707780 0.207184
vt 0.733312 0.192422
vt 0.702526 0.176892
vt 0.055134 0.089366
vt 0.722818 0.144928
vt 0.701552 0.151527
vt 0.712467 0.111804
vt 0.741214 0.080316
vt 0.697516 0.092625
vt 0.724465 0.070545
vt 0.708755 0.045473
vt 0.683768 0.052987
vt 0.718038 0.026680
vt 0.729258 -0.000000
vt 0.320121 0.495543
vt 0.295962 0.544341
vt 0.756834 0.880630
vt 0.746034 0.890438
vt 0.746034 0.864778
vt 0.901734 0.400298
vt 0.807990 0.505073
vt 0.760403 0.513991
vt 0.217308 0.918120
vt 0.211092 0.886490
vt 0.223389 0.900878
vt 0.223389 0.864778
vt 0.177622 0.460353
vt 0.698371 0.352675
vt 0.677270 0.416329
vt 0.688199 0.438609
vt 0.725604 0.488514
vt 0.743931 0.499319
vt 0.920829 0.343219
vt 0.014295 0.577088
vt 0.772627 0.534692
vt 0.760394 0.539194
vt 0.742450 0.524402
vt 0.161879 0.654543
vt 0.060156 0.621948
vt 0.208265 0.605452
vt 0.209331 0.626994
vt 0.131571 0.787926
vt 0.476801 0.242771
vt 0.515757 0.864778
vt 0.000000 0.625162
vt 0.604582 0.741180
vt 0.936557 0.326095
vt 0.020819 0.701231
vt 0.040277 0.731113
vt 0.339665 0.408113
vt 0.698700 0.631727
vt 0.153888 0.921869
vt 0.515660 0.585007
vt 0.299207 0.864778
vt 0.307482 0.879744
vt 0.299207 0.908913
vt 0.318473 0.864778
vt 0.686762 0.864778
vt 0.686762 0.892767
vt 0.678321 0.877466
vt 0.498008 0.633578
vt 0.417473 0.394304
vt 0.392870 0.864778
vt 0.606646 0.841367
vt 0.580954 0.837682
vt 0.687929 0.760413
vt 0.677270 0.719314
vt 0.604582 0.686042
vt 0.481679 0.438383
vt 0.698622 0.828326
vt 0.682555 0.817431
vt 0.770246 0.550941
vt 0.776596 0.572095
vt 0.680970 0.701104
vt 0.743860 0.828326
vt 0.353689 0.906125
vt 0.353689 0.864778
vt 0.366492 0.883799
vt 0.467569 0.419688
vt 0.677270 0.805489
vt 0.237501 0.549107
vt 0.851718 0.864778
vt 0.839455 0.886729
vt 0.830386 0.864778
vt 0.271155 0.433911
vt 0.244046 0.913902
vt 0.244046 0.864778
vt 0.256977 0.897101
vt 0.341300 0.864778
vt 0.246391 0.805735
vt 0.230585 0.731994
vt 0.736537 0.765386
vt 0.594257 0.871193
vt 0.582135 0.897360
vt 0.582135 0.864778
vt 0.586376 0.435538
vt 0.220067 0.253096
vt 0.513743 0.467648
vt 0.552286 0.462647
vt 0.236687 0.178837
vt 0.293091 0.297736
vt 0.220681 0.067450
vt 0.334591 0.291627
vt 0.831789 0.863888
vt 0.818920 0.857071
vt 0.848937 0.857071
vt 0.247007 0.396647
vt 0.277659 0.313049
vt 0.213130 0.274677
vt 0.184113 0.318983
vt 0.487200 0.475166
vt 0.653561 0.875138
vt 0.664307 0.864778
vt 0.664307 0.895384
vt 0.246391 0.510869
vt 0.686762 0.875605
vt 0.696471 0.864778
vt 0.696471 0.891827
vt 0.553378 0.482610
vt 0.069437 0.091987
vt 0.784801 0.857071
vt 0.757536 0.860832
vt 0.734894 0.857071
vt 0.119392 0.319628
vt 0.524691 0.899582
vt 0.756834 0.864778
vt 0.780876 0.864778
vt 0.758101 0.888827
vt 0.677270 0.678256
vt 0.728599 0.867609
vt 0.712055 0.891085
vt 0.712055 0.864778
vt 0.053030 0.296154
vt 0.033974 0.291004
vt 0.232706 0.864778
vt 0.232706 0.915952
vt 0.223389 0.884971
vt 0.487125 0.626622
vt 0.475148 0.602407
vt 0.236687 0.355361
vt 0.124885 0.864778
vt 0.351174 0.709541
vt 0.077620 0.193754
vt 0.094656 0.213860
vt 0.748065 0.701104
vt 0.414094 0.515800
vt 0.085225 0.460353
vt 0.582135 0.898268
vt 0.571465 0.880494
vt 0.582135 0.864778
vt 0.358323 0.808895
vt 0.329389 0.701874
vt 0.677270 0.091450
vt 0.743607 0.828326
vt 0.665534 0.837682
vt 0.606646 0.861810
vt 0.712208 0.230179
vt 0.270134 0.912857
vt 0.574926 0.193435
vt 0.096257 0.907158
vt 0.558025 0.899603
vt 0.544025 0.868681
vt 0.558025 0.864778
vt 0.594257 0.877544
vt 0.619204 0.864778
vt 0.619204 0.896517
vt 0.583038 0.132384
vt 0.435446 0.168825
vt 0.250235 0.614962
vt 0.348222 0.835027
vt 0.644847 0.133014
vt 0.116686 0.923664
vt 0.601303 0.236275
vt 0.813210 0.880709
vt 0.797718 0.887865
vt 0.797718 0.864778
vt 0.145057 0.815022
vt 0.161185 0.837221
vt 0.218575 0.864778
vt 0.324892 0.781865
vt 0.335181 0.790701
vt 0.332664 0.810111
vt 0.611638 0.818149
vt 0.027395 0.866738
vt 0.116825 0.864778
vt 0.811436 0.017058
vt 0.096257 0.924371
vt 0.664307 0.893028
vt 0.664307 0.864778
vt 0.678321 0.866941
vt 0.268637 0.194355
vt 0.936975 0.053221
vt 0.963097 0.062607
vt 0.690194 0.025696
vt 0.366492 0.902050
vt 0.377239 0.885652
vt 0.390188 0.899421
vt 0.260263 0.544342
vt 0.017372 0.906842
vt 0.305098 0.133080
vt 0.287004 0.159714
vt 0.177676 0.864778
vt 0.538583 0.737124
vt 0.565650 0.402608
vt 0.986628 0.148147
vt 0.978834 0.167853
vt 0.524920 0.380651
vt 0.967321 0.217633
vt 0.474685 0.349331
vt 0.831613 0.269404
vt 0.366492 0.864778
vt 0.629378 0.886437
vt 0.653561 0.864778
vt 0.653561 0.894850
s 0
f 447/1/1 448/2/1 86/3/1
f 448/2/2 480/4/2 86/3/2
f 86/3/3 480/4/3 479/5/3
f 447/1/4 89/6/4 448/2/4
f 85/7/5 87/8/5 447/1/5
f 449/9/6 88/10/6 89/6/6
f 114/11/7 465/12/7 88/10/7
f 89/6/8 88/10/8 450/13/8
f 87/8/9 449/9/9 89/6/9
f 90/14/10 470/15/10 481/16/10
f 89/6/11 92/17/11 448/2/11
f 89/6/12 91/18/12 92/17/12
f 94/19/13 487/20/13 117/21/13
f 484/22/14 451/23/14 94/19/14
f 96/24/15 10/25/15 451/23/15
f 451/23/16 10/25/16 487/20/16
f 452/26/17 451/23/17 484/22/17
f 453/27/18 454/28/18 452/26/18
f 456/29/19 454/28/19 453/27/19
f 454/28/20 96/24/20 452/26/20
f 452/26/21 96/24/21 451/23/21
f 455/30/22 98/31/22 486/32/22
f 455/30/23 457/33/23 98/31/23
f 486/32/24 456/29/24 453/27/24
f 96/24/25 107/34/25 10/25/25
f 97/35/26 106/36/26 107/34/26
f 456/29/27 100/37/27 97/35/27
f 100/37/28 99/38/28 97/35/28
f 98/31/29 100/37/29 456/29/29
f 466/39/30 99/38/30 100/37/30
f 457/33/31 466/39/31 98/31/31
f 101/40/32 459/41/32 458/42/32
f 496/43/33 458/42/33 104/44/33
f 102/45/34 458/42/34 496/43/34
f 101/40/35 458/42/35 102/45/35
f 122/46/36 461/47/36 459/41/36
f 11/48/37 461/47/37 122/46/37
f 111/49/38 461/47/38 11/48/38
f 111/49/39 103/50/39 461/47/39
f 462/51/40 467/52/40 104/44/40
f 105/53/41 469/54/41 462/55/41
f 103/50/42 464/56/42 463/57/42
f 99/38/43 465/12/43 106/36/43
f 473/58/44 450/13/44 466/39/44
f 450/13/45 88/10/45 465/12/45
f 467/52/46 468/59/46 108/60/46
f 467/52/47 469/61/47 468/59/47
f 468/59/48 457/33/48 455/30/48
f 105/62/49 110/63/49 469/61/49
f 110/63/50 457/33/50 469/61/50
f 110/63/51 109/64/51 457/33/51
f 92/17/52 471/65/52 472/66/52
f 93/67/53 472/66/53 470/15/53
f 92/17/54 472/66/54 93/67/54
f 471/65/55 9/68/55 103/50/55
f 92/17/56 450/13/56 471/65/56
f 112/69/57 9/68/57 471/65/57
f 110/63/58 9/68/58 109/64/58
f 103/50/59 9/68/59 110/63/59
f 474/70/60 115/71/60 680/72/60
f 113/73/61 115/74/61 474/75/61
f 113/76/62 86/3/62 479/5/62
f 24/77/63 477/78/63 475/79/63
f 477/78/64 87/8/64 85/7/64
f 24/77/65 476/80/65 477/78/65
f 477/78/66 85/7/66 86/3/66
f 478/81/67 114/11/67 476/80/67
f 477/78/68 476/80/68 87/8/68
f 26/82/69 490/83/69 478/81/69
f 476/80/70 449/9/70 87/8/70
f 479/84/71 29/85/71 115/74/71
f 113/73/72 479/84/72 115/74/72
f 480/4/73 90/14/73 481/16/73
f 481/86/74 31/87/74 30/88/74
f 481/16/75 111/49/75 11/48/75
f 482/89/76 536/90/76 80/91/76
f 483/92/77 484/22/77 94/19/77
f 486/32/78 453/27/78 485/93/78
f 116/94/79 486/95/79 369/96/79
f 750/97/80 485/93/80 67/98/80
f 117/21/81 1/99/81 536/100/81
f 487/20/82 118/101/82 1/99/82
f 118/101/83 28/102/83 1/99/83
f 119/103/84 27/104/84 28/102/84
f 119/103/85 488/105/85 27/104/85
f 107/34/86 489/106/86 488/105/86
f 489/106/87 490/83/87 488/105/87
f 489/106/88 114/11/88 490/83/88
f 107/34/89 488/105/89 119/103/89
f 490/83/90 26/82/90 27/104/90
f 120/107/91 491/108/91 690/109/91
f 491/108/92 365/110/92 690/109/92
f 120/111/93 493/112/93 121/113/93
f 121/113/94 459/41/94 101/40/94
f 121/114/95 493/115/95 459/116/95
f 121/113/96 101/40/96 102/45/96
f 365/117/97 496/43/97 498/118/97
f 491/119/98 102/45/98 365/117/98
f 496/120/99 497/121/99 498/122/99
f 496/43/100 104/44/100 497/123/100
f 498/124/101 368/125/101 748/126/101
f 108/60/102 455/30/102 116/127/102
f 124/128/103 125/129/103 499/130/103
f 500/131/104 499/130/104 160/132/104
f 125/129/105 504/133/105 499/130/105
f 123/134/106 125/129/106 501/135/106
f 123/134/107 502/136/107 506/137/107
f 506/137/108 505/138/108 125/129/108
f 157/139/109 12/140/109 502/136/109
f 12/140/110 508/141/110 502/136/110
f 504/133/111 530/142/111 160/132/111
f 505/138/112 154/143/112 504/133/112
f 499/130/113 504/133/113 160/132/113
f 508/141/114 507/144/114 506/137/114
f 507/144/115 155/145/115 126/146/115
f 508/141/116 127/147/116 507/144/116
f 131/148/117 132/149/117 130/150/117
f 133/151/118 131/148/118 162/152/118
f 129/153/119 133/151/119 162/152/119
f 13/154/120 133/151/120 129/153/120
f 133/151/121 135/155/121 131/148/121
f 509/156/122 133/151/122 13/154/122
f 539/157/123 134/158/123 13/154/123
f 134/158/124 511/159/124 509/156/124
f 132/149/125 533/160/125 532/161/125
f 135/155/126 510/162/126 132/149/126
f 510/162/127 534/163/127 533/160/127
f 131/148/128 135/155/128 132/149/128
f 149/164/129 136/165/129 510/162/129
f 510/162/130 136/165/130 534/163/130
f 511/159/131 510/162/131 135/155/131
f 511/159/132 512/166/132 510/162/132
f 512/166/133 149/164/133 510/162/133
f 134/158/134 523/167/134 511/159/134
f 523/167/135 137/168/135 511/159/135
f 515/169/136 517/170/136 140/171/136
f 139/172/137 520/173/137 518/174/137
f 517/170/138 155/145/138 143/175/138
f 138/176/139 155/145/139 517/170/139
f 518/174/140 519/177/140 141/178/140
f 519/177/141 146/179/141 145/180/141
f 145/180/142 150/181/142 142/182/142
f 520/173/143 153/183/143 146/179/143
f 143/175/144 144/184/144 140/171/144
f 140/171/145 144/184/145 147/185/145
f 534/163/146 148/186/146 535/187/146
f 145/180/147 523/167/147 522/188/147
f 151/189/148 152/190/148 523/167/148
f 152/190/149 137/168/149 523/167/149
f 146/179/150 153/183/150 151/189/150
f 507/144/151 143/175/151 155/145/151
f 14/191/152 144/184/152 143/175/152
f 14/191/153 143/175/153 127/147/153
f 524/192/154 14/191/154 127/147/154
f 524/192/155 156/193/155 14/191/155
f 156/193/156 144/184/156 14/191/156
f 152/190/157 521/194/157 137/168/157
f 152/190/158 524/192/158 521/194/158
f 153/183/159 156/193/159 152/190/159
f 147/185/160 156/193/160 153/183/160
f 156/193/161 524/192/161 152/190/161
f 525/195/162 39/196/162 526/197/162
f 526/197/163 500/131/163 159/198/163
f 39/196/164 124/128/164 526/197/164
f 40/199/165 527/200/165 501/135/165
f 40/199/166 501/135/166 196/201/166
f 527/200/167 123/134/167 501/135/167
f 527/200/168 157/139/168 123/134/168
f 160/132/169 529/202/169 528/203/169
f 474/204/170 528/203/170 24/205/170
f 529/202/171 161/206/171 24/205/171
f 161/206/172 476/207/172 24/205/172
f 530/142/173 25/208/173 161/206/173
f 154/143/174 138/176/174 25/208/174
f 154/143/175 25/208/175 530/142/175
f 25/208/176 26/209/176 478/210/176
f 161/211/177 25/212/177 476/213/177
f 165/214/178 46/215/178 84/216/178
f 760/217/179 165/218/179 84/219/179
f 8/220/180 128/221/180 760/222/180
f 162/152/181 130/150/181 128/221/181
f 163/223/182 129/224/182 83/225/182
f 164/226/183 13/154/183 129/153/183
f 531/227/184 44/228/184 45/229/184
f 165/214/185 45/229/185 46/215/185
f 532/161/186 531/227/186 165/214/186
f 532/161/187 43/230/187 44/228/187
f 532/161/188 587/231/188 43/230/188
f 533/160/189 587/231/189 532/161/189
f 534/163/190 535/187/190 587/231/190
f 535/187/191 158/232/191 42/233/191
f 148/186/192 158/232/192 535/187/192
f 535/187/193 42/233/193 587/231/193
f 536/90/194 537/234/194 80/91/194
f 1/235/195 166/236/195 537/237/195
f 537/237/196 139/172/196 513/238/196
f 27/239/197 26/209/197 167/240/197
f 80/241/198 513/242/198 514/243/198
f 754/244/199 514/243/199 538/245/199
f 514/246/200 518/174/200 141/178/200
f 754/247/201 538/248/201 81/249/201
f 538/248/202 142/250/202 81/249/202
f 538/251/203 141/252/203 142/253/203
f 82/254/204 150/181/204 539/157/204
f 82/255/205 539/256/205 164/257/205
f 150/181/206 522/188/206 539/157/206
f 572/258/207 575/259/207 571/260/207
f 540/261/208 542/262/208 575/259/208
f 193/263/209 540/261/209 572/258/209
f 168/264/210 541/265/210 170/266/210
f 541/265/211 172/267/211 543/268/211
f 170/269/212 543/270/212 540/271/212
f 171/272/213 541/273/213 168/274/213
f 543/275/214 191/276/214 542/277/214
f 171/278/215 567/279/215 541/280/215
f 544/281/216 545/282/216 567/283/216
f 547/284/217 570/285/217 546/286/217
f 190/287/218 547/284/218 546/286/218
f 548/288/219 175/289/219 176/290/219
f 175/291/220 173/292/220 549/293/220
f 173/292/221 554/294/221 549/293/221
f 551/295/222 563/296/222 554/294/222
f 199/297/223 550/298/223 551/299/223
f 176/290/224 553/300/224 177/301/224
f 553/300/225 562/302/225 177/301/225
f 549/293/226 554/294/226 552/303/226
f 549/293/227 552/303/227 553/304/227
f 566/305/228 178/306/228 554/294/228
f 555/307/229 557/308/229 181/309/229
f 179/310/230 556/311/230 557/312/230
f 556/311/231 183/313/231 557/312/231
f 589/314/232 180/315/232 558/316/232
f 201/317/233 558/316/233 182/318/233
f 185/319/234 559/320/234 204/321/234
f 557/308/235 183/322/235 560/323/235
f 184/324/236 569/325/236 561/326/236
f 177/327/237 547/284/237 190/287/237
f 189/328/238 190/287/238 169/329/238
f 188/330/239 563/296/239 560/331/239
f 564/332/240 566/333/240 188/334/240
f 567/335/241 180/336/241 576/337/241
f 568/338/242 180/339/242 567/340/242
f 569/325/243 184/324/243 568/341/243
f 545/342/244 569/325/244 568/341/244
f 545/343/245 568/338/245 567/340/245
f 570/285/246 569/325/246 545/342/246
f 570/285/247 187/344/247 569/325/247
f 552/345/248 192/346/248 562/302/248
f 562/347/249 192/348/249 570/285/249
f 192/348/250 15/349/250 570/285/250
f 561/326/251 187/344/251 15/349/251
f 561/326/252 15/349/252 565/350/252
f 565/350/253 15/349/253 192/348/253
f 566/351/254 192/346/254 178/352/254
f 565/350/255 192/348/255 566/353/255
f 48/354/256 197/355/256 525/195/256
f 571/356/257 197/355/257 48/354/257
f 525/195/258 526/197/258 23/357/258
f 4/358/259 571/356/259 48/354/259
f 197/355/260 196/201/260 39/196/260
f 50/359/261 572/258/261 4/360/261
f 573/361/262 193/263/262 5/362/262
f 194/363/263 193/263/263 573/361/263
f 195/364/264 170/266/264 193/263/264
f 195/364/265 168/264/265 170/266/265
f 574/365/266 169/366/266 194/367/266
f 197/355/267 40/199/267 196/201/267
f 575/368/268 40/199/268 197/355/268
f 575/368/269 527/200/269 40/199/269
f 542/277/270 527/200/270 575/368/270
f 576/337/271 41/369/271 2/370/271
f 576/337/272 3/371/272 41/369/272
f 820/372/273 578/373/273 198/374/273
f 577/375/274 198/374/274 53/376/274
f 579/377/275 173/378/275 578/373/275
f 578/373/276 175/289/276 548/288/276
f 578/373/277 173/378/277 175/289/277
f 579/377/278 199/297/278 173/378/278
f 200/379/279 581/380/279 580/381/279
f 581/380/280 550/298/280 199/297/280
f 580/381/281 581/380/281 199/297/281
f 53/376/282 582/382/282 635/383/282
f 198/374/283 582/382/283 53/376/283
f 198/374/284 174/384/284 582/382/284
f 174/384/285 176/290/285 583/385/285
f 583/386/286 177/387/286 52/388/286
f 585/389/287 189/390/287 574/365/287
f 46/391/288 586/392/288 47/393/288
f 47/393/289 586/392/289 77/394/289
f 586/392/290 555/307/290 181/309/290
f 44/228/291 556/395/291 179/396/291
f 44/228/292 43/230/292 556/395/292
f 179/397/293 557/308/293 555/307/293
f 587/398/294 588/399/294 201/317/294
f 43/400/295 201/317/295 182/318/295
f 42/233/296 589/401/296 588/402/296
f 42/233/297 3/403/297 589/401/297
f 588/399/298 589/314/298 201/317/298
f 181/309/299 590/404/299 77/394/299
f 181/309/300 591/405/300 590/404/300
f 590/404/301 591/405/301 202/406/301
f 592/407/302 79/408/302 202/409/302
f 202/409/303 185/319/303 592/407/303
f 593/410/304 200/379/304 203/411/304
f 203/411/305 816/412/305 79/408/305
f 550/298/306 581/380/306 593/410/306
f 595/413/307 209/414/307 621/415/307
f 596/416/308 595/417/308 617/418/308
f 207/419/309 595/413/309 596/420/309
f 207/419/310 597/421/310 595/413/310
f 606/422/311 211/423/311 205/424/311
f 205/424/312 211/423/312 208/425/312
f 597/421/313 622/426/313 209/414/313
f 210/427/314 212/428/314 622/429/314
f 208/425/315 210/430/315 597/421/315
f 607/431/316 233/432/316 598/433/316
f 211/423/317 598/433/317 208/425/317
f 627/434/318 216/435/318 214/436/318
f 214/436/319 216/435/319 215/437/319
f 214/436/320 215/437/320 600/438/320
f 630/439/321 17/440/321 216/435/321
f 17/440/322 218/441/322 216/435/322
f 219/442/323 599/443/323 601/444/323
f 601/444/324 605/445/324 231/446/324
f 600/438/325 221/447/325 220/448/325
f 216/435/326 217/449/326 221/447/326
f 217/449/327 602/450/327 221/447/327
f 217/449/328 218/441/328 602/450/328
f 226/451/329 239/452/329 638/453/329
f 603/454/330 224/455/330 237/456/330
f 225/457/331 224/455/331 603/454/331
f 223/458/332 225/457/332 603/454/332
f 227/459/333 239/452/333 226/451/333
f 604/460/334 229/461/334 227/459/334
f 223/458/335 609/462/335 225/457/335
f 223/458/336 230/463/336 609/462/336
f 605/445/337 606/422/337 231/446/337
f 605/445/338 211/423/338 606/422/338
f 605/445/339 607/431/339 211/423/339
f 611/464/340 233/432/340 607/431/340
f 608/465/341 17/440/341 641/466/341
f 609/462/342 218/467/342 604/460/342
f 16/468/343 610/469/343 212/470/343
f 232/471/344 18/472/344 623/473/344
f 16/468/345 234/474/345 228/475/345
f 234/474/346 230/463/346 228/475/346
f 233/432/347 234/476/347 16/477/347
f 16/468/348 232/471/348 610/469/348
f 233/432/349 612/478/349 234/476/349
f 221/447/350 612/478/350 611/464/350
f 221/447/351 602/450/351 612/478/351
f 602/450/352 613/479/352 612/478/352
f 611/464/353 612/478/353 233/432/353
f 682/480/354 614/481/354 681/482/354
f 614/483/355 4/358/355 48/354/355
f 681/484/356 525/195/356 23/357/356
f 681/484/357 48/354/357 525/195/357
f 617/485/358 594/486/358 615/487/358
f 618/488/359 617/485/359 616/489/359
f 619/490/360 596/420/360 618/488/360
f 710/491/361 619/490/361 618/488/361
f 207/419/362 596/420/362 619/490/362
f 620/492/363 619/490/363 710/491/363
f 313/493/364 620/492/364 710/491/364
f 708/494/365 620/492/365 313/493/365
f 633/495/366 205/424/366 620/492/366
f 206/496/367 50/359/367 49/497/367
f 621/498/368 5/499/368 50/500/368
f 49/497/369 50/359/369 4/360/369
f 622/429/370 235/501/370 573/361/370
f 573/361/371 235/501/371 194/363/371
f 56/502/372 624/503/372 55/504/372
f 626/505/373 213/506/373 624/503/373
f 626/505/374 625/507/374 213/506/374
f 236/508/375 626/509/375 61/510/375
f 60/511/376 629/512/376 236/508/376
f 236/513/377 629/514/377 214/436/377
f 628/515/378 631/516/378 630/439/378
f 629/514/379 630/439/379 627/434/379
f 707/517/380 219/442/380 632/518/380
f 53/376/381 634/519/381 577/375/381
f 635/383/382 222/520/382 634/519/382
f 222/520/383 638/453/383 634/519/383
f 635/521/384 634/522/384 53/523/384
f 584/524/385 237/456/385 52/525/385
f 584/524/386 603/454/386 237/456/386
f 238/526/387 603/454/387 584/524/387
f 51/527/388 238/526/388 636/528/388
f 623/473/389 223/458/389 51/527/389
f 637/529/390 639/530/390 57/531/390
f 639/532/391 822/533/391 57/534/391
f 638/453/392 637/529/392 634/519/392
f 239/452/393 240/535/393 637/529/393
f 240/536/394 640/537/394 639/538/394
f 639/532/395 58/539/395 822/533/395
f 640/540/396 631/541/396 59/542/396
f 639/532/397 640/540/397 823/543/397
f 17/440/398 631/516/398 641/466/398
f 241/544/399 251/545/399 246/546/399
f 642/547/400 252/548/400 251/545/400
f 247/549/401 248/550/401 249/551/401
f 249/552/402 647/553/402 252/554/402
f 242/555/403 250/556/403 248/550/403
f 250/556/404 643/557/404 258/558/404
f 242/555/405 243/559/405 250/556/405
f 243/560/406 253/561/406 643/562/406
f 299/563/407 245/564/407 244/565/407
f 245/564/408 254/566/408 253/561/408
f 300/567/409 693/568/409 255/569/409
f 246/570/410 256/571/410 645/572/410
f 252/573/411 646/574/411 256/571/411
f 645/572/412 264/575/412 651/576/412
f 252/548/413 257/577/413 646/578/413
f 646/578/414 257/577/414 653/579/414
f 646/574/415 653/580/415 256/571/415
f 256/571/416 653/580/416 264/575/416
f 647/581/417 258/558/417 257/577/417
f 258/558/418 263/582/418 259/583/418
f 253/561/419 648/584/419 260/585/419
f 261/586/420 262/587/420 649/588/420
f 253/561/421 261/586/421 648/584/421
f 313/589/422 651/590/422 652/591/422
f 645/592/423 651/593/423 711/594/423
f 651/593/424 270/595/424 652/596/424
f 264/597/425 654/598/425 270/595/425
f 654/599/426 19/600/426 275/601/426
f 259/583/427 266/602/427 655/603/427
f 265/604/428 19/605/428 654/606/428
f 267/607/429 271/608/429 266/602/429
f 664/609/430 271/608/430 267/607/430
f 263/582/431 267/607/431 266/602/431
f 643/562/432 260/585/432 267/610/432
f 267/610/433 656/611/433 664/612/433
f 664/609/434 276/613/434 271/608/434
f 262/587/435 656/611/435 649/588/435
f 268/614/436 272/615/436 656/611/436
f 656/611/437 272/615/437 277/616/437
f 260/585/438 649/588/438 267/610/438
f 650/617/439 657/618/439 269/619/439
f 302/620/440 657/618/440 650/617/440
f 652/596/441 658/621/441 659/622/441
f 659/622/442 658/621/442 280/623/442
f 659/624/443 280/625/443 273/626/443
f 652/596/444 274/627/444 658/621/444
f 658/621/445 274/627/445 280/623/445
f 270/595/446 275/628/446 660/629/446
f 274/627/447 660/629/447 667/630/447
f 276/631/448 663/632/448 661/633/448
f 271/634/449 276/631/449 19/635/449
f 661/633/450 669/636/450 670/637/450
f 662/638/451 672/639/451 671/640/451
f 664/612/452 277/616/452 278/641/452
f 664/642/453 278/643/453 662/644/453
f 656/611/454 277/616/454 664/612/454
f 279/645/455 665/646/455 269/619/455
f 277/616/456 269/619/456 665/646/456
f 279/645/457 283/647/457 665/646/457
f 277/616/458 665/646/458 278/641/458
f 667/630/459 668/648/459 280/623/459
f 668/648/460 290/649/460 280/623/460
f 660/629/461 668/648/461 667/630/461
f 669/636/462 281/650/462 670/637/462
f 668/651/463 285/652/463 675/653/463
f 671/640/464 287/654/464 281/650/464
f 672/639/465 679/655/465 287/654/465
f 673/656/466 288/657/466 293/658/466
f 282/659/467 673/656/467 679/655/467
f 278/641/468 673/656/468 282/659/468
f 280/623/469 290/649/469 674/660/469
f 294/661/470 309/662/470 674/663/470
f 289/664/471 311/665/471 706/666/471
f 675/653/472 294/661/472 290/667/472
f 675/653/473 285/652/473 291/668/473
f 292/669/474 677/670/474 285/652/474
f 285/671/475 676/672/475 291/673/475
f 292/669/476 286/674/476 677/670/476
f 677/670/477 701/675/477 678/676/477
f 678/676/478 701/675/478 307/677/478
f 679/655/479 296/678/479 701/675/479
f 679/655/480 293/658/480 296/678/480
f 293/658/481 304/679/481 296/678/481
f 680/680/482 683/681/482 682/480/482
f 683/681/483 241/544/483 714/682/483
f 29/683/484 684/684/484 683/681/484
f 684/684/485 642/547/485 683/681/485
f 642/547/486 241/544/486 683/681/486
f 29/685/487 683/686/487 115/71/487
f 30/88/488 297/687/488 685/688/488
f 30/88/489 686/689/489 297/687/489
f 686/689/490 243/559/490 242/555/490
f 298/690/491 687/691/491 686/689/491
f 686/689/492 687/691/492 243/559/492
f 299/563/493 244/565/493 687/692/493
f 33/693/494 299/563/494 32/694/494
f 688/695/495 245/564/495 299/563/495
f 492/696/496 688/695/496 33/693/496
f 688/695/497 644/697/497 245/564/497
f 492/696/498 120/107/498 688/695/498
f 120/107/499 689/698/499 688/695/499
f 692/699/500 691/700/500 690/109/500
f 689/698/501 691/700/501 300/567/501
f 690/109/502 689/698/502 120/107/502
f 692/699/503 693/568/503 691/700/503
f 694/701/504 302/620/504 255/569/504
f 34/702/505 773/703/505 302/620/505
f 695/704/506 657/618/506 302/620/506
f 773/703/507 695/704/507 302/620/507
f 35/705/508 698/706/508 283/647/508
f 35/705/509 36/707/509 698/706/509
f 283/647/510 698/706/510 284/708/510
f 284/708/511 37/709/511 288/657/511
f 288/657/512 699/710/512 304/679/512
f 304/679/513 699/710/513 68/711/513
f 699/710/514 38/712/514 68/711/514
f 296/678/515 304/679/515 700/713/515
f 700/713/516 70/714/516 305/715/516
f 700/713/517 68/711/517 70/714/517
f 305/715/518 70/714/518 71/716/518
f 306/717/519 71/716/519 72/718/519
f 701/675/520 700/713/520 305/715/520
f 295/719/521 306/717/521 702/720/521
f 306/717/522 72/718/522 702/720/522
f 678/676/523 307/677/523 295/719/523
f 676/672/524 705/721/524 703/722/524
f 676/672/525 703/722/525 291/673/525
f 705/723/526 73/724/526 74/725/526
f 309/662/527 705/726/527 308/727/527
f 294/661/528 703/728/528 704/729/528
f 705/730/529 75/731/529 308/732/529
f 311/665/530 308/733/530 310/734/530
f 308/733/531 75/735/531 310/734/531
f 311/736/532 309/662/532 308/727/532
f 312/737/533 56/502/533 707/517/533
f 311/665/534 312/737/534 706/666/534
f 707/517/535 56/502/535 55/504/535
f 709/738/536 289/664/536 6/739/536
f 273/740/537 666/741/537 709/742/537
f 313/589/538 659/624/538 273/626/538
f 708/494/539 709/738/539 54/743/539
f 708/744/540 273/740/540 709/742/540
f 54/743/541 709/738/541 6/739/541
f 620/492/542 708/494/542 633/495/542
f 711/594/543 313/493/543 710/491/543
f 314/745/544 711/594/544 710/491/544
f 246/546/545 645/592/545 712/746/545
f 712/746/546 645/592/546 314/745/546
f 616/489/547 314/745/547 618/488/547
f 615/487/548 712/746/548 616/489/548
f 715/747/549 318/748/549 317/749/549
f 319/750/550 722/751/550 318/748/550
f 716/752/551 319/750/551 715/747/551
f 315/753/552 320/754/552 20/755/552
f 321/756/553 320/757/553 315/758/553
f 20/755/554 320/754/554 717/759/554
f 718/760/555 321/756/555 315/758/555
f 718/760/556 322/761/556 321/756/556
f 749/762/557 718/760/557 315/758/557
f 316/763/558 720/764/558 719/765/558
f 720/766/559 325/767/559 719/768/559
f 721/769/560 720/764/560 316/763/560
f 722/751/561 326/770/561 318/748/561
f 722/751/562 340/771/562 334/772/562
f 717/759/563 335/773/563 722/751/563
f 320/754/564 335/773/564 717/759/564
f 329/774/565 327/775/565 320/754/565
f 329/774/566 336/776/566 327/775/566
f 328/777/567 329/778/567 320/779/567
f 330/780/568 725/781/568 336/776/568
f 324/782/569 726/783/569 328/784/569
f 324/782/570 328/784/570 321/756/570
f 324/785/571 723/786/571 726/787/571
f 322/788/572 723/786/572 324/785/572
f 322/788/573 325/789/573 723/786/573
f 332/790/574 337/791/574 723/786/574
f 333/792/575 729/793/575 337/791/575
f 340/771/576 724/794/576 334/772/576
f 724/794/577 344/795/577 339/796/577
f 341/797/578 344/795/578 724/794/578
f 336/776/579 724/794/579 335/773/579
f 725/781/580 341/797/580 724/794/580
f 330/780/581 342/798/581 725/781/581
f 726/787/582 728/799/582 727/800/582
f 728/799/583 347/801/583 727/800/583
f 727/800/584 342/798/584 330/780/584
f 726/787/585 337/791/585 728/799/585
f 337/791/586 349/802/586 728/799/586
f 729/793/587 350/803/587 349/802/587
f 343/804/588 371/805/588 332/806/588
f 344/807/589 345/808/589 772/809/589
f 341/797/590 352/810/590 344/795/590
f 730/811/591 353/812/591 346/813/591
f 725/781/592 730/811/592 341/797/592
f 731/814/593 734/815/593 730/811/593
f 348/816/594 354/817/594 734/815/594
f 350/803/595 348/816/595 347/801/595
f 347/801/596 348/816/596 731/814/596
f 350/803/597 354/817/597 348/816/597
f 349/802/598 347/801/598 728/799/598
f 729/793/599 732/818/599 350/803/599
f 732/818/600 21/819/600 350/803/600
f 371/820/601 351/821/601 733/822/601
f 352/823/602 356/824/602 377/825/602
f 358/826/603 376/827/603 356/824/603
f 734/815/604 741/828/604 353/812/604
f 346/829/605 353/830/605 356/824/605
f 736/831/606 742/832/606 735/833/606
f 354/817/607 741/828/607 734/815/607
f 354/817/608 21/819/608 738/834/608
f 360/835/609 359/836/609 738/834/609
f 757/837/610 739/838/610 355/839/610
f 758/840/611 759/841/611 739/838/611
f 358/826/612 740/842/612 376/827/612
f 741/828/613 361/843/613 358/844/613
f 735/833/614 743/845/614 361/843/614
f 743/845/615 768/846/615 361/843/615
f 745/847/616 744/848/616 742/832/616
f 767/849/617 363/850/617 744/848/617
f 745/847/618 767/849/618 744/848/618
f 363/850/619 743/845/619 744/848/619
f 364/851/620 767/849/620 745/847/620
f 359/836/621 745/847/621 736/831/621
f 360/835/622 362/852/622 359/836/622
f 746/853/623 364/851/623 362/852/623
f 357/854/624 746/853/624 360/835/624
f 739/838/625 746/853/625 357/854/625
f 747/855/626 764/856/626 746/853/626
f 759/841/627 747/855/627 739/838/627
f 690/109/628 365/110/628 692/699/628
f 366/857/629 317/749/629 365/858/629
f 367/859/630 366/857/630 365/858/630
f 748/126/631 716/752/631 367/859/631
f 368/125/632 716/752/632 748/126/632
f 716/752/633 366/857/633 367/859/633
f 116/127/634 749/860/634 368/861/634
f 369/862/635 749/860/635 116/127/635
f 315/753/636 20/755/636 368/125/636
f 750/97/637 749/860/637 369/862/637
f 67/98/638 718/863/638 750/97/638
f 751/864/639 718/865/639 67/866/639
f 483/867/640 751/864/640 67/866/640
f 752/868/641 753/869/641 751/864/641
f 753/869/642 316/763/642 751/864/642
f 80/241/643 323/870/643 752/871/643
f 323/872/644 754/873/644 721/874/644
f 721/769/645 754/247/645 370/875/645
f 755/876/646 82/255/646 756/877/646
f 756/877/647 164/257/647 343/878/647
f 756/877/648 82/255/648 164/257/648
f 371/820/649 129/224/649 351/821/649
f 351/821/650 163/223/650 757/837/650
f 757/837/651 83/225/651 758/840/651
f 163/223/652 83/225/652 757/837/652
f 759/841/653 761/879/653 747/855/653
f 761/879/654 763/880/654 747/855/654
f 760/222/655 84/216/655 761/881/655
f 762/882/656 66/883/656 813/884/656
f 47/885/657 66/886/657 762/887/657
f 761/879/658 813/884/658 763/880/658
f 763/880/659 65/888/659 764/856/659
f 65/888/660 766/889/660 372/890/660
f 767/849/661 765/891/661 373/892/661
f 372/890/662 766/889/662 765/891/662
f 364/851/663 765/891/663 767/849/663
f 766/893/664 430/894/664 765/895/664
f 363/850/665 428/896/665 769/897/665
f 373/892/666 64/898/666 428/896/666
f 363/850/667 769/897/667 743/845/667
f 769/897/668 428/896/668 426/899/668
f 426/899/669 63/900/669 768/846/669
f 768/901/670 770/902/670 374/903/670
f 770/902/671 62/904/671 374/903/671
f 768/901/672 63/905/672 770/902/672
f 63/905/673 62/904/673 770/902/673
f 374/903/674 38/712/674 375/906/674
f 374/903/675 375/906/675 771/907/675
f 356/824/676 36/707/676 377/825/676
f 36/707/677 376/827/677 771/907/677
f 35/705/678 377/825/678 36/707/678
f 34/702/679 338/908/679 773/703/679
f 338/908/680 696/909/680 773/703/680
f 339/910/681 772/809/681 696/909/681
f 326/770/682 34/911/682 378/912/682
f 326/770/683 334/772/683 338/913/683
f 427/914/684 383/915/684 379/916/684
f 774/917/685 383/915/685 427/914/685
f 379/916/686 383/915/686 425/918/686
f 384/919/687 774/917/687 427/914/687
f 384/920/688 389/921/688 774/922/688
f 389/923/689 387/924/689 774/925/689
f 775/926/690 388/927/690 384/928/690
f 776/929/691 388/927/691 775/926/691
f 777/930/692 776/929/692 775/926/692
f 777/931/693 778/932/693 776/933/693
f 778/932/694 390/934/694 776/933/694
f 431/935/695 778/932/695 777/931/695
f 381/936/696 779/937/696 431/935/696
f 381/936/697 431/935/697 811/938/697
f 382/939/698 780/940/698 812/941/698
f 385/942/699 780/943/699 382/944/699
f 383/945/700 387/946/700 386/947/700
f 392/948/701 781/949/701 387/946/701
f 388/950/702 782/951/702 389/952/702
f 782/951/703 785/953/703 389/952/703
f 390/934/704 388/950/704 776/933/704
f 390/934/705 782/951/705 388/950/705
f 390/934/706 393/954/706 782/951/706
f 399/955/707 393/954/707 390/934/707
f 783/956/708 394/957/708 390/934/708
f 784/958/709 396/959/709 22/960/709
f 391/961/710 396/959/710 784/958/710
f 396/959/711 395/962/711 22/960/711
f 392/948/712 398/963/712 397/964/712
f 785/953/713 398/963/713 392/948/713
f 785/953/714 791/965/714 398/963/714
f 392/948/715 397/964/715 781/949/715
f 791/965/716 402/966/716 398/963/716
f 786/967/717 792/968/717 785/953/717
f 393/954/718 785/953/718 782/951/718
f 399/955/719 787/969/719 786/967/719
f 788/970/720 787/969/720 399/955/720
f 394/957/721 788/970/721 399/955/721
f 395/962/722 403/971/722 788/970/722
f 395/962/723 788/970/723 394/957/723
f 396/959/724 789/972/724 395/962/724
f 400/973/725 401/974/725 396/959/725
f 402/966/726 790/975/726 404/976/726
f 790/975/727 409/977/727 404/976/727
f 792/968/728 406/978/728 405/979/728
f 794/980/729 799/981/729 792/968/729
f 791/965/730 405/979/730 790/975/730
f 786/967/731 794/980/731 792/968/731
f 788/970/732 793/982/732 787/969/732
f 795/983/733 802/984/733 793/982/733
f 403/971/734 795/983/734 788/970/734
f 796/985/735 407/986/735 403/971/735
f 408/987/736 796/985/736 797/988/736
f 408/987/737 411/989/737 796/985/737
f 796/985/738 410/990/738 407/986/738
f 403/971/739 407/986/739 795/983/739
f 405/979/740 798/991/740 409/977/740
f 798/991/741 417/992/741 829/993/741
f 798/991/742 413/994/742 417/992/742
f 801/995/743 414/996/743 799/981/743
f 407/986/744 415/997/744 795/983/744
f 415/997/745 801/995/745 800/998/745
f 410/990/746 415/997/746 407/986/746
f 410/990/747 420/999/747 807/1000/747
f 411/989/748 408/987/748 416/1001/748
f 408/987/749 412/1002/749 416/1001/749
f 410/990/750 416/1001/750 420/999/750
f 804/1003/751 803/1004/751 413/994/751
f 804/1003/752 805/1005/752 422/1006/752
f 422/1006/753 805/1005/753 826/1007/753
f 803/1004/754 422/1006/754 827/1008/754
f 439/1009/755 805/1005/755 418/1010/755
f 419/1011/756 439/1009/756 418/1010/756
f 415/997/757 419/1011/757 801/995/757
f 806/1012/758 438/1013/758 424/1014/758
f 420/999/759 416/1001/759 421/1015/759
f 420/999/760 421/1015/760 438/1013/760
f 412/1002/761 421/1015/761 416/1001/761
f 62/904/762 808/1016/762 38/712/762
f 425/1017/763 832/1018/763 808/1016/763
f 808/1016/764 68/711/764 38/712/764
f 426/899/765 429/1019/765 809/1020/765
f 63/900/766 426/899/766 809/1020/766
f 64/898/767 380/1021/767 429/1019/767
f 380/1022/768 384/1023/768 429/1024/768
f 765/891/769 430/1025/769 64/898/769
f 810/1026/770 775/1027/770 380/1028/770
f 766/893/771 810/1029/771 430/894/771
f 65/1030/772 810/1029/772 766/893/772
f 65/1030/773 811/1031/773 810/1029/773
f 433/1032/774 812/1033/774 432/1034/774
f 66/883/775 434/1035/775 433/1032/775
f 77/1036/776 814/1037/776 66/883/776
f 66/883/777 433/1032/777 813/884/777
f 434/1035/778 385/942/778 382/944/778
f 814/1037/779 78/1038/779 385/942/779
f 78/1038/780 815/1039/780 385/942/780
f 78/1040/781 435/1041/781 815/1042/781
f 815/1042/782 435/1041/782 391/961/782
f 435/1041/783 400/973/783 391/961/783
f 435/1041/784 817/1043/784 401/974/784
f 435/1041/785 401/974/785 400/973/785
f 818/1044/786 408/987/786 817/1043/786
f 436/1045/787 580/1046/787 819/1047/787
f 436/1045/788 819/1047/788 412/1002/788
f 421/1015/789 820/1048/789 437/1049/789
f 198/374/790 57/531/790 437/1050/790
f 198/374/791 577/375/791 57/531/791
f 437/1049/792 57/534/792 822/533/792
f 421/1015/793 437/1049/793 821/1051/793
f 424/1014/794 822/533/794 58/539/794
f 438/1013/795 821/1051/795 424/1014/795
f 423/1052/796 58/539/796 823/543/796
f 805/1005/797 824/1053/797 440/1054/797
f 439/1009/798 423/1052/798 824/1053/798
f 440/1054/799 824/1053/799 628/1055/799
f 826/1007/800 60/511/800 422/1006/800
f 805/1005/801 440/1054/801 826/1007/801
f 440/1054/802 629/512/802 826/1007/802
f 827/1008/803 236/508/803 61/510/803
f 827/1008/804 61/510/804 442/1056/804
f 442/1056/805 61/510/805 76/1057/805
f 61/510/806 626/509/806 76/1057/806
f 441/1058/807 76/1057/807 310/1059/807
f 828/1060/808 441/1058/808 75/1061/808
f 417/992/809 828/1060/809 829/993/809
f 441/1062/810 310/734/810 75/735/810
f 443/1063/811 829/993/811 74/1064/811
f 409/977/812 829/993/812 443/1063/812
f 829/993/813 828/1060/813 75/1061/813
f 404/976/814 443/1063/814 444/1065/814
f 409/977/815 443/1063/815 404/976/815
f 397/964/816 404/976/816 830/1066/816
f 444/1065/817 74/1064/817 73/1067/817
f 445/1068/818 73/1067/818 831/1069/818
f 830/1066/819 73/1067/819 445/1068/819
f 830/1066/820 444/1065/820 73/1067/820
f 831/1069/821 73/1067/821 72/1070/821
f 383/945/822 386/947/822 446/1071/822
f 386/947/823 445/1068/823 831/1069/823
f 383/945/824 446/1071/824 832/1072/824
f 446/1073/825 71/716/825 70/714/825
f 832/1018/826 70/714/826 69/1074/826
f 85/7/827 447/1/827 86/3/827
f 90/14/828 448/2/828 93/67/828
f 448/2/829 90/14/829 480/4/829
f 447/1/830 87/8/830 89/6/830
f 449/9/831 114/11/831 88/10/831
f 90/14/832 93/67/832 470/15/832
f 93/67/833 448/2/833 92/17/833
f 91/18/834 89/6/834 450/13/834
f 92/17/835 91/18/835 450/13/835
f 94/1075/836 451/1076/836 487/1077/836
f 95/1078/837 453/27/837 452/26/837
f 95/1078/838 452/26/838 484/22/838
f 486/32/839 98/31/839 456/29/839
f 116/127/840 455/30/840 486/32/840
f 96/24/841 97/35/841 107/34/841
f 97/35/842 99/38/842 106/36/842
f 454/28/843 97/35/843 96/24/843
f 454/28/844 456/29/844 97/35/844
f 98/31/845 466/39/845 100/37/845
f 457/33/846 473/58/846 466/39/846
f 458/42/847 459/41/847 460/1079/847
f 460/1079/848 459/41/848 463/57/848
f 459/41/849 461/47/849 463/57/849
f 461/47/850 103/50/850 463/57/850
f 495/1080/851 122/46/851 459/41/851
f 497/123/852 104/44/852 467/52/852
f 462/51/853 469/61/853 467/52/853
f 458/42/854 460/1079/854 104/44/854
f 104/1081/855 460/1082/855 462/1083/855
f 462/1083/856 460/1082/856 463/1084/856
f 463/57/857 105/62/857 462/51/857
f 463/57/858 464/56/858 105/62/858
f 105/62/859 464/56/859 110/63/859
f 464/56/860 103/50/860 110/63/860
f 106/36/861 465/12/861 489/106/861
f 489/106/862 465/12/862 114/11/862
f 107/34/863 106/36/863 489/106/863
f 99/38/864 466/39/864 465/12/864
f 466/39/865 450/13/865 465/12/865
f 473/58/866 112/69/866 450/13/866
f 108/60/867 468/59/867 455/30/867
f 468/59/868 469/61/868 457/33/868
f 481/16/869 470/15/869 111/49/869
f 111/49/870 470/15/870 472/66/870
f 472/66/871 471/65/871 103/50/871
f 111/49/872 472/66/872 103/50/872
f 450/13/873 112/69/873 471/65/873
f 473/58/874 109/64/874 112/69/874
f 457/33/875 109/64/875 473/58/875
f 109/64/876 9/68/876 112/69/876
f 23/357/877 474/204/877 680/1085/877
f 24/77/878 475/79/878 474/1086/878
f 113/76/879 474/1086/879 475/79/879
f 113/76/880 475/79/880 86/3/880
f 475/79/881 477/78/881 86/3/881
f 476/80/882 114/11/882 449/9/882
f 25/208/883 478/210/883 476/207/883
f 478/81/884 490/83/884 114/11/884
f 29/1087/885 479/5/885 685/1088/885
f 480/4/886 481/16/886 685/1088/886
f 479/5/887 480/4/887 685/1088/887
f 685/688/888 481/86/888 30/88/888
f 31/1089/889 481/16/889 11/48/889
f 11/48/890 122/46/890 31/1089/890
f 31/1089/891 122/46/891 494/1090/891
f 482/1091/892 117/21/892 536/100/892
f 752/871/893 117/21/893 482/1091/893
f 752/871/894 483/92/894 117/21/894
f 483/92/895 94/19/895 117/21/895
f 515/169/896 166/236/896 28/1092/896 167/240/896
f 67/98/897 485/93/897 95/1078/897
f 67/98/898 95/1078/898 484/22/898
f 67/98/899 484/22/899 483/92/899
f 750/97/900 486/32/900 485/93/900
f 485/93/901 453/27/901 95/1078/901
f 117/21/902 487/20/902 1/99/902
f 487/20/903 10/25/903 118/101/903
f 10/25/904 107/34/904 118/101/904
f 118/101/905 107/34/905 119/103/905
f 118/101/906 119/103/906 28/102/906
f 488/105/907 490/83/907 27/104/907
f 491/119/908 120/111/908 102/45/908
f 120/111/909 492/1093/909 493/112/909
f 102/45/910 120/111/910 121/113/910
f 492/1093/911 33/1094/911 495/1080/911
f 493/112/912 492/1093/912 459/41/912
f 492/1093/913 495/1080/913 459/41/913
f 32/1095/914 495/1080/914 33/1094/914
f 495/1080/915 32/1095/915 494/1090/915
f 32/1095/916 31/1089/916 494/1090/916
f 495/1080/917 494/1090/917 122/46/917
f 365/117/918 102/45/918 496/43/918
f 498/118/919 497/123/919 467/52/919
f 368/861/920 498/118/920 108/60/920
f 498/118/921 467/52/921 108/60/921
f 368/861/922 108/60/922 116/127/922
f 500/131/923 124/128/923 499/130/923
f 159/198/924 500/131/924 160/132/924
f 123/134/925 506/137/925 125/129/925
f 123/134/926 157/139/926 502/136/926
f 124/128/927 501/135/927 125/129/927
f 12/140/928 503/1096/928 508/141/928
f 506/137/929 502/136/929 508/141/929
f 125/129/930 505/138/930 504/133/930
f 160/132/931 530/142/931 529/202/931
f 504/133/932 154/143/932 530/142/932
f 505/138/933 126/146/933 154/143/933
f 506/137/934 507/144/934 126/146/934
f 506/137/935 126/146/935 505/138/935
f 508/141/936 521/194/936 127/147/936
f 503/1096/937 521/194/937 508/141/937
f 127/147/938 521/194/938 524/192/938
f 128/221/939 130/150/939 165/214/939
f 130/150/940 132/149/940 532/161/940
f 165/214/941 130/150/941 532/161/941
f 162/152/942 131/148/942 130/150/942
f 13/154/943 134/158/943 509/156/943
f 509/156/944 511/159/944 133/151/944
f 132/149/945 510/162/945 533/160/945
f 133/151/946 511/159/946 135/155/946
f 511/159/947 137/168/947 512/166/947
f 513/238/948 139/172/948 518/174/948
f 514/246/949 513/238/949 518/174/949
f 139/172/950 515/169/950 140/171/950
f 139/172/951 140/171/951 516/1097/951
f 139/172/952 516/1097/952 520/173/952
f 166/236/953 515/169/953 139/172/953
f 517/170/954 143/175/954 140/171/954
f 141/178/955 519/177/955 145/180/955
f 519/177/956 518/174/956 146/179/956
f 145/180/957 146/179/957 151/189/957
f 142/182/958 141/178/958 145/180/958
f 518/174/959 520/173/959 146/179/959
f 520/173/960 147/185/960 153/183/960
f 520/173/961 516/1097/961 147/185/961
f 516/1097/962 140/171/962 147/185/962
f 136/165/963 148/186/963 534/163/963
f 148/186/964 136/165/964 12/140/964
f 136/165/965 503/1096/965 12/140/965
f 149/164/966 503/1096/966 136/165/966
f 148/186/967 12/140/967 158/232/967
f 512/166/968 521/194/968 149/164/968
f 149/164/969 521/194/969 503/1096/969
f 512/166/970 137/168/970 521/194/970
f 150/181/971 145/180/971 522/188/971
f 145/180/972 151/189/972 523/167/972
f 522/188/973 523/167/973 134/158/973
f 539/157/974 522/188/974 134/158/974
f 151/189/975 153/183/975 152/190/975
f 126/146/976 155/145/976 154/143/976
f 154/143/977 155/145/977 138/176/977
f 507/144/978 127/147/978 143/175/978
f 147/185/979 144/184/979 156/193/979
f 23/357/980 526/197/980 159/198/980
f 23/357/981 159/198/981 474/204/981
f 39/196/982 196/201/982 124/128/982
f 526/197/983 124/128/983 500/131/983
f 527/200/984 2/1098/984 157/139/984
f 124/128/985 196/201/985 501/135/985
f 2/1098/986 41/1099/986 157/139/986
f 41/1099/987 3/403/987 158/232/987
f 41/1099/988 158/232/988 157/139/988
f 157/139/989 158/232/989 12/140/989
f 474/204/990 159/198/990 528/203/990
f 528/203/991 159/198/991 160/132/991
f 528/203/992 529/202/992 24/205/992
f 529/202/993 530/142/993 161/206/993
f 25/208/994 138/176/994 26/209/994
f 762/887/995 46/215/995 47/885/995
f 762/887/996 84/216/996 46/215/996
f 760/222/997 128/221/997 165/214/997
f 8/220/998 162/152/998 128/221/998
f 83/1100/999 162/152/999 8/220/999
f 83/1100/1000 129/153/1000 162/152/1000
f 164/257/1001 539/256/1001 13/1101/1001
f 165/214/1002 531/227/1002 45/229/1002
f 531/227/1003 532/161/1003 44/228/1003
f 533/160/1004 534/163/1004 587/231/1004
f 42/233/1005 158/232/1005 3/403/1005
f 80/91/1006 537/234/1006 513/1102/1006
f 536/1103/1007 1/235/1007 537/237/1007
f 537/237/1008 166/236/1008 139/172/1008
f 202/406/1009 78/1104/1009 77/394/1009 590/404/1009
f 1/235/1010 28/1092/1010 166/236/1010
f 28/1092/1011 27/239/1011 167/240/1011
f 167/240/1012 26/209/1012 138/176/1012
f 167/240/1013 138/176/1013 517/170/1013
f 515/169/1014 167/240/1014 517/170/1014
f 7/1105/1015 80/241/1015 514/243/1015
f 514/246/1016 141/178/1016 538/1106/1016
f 7/1105/1017 514/243/1017 754/244/1017
f 81/1107/1018 142/182/1018 150/181/1018
f 81/1107/1019 150/181/1019 82/254/1019
f 755/876/1020 754/247/1020 81/249/1020
f 572/258/1021 540/261/1021 575/259/1021
f 571/356/1022 575/368/1022 197/355/1022
f 170/266/1023 541/265/1023 543/268/1023
f 193/263/1024 170/266/1024 540/261/1024
f 169/366/1025 190/1108/1025 171/272/1025
f 190/287/1026 546/286/1026 171/1109/1026
f 540/271/1027 543/270/1027 542/1110/1027
f 543/268/1028 172/267/1028 191/1111/1028
f 171/1112/1029 544/1113/1029 567/1114/1029
f 541/265/1030 567/335/1030 172/267/1030
f 544/281/1031 546/1115/1031 545/282/1031
f 171/1116/1032 546/1117/1032 544/1118/1032
f 546/286/1033 570/285/1033 545/342/1033
f 198/374/1034 548/288/1034 174/384/1034
f 174/384/1035 548/288/1035 176/290/1035
f 176/1119/1036 175/291/1036 549/293/1036
f 173/292/1037 551/295/1037 554/294/1037
f 173/378/1038 199/297/1038 551/299/1038
f 554/294/1039 563/296/1039 566/305/1039
f 176/290/1040 549/1120/1040 553/300/1040
f 52/525/1041 177/301/1041 189/390/1041
f 583/385/1042 176/290/1042 177/301/1042
f 553/300/1043 552/345/1043 562/302/1043
f 552/303/1044 554/294/1044 178/306/1044
f 591/405/1045 181/309/1045 557/308/1045
f 591/405/1046 557/308/1046 560/323/1046
f 556/311/1047 182/1121/1047 183/313/1047
f 201/317/1048 589/314/1048 558/316/1048
f 558/1122/1049 180/339/1049 184/1123/1049
f 182/318/1050 558/316/1050 184/1124/1050
f 182/318/1051 184/1124/1051 186/1125/1051
f 185/1126/1052 591/405/1052 560/323/1052
f 185/319/1053 560/1127/1053 559/320/1053
f 183/1128/1054 186/1129/1054 564/332/1054
f 188/334/1055 183/1128/1055 564/332/1055
f 564/1130/1056 186/1131/1056 565/350/1056
f 183/1132/1057 182/318/1057 186/1125/1057
f 183/1128/1058 188/334/1058 560/1133/1058
f 186/1131/1059 561/326/1059 565/350/1059
f 561/326/1060 569/325/1060 187/344/1060
f 186/1134/1061 184/1135/1061 561/1136/1061
f 189/328/1062 177/327/1062 190/287/1062
f 547/284/1063 562/347/1063 570/285/1063
f 177/327/1064 562/347/1064 547/284/1064
f 559/320/1065 560/1127/1065 563/1137/1065
f 559/320/1066 550/298/1066 593/410/1066
f 559/320/1067 563/1137/1067 550/298/1067
f 563/1137/1068 551/299/1068 550/298/1068
f 204/321/1069 559/320/1069 593/410/1069
f 564/332/1070 565/1138/1070 566/333/1070
f 188/330/1071 566/305/1071 563/296/1071
f 568/338/1072 184/1123/1072 180/339/1072
f 172/267/1073 576/337/1073 191/1111/1073
f 172/267/1074 567/335/1074 576/337/1074
f 570/285/1075 15/349/1075 187/344/1075
f 552/345/1076 178/352/1076 192/346/1076
f 525/195/1077 197/355/1077 39/196/1077
f 4/358/1078 572/1139/1078 571/356/1078
f 50/359/1079 193/263/1079 572/258/1079
f 5/1140/1080 193/1141/1080 50/1142/1080
f 194/363/1081 195/364/1081 193/263/1081
f 51/527/1082 574/365/1082 194/367/1082
f 194/367/1083 169/366/1083 195/1143/1083
f 169/366/1084 171/272/1084 168/274/1084
f 195/1143/1085 169/366/1085 168/274/1085
f 542/277/1086 191/276/1086 527/200/1086
f 527/1144/1087 191/1145/1087 2/1146/1087
f 191/1111/1088 576/337/1088 2/370/1088
f 576/337/1089 180/336/1089 3/371/1089
f 198/374/1090 578/373/1090 548/288/1090
f 820/372/1091 579/377/1091 578/373/1091
f 579/377/1092 580/381/1092 199/297/1092
f 581/380/1093 200/379/1093 593/410/1093
f 582/382/1094 174/384/1094 583/385/1094
f 635/383/1095 582/382/1095 583/385/1095
f 237/1147/1096 583/386/1096 52/388/1096
f 635/383/1097 583/385/1097 237/456/1097
f 584/524/1098 52/525/1098 585/389/1098
f 52/525/1099 189/390/1099 585/389/1099
f 636/528/1100 585/389/1100 574/365/1100
f 574/365/1101 189/390/1101 169/366/1101
f 51/527/1102 636/528/1102 574/365/1102
f 238/526/1103 585/389/1103 636/528/1103
f 586/392/1104 46/391/1104 555/307/1104
f 77/394/1105 586/392/1105 181/309/1105
f 46/215/1106 45/229/1106 555/1148/1106
f 45/229/1107 44/228/1107 179/396/1107
f 555/1148/1108 45/229/1108 179/396/1108
f 43/400/1109 587/398/1109 201/317/1109
f 556/395/1110 43/230/1110 182/1149/1110
f 587/398/1111 42/1150/1111 588/399/1111
f 589/1151/1112 3/1152/1112 180/1153/1112
f 600/438/1113 599/443/1113 625/507/1113 214/436/1113
f 592/407/1114 203/411/1114 79/408/1114
f 202/406/1115 591/405/1115 185/1126/1115
f 592/407/1116 185/319/1116 204/321/1116
f 592/407/1117 204/321/1117 203/411/1117
f 78/1154/1118 202/409/1118 79/408/1118
f 204/321/1119 593/410/1119 203/411/1119
f 203/411/1120 200/379/1120 816/412/1120
f 594/486/1121 621/415/1121 206/1155/1121
f 594/486/1122 595/413/1122 621/415/1122
f 617/485/1123 595/413/1123 594/486/1123
f 594/1156/1124 206/496/1124 49/497/1124
f 207/419/1125 208/425/1125 597/421/1125
f 207/419/1126 205/424/1126 208/425/1126
f 622/429/1127 212/428/1127 235/501/1127
f 595/413/1128 597/421/1128 209/414/1128
f 597/1157/1129 210/427/1129 622/429/1129
f 210/430/1130 16/477/1130 212/1158/1130
f 208/425/1131 598/433/1131 210/430/1131
f 210/430/1132 598/433/1132 16/477/1132
f 211/423/1133 607/431/1133 598/433/1133
f 598/433/1134 233/432/1134 16/477/1134
f 269/619/1135 277/616/1135 272/615/1135 268/614/1135
f 213/506/1136 599/443/1136 219/442/1136
f 213/506/1137 625/507/1137 599/443/1137
f 627/434/1138 630/439/1138 216/435/1138
f 216/435/1139 218/441/1139 217/449/1139
f 601/444/1140 599/443/1140 220/448/1140
f 601/444/1141 220/448/1141 605/445/1141
f 600/438/1142 215/437/1142 221/447/1142
f 215/437/1143 216/435/1143 221/447/1143
f 599/443/1144 600/438/1144 220/448/1144
f 220/448/1145 221/447/1145 611/464/1145
f 602/1159/1146 218/467/1146 609/462/1146
f 237/456/1147 226/451/1147 222/520/1147
f 222/520/1148 226/451/1148 638/453/1148
f 224/455/1149 227/459/1149 226/451/1149
f 237/456/1150 224/455/1150 226/451/1150
f 225/457/1151 604/460/1151 224/455/1151
f 623/473/1152 18/472/1152 223/458/1152
f 223/458/1153 18/472/1153 228/475/1153
f 239/452/1154 227/459/1154 240/535/1154
f 227/1160/1155 608/465/1155 240/536/1155
f 227/459/1156 229/461/1156 608/1161/1156
f 240/536/1157 608/465/1157 641/466/1157
f 224/455/1158 604/460/1158 227/459/1158
f 225/457/1159 609/462/1159 604/460/1159
f 223/458/1160 228/475/1160 230/463/1160
f 605/445/1161 220/448/1161 607/431/1161
f 220/448/1162 611/464/1162 607/431/1162
f 608/1161/1163 229/461/1163 218/467/1163
f 608/465/1164 218/441/1164 17/440/1164
f 229/1162/1165 604/1163/1165 218/1164/1165
f 212/470/1166 610/469/1166 235/1165/1166
f 610/469/1167 232/471/1167 623/473/1167
f 235/1165/1168 610/469/1168 623/473/1168
f 16/468/1169 228/475/1169 232/471/1169
f 232/471/1170 228/475/1170 18/472/1170
f 234/476/1171 612/478/1171 613/479/1171
f 602/1159/1172 609/462/1172 613/1166/1172
f 609/462/1173 230/463/1173 234/474/1173
f 234/474/1174 613/1166/1174 609/462/1174
f 681/484/1175 614/483/1175 48/354/1175
f 615/487/1176 49/1167/1176 614/481/1176
f 713/1168/1177 615/487/1177 614/481/1177
f 616/489/1178 617/485/1178 615/487/1178
f 615/1169/1179 594/1156/1179 49/497/1179
f 618/488/1180 596/420/1180 617/485/1180
f 620/492/1181 207/419/1181 619/490/1181
f 620/492/1182 205/424/1182 207/419/1182
f 206/1170/1183 621/1171/1183 50/1172/1183
f 614/483/1184 49/1173/1184 4/358/1184
f 621/1174/1185 209/1175/1185 5/1176/1185
f 5/362/1186 209/1177/1186 573/361/1186
f 573/361/1187 209/1177/1187 622/429/1187
f 235/1165/1188 623/473/1188 51/527/1188
f 194/367/1189 235/1165/1189 51/527/1189
f 56/502/1190 626/505/1190 624/503/1190
f 76/1178/1191 626/505/1191 56/502/1191
f 626/505/1192 236/513/1192 625/507/1192
f 625/507/1193 236/513/1193 214/436/1193
f 214/436/1194 629/514/1194 627/434/1194
f 824/1053/1195 59/542/1195 628/1055/1195
f 628/1055/1196 59/542/1196 631/541/1196
f 629/514/1197 628/515/1197 630/439/1197
f 630/439/1198 631/516/1198 17/440/1198
f 55/504/1199 624/503/1199 219/442/1199
f 707/1179/1200 55/1180/1200 219/1181/1200
f 624/503/1201 213/506/1201 219/442/1201
f 6/739/1202 707/517/1202 632/518/1202
f 632/518/1203 219/442/1203 601/444/1203
f 632/518/1204 601/444/1204 231/446/1204
f 6/739/1205 632/518/1205 231/446/1205
f 6/739/1206 231/446/1206 54/743/1206
f 54/743/1207 231/446/1207 633/495/1207
f 633/495/1208 606/422/1208 205/424/1208
f 633/495/1209 231/446/1209 606/422/1209
f 577/375/1210 634/519/1210 57/531/1210
f 635/383/1211 237/456/1211 222/520/1211
f 585/389/1212 238/526/1212 584/524/1212
f 51/527/1213 223/458/1213 238/526/1213
f 238/526/1214 223/458/1214 603/454/1214
f 634/519/1215 637/529/1215 57/531/1215
f 638/453/1216 239/452/1216 637/529/1216
f 637/529/1217 240/535/1217 639/530/1217
f 640/537/1218 240/536/1218 641/466/1218
f 823/543/1219 640/540/1219 59/542/1219
f 640/537/1220 641/466/1220 631/516/1220
f 241/544/1221 642/547/1221 251/545/1221
f 246/546/1222 251/545/1222 256/1182/1222
f 642/547/1223 247/549/1223 249/551/1223
f 642/547/1224 249/551/1224 252/548/1224
f 247/549/1225 242/555/1225 248/550/1225
f 249/551/1226 248/550/1226 258/558/1226
f 248/550/1227 250/556/1227 258/558/1227
f 249/551/1228 258/558/1228 647/581/1228
f 243/560/1229 244/565/1229 253/561/1229
f 244/565/1230 245/564/1230 253/561/1230
f 643/562/1231 253/561/1231 260/585/1231
f 250/556/1232 243/559/1232 643/557/1232
f 245/564/1233 644/697/1233 254/566/1233
f 253/561/1234 254/566/1234 261/586/1234
f 644/697/1235 300/567/1235 255/569/1235
f 254/566/1236 644/697/1236 255/569/1236
f 645/572/1237 256/571/1237 264/575/1237
f 251/545/1238 252/548/1238 256/1182/1238
f 252/554/1239 647/553/1239 257/1183/1239
f 653/579/1240 257/577/1240 655/603/1240
f 257/577/1241 258/558/1241 259/583/1241
f 257/577/1242 259/583/1242 655/603/1242
f 258/558/1243 643/557/1243 263/582/1243
f 263/582/1244 643/557/1244 267/607/1244
f 648/584/1245 261/586/1245 649/588/1245
f 260/585/1246 648/584/1246 649/588/1246
f 254/566/1247 255/569/1247 262/587/1247
f 255/569/1248 650/617/1248 262/587/1248
f 254/566/1249 262/587/1249 261/586/1249
f 711/594/1250 651/593/1250 313/493/1250
f 652/596/1251 270/595/1251 274/627/1251
f 264/597/1252 653/579/1252 654/598/1252
f 653/579/1253 655/603/1253 654/598/1253
f 270/1184/1254 654/1185/1254 275/1186/1254
f 651/576/1255 264/575/1255 270/1187/1255
f 654/1188/1256 655/1189/1256 265/1190/1256
f 265/1191/1257 655/603/1257 19/1192/1257
f 259/583/1258 263/582/1258 266/602/1258
f 266/602/1259 271/608/1259 19/1192/1259
f 655/603/1260 266/602/1260 19/1192/1260
f 262/587/1261 268/614/1261 656/611/1261
f 267/610/1262 649/588/1262 656/611/1262
f 268/614/1263 650/617/1263 269/619/1263
f 282/659/1264 672/639/1264 662/638/1264 278/641/1264
f 650/617/1265 268/614/1265 262/587/1265
f 313/589/1266 652/591/1266 659/624/1266
f 280/1193/1267 274/1194/1267 667/1195/1267
f 274/627/1268 270/595/1268 660/629/1268
f 19/635/1269 661/633/1269 275/1196/1269
f 19/635/1270 276/631/1270 661/633/1270
f 661/633/1271 663/632/1271 669/636/1271
f 660/1197/1272 661/633/1272 670/637/1272
f 275/1196/1273 661/633/1273 660/1197/1273
f 276/631/1274 664/612/1274 663/632/1274
f 663/632/1275 662/638/1275 671/640/1275
f 669/636/1276 663/632/1276 671/640/1276
f 681/482/1277 23/1198/1277 680/680/1277 682/480/1277
f 663/1199/1278 664/642/1278 662/644/1278
f 665/646/1279 283/647/1279 673/656/1279
f 269/619/1280 303/1200/1280 279/645/1280
f 665/646/1281 673/656/1281 278/641/1281
f 666/1201/1282 280/623/1282 674/660/1282
f 289/664/1283 666/1201/1283 674/660/1283
f 273/1202/1284 280/623/1284 666/1201/1284
f 709/742/1285 666/741/1285 289/1203/1285
f 668/651/1286 675/653/1286 290/667/1286
f 668/651/1287 670/637/1287 285/652/1287
f 670/637/1288 281/650/1288 285/652/1288
f 660/1197/1289 670/637/1289 668/651/1289
f 669/636/1290 671/640/1290 281/650/1290
f 285/652/1291 281/650/1291 292/669/1291
f 281/650/1292 287/654/1292 286/674/1292
f 671/640/1293 672/639/1293 287/654/1293
f 281/650/1294 286/674/1294 292/669/1294
f 672/639/1295 282/659/1295 679/655/1295
f 673/656/1296 284/708/1296 288/657/1296
f 673/656/1297 283/647/1297 284/708/1297
f 679/655/1298 673/656/1298 293/658/1298
f 289/664/1299 674/660/1299 311/665/1299
f 674/663/1300 309/662/1300 311/736/1300
f 290/667/1301 294/661/1301 674/663/1301
f 675/653/1302 291/668/1302 294/661/1302
f 291/668/1303 703/728/1303 294/661/1303
f 294/661/1304 704/729/1304 309/662/1304
f 285/652/1305 677/670/1305 678/676/1305
f 285/652/1306 678/676/1306 676/1204/1306
f 286/674/1307 287/654/1307 679/655/1307
f 677/670/1308 286/674/1308 701/675/1308
f 676/1204/1309 678/676/1309 295/719/1309
f 286/674/1310 679/655/1310 701/675/1310
f 293/658/1311 288/657/1311 304/679/1311
f 682/480/1312 683/681/1312 714/682/1312
f 297/687/1313 684/684/1313 29/683/1313 685/688/1313
f 680/72/1314 115/71/1314 683/686/1314
f 684/684/1315 297/687/1315 247/549/1315
f 247/549/1316 297/687/1316 242/555/1316
f 642/547/1317 684/684/1317 247/549/1317
f 246/546/1318 713/1168/1318 682/480/1318 714/682/1318
f 686/689/1319 31/87/1319 298/690/1319
f 30/88/1320 31/87/1320 686/689/1320
f 297/687/1321 686/689/1321 242/555/1321
f 31/87/1322 32/1205/1322 687/691/1322
f 687/692/1323 244/565/1323 243/560/1323
f 31/87/1324 687/691/1324 298/690/1324
f 299/563/1325 33/693/1325 688/695/1325
f 32/694/1326 299/563/1326 687/692/1326
f 688/695/1327 689/698/1327 644/697/1327
f 644/697/1328 689/698/1328 300/567/1328
f 690/1206/1329 691/1207/1329 689/1208/1329
f 300/567/1330 691/700/1330 693/568/1330
f 692/699/1331 301/1209/1331 693/568/1331
f 693/568/1332 694/701/1332 255/569/1332
f 302/620/1333 694/701/1333 34/702/1333
f 693/568/1334 301/1209/1334 694/701/1334
f 255/569/1335 302/620/1335 650/617/1335
f 657/618/1336 695/704/1336 303/1200/1336
f 695/704/1337 696/909/1337 303/1200/1337
f 269/619/1338 657/618/1338 303/1200/1338
f 303/1200/1339 697/1210/1339 279/645/1339
f 279/645/1340 697/1210/1340 35/705/1340
f 279/645/1341 35/705/1341 283/647/1341
f 303/1200/1342 696/909/1342 697/1210/1342
f 698/706/1343 36/707/1343 37/709/1343
f 284/708/1344 698/706/1344 37/709/1344
f 288/657/1345 37/709/1345 699/710/1345
f 699/710/1346 375/906/1346 38/712/1346
f 37/709/1347 375/906/1347 699/710/1347
f 700/713/1348 304/679/1348 68/711/1348
f 70/714/1349 68/711/1349 69/1074/1349
f 701/675/1350 296/678/1350 700/713/1350
f 307/677/1351 701/675/1351 305/715/1351
f 307/677/1352 305/715/1352 306/717/1352
f 306/717/1353 305/715/1353 71/716/1353
f 295/719/1354 307/677/1354 306/717/1354
f 702/1211/1355 72/1070/1355 73/1067/1355
f 676/1204/1356 295/719/1356 702/720/1356
f 676/672/1357 702/1212/1357 705/721/1357
f 705/723/1358 702/1213/1358 73/724/1358
f 704/729/1359 703/728/1359 705/726/1359
f 704/729/1360 705/726/1360 309/662/1360
f 705/723/1361 74/725/1361 75/1214/1361
f 311/665/1362 310/734/1362 312/737/1362
f 312/737/1363 76/1178/1363 56/502/1363
f 312/1215/1364 310/1059/1364 76/1057/1364
f 289/664/1365 706/666/1365 707/517/1365
f 707/517/1366 706/666/1366 312/737/1366
f 6/739/1367 289/664/1367 707/517/1367
f 708/494/1368 313/493/1368 273/1202/1368
f 633/495/1369 708/494/1369 54/743/1369
f 616/489/1370 712/746/1370 314/745/1370
f 314/745/1371 645/592/1371 711/594/1371
f 618/488/1372 314/745/1372 710/491/1372
f 727/800/1373 330/780/1373 329/774/1373 726/787/1373
f 615/487/1374 713/1168/1374 712/746/1374
f 713/1168/1375 246/546/1375 712/746/1375
f 614/481/1376 682/480/1376 713/1168/1376
f 714/682/1377 241/544/1377 246/546/1377
f 715/747/1378 319/750/1378 318/748/1378
f 716/752/1379 717/759/1379 319/750/1379
f 20/755/1380 717/759/1380 716/752/1380
f 319/750/1381 717/759/1381 722/751/1381
f 718/865/1382 719/765/1382 322/788/1382
f 322/761/1383 324/782/1383 321/756/1383
f 322/1216/1384 719/768/1384 325/767/1384
f 720/764/1385 331/1217/1385 325/789/1385
f 753/1218/1386 323/872/1386 721/874/1386
f 721/769/1387 370/875/1387 720/764/1387
f 722/751/1388 334/772/1388 326/770/1388
f 378/912/1389 318/748/1389 326/770/1389
f 320/754/1390 327/775/1390 335/773/1390
f 335/773/1391 327/775/1391 336/776/1391
f 722/1219/1392 335/1220/1392 340/1221/1392
f 329/774/1393 330/780/1393 336/776/1393
f 321/1222/1394 328/1223/1394 320/1224/1394
f 328/1225/1395 726/787/1395 329/774/1395
f 325/789/1396 331/1217/1396 723/786/1396
f 331/1217/1397 332/790/1397 723/786/1397
f 726/787/1398 723/786/1398 337/791/1398
f 331/1217/1399 370/875/1399 332/790/1399
f 720/764/1400 370/875/1400 331/1217/1400
f 370/875/1401 755/876/1401 332/790/1401
f 332/790/1402 333/792/1402 337/791/1402
f 334/772/1403 339/796/1403 338/913/1403
f 334/772/1404 724/794/1404 339/796/1404
f 339/910/1405 344/807/1405 772/809/1405
f 335/773/1406 724/794/1406 340/771/1406
f 336/776/1407 725/781/1407 724/794/1407
f 727/800/1408 347/801/1408 342/798/1408
f 804/1003/1409 413/994/1409 414/996/1409 418/1010/1409
f 337/791/1410 729/793/1410 349/802/1410
f 332/790/1411 371/820/1411 333/792/1411
f 333/792/1412 371/820/1412 729/793/1412
f 371/820/1413 733/822/1413 729/793/1413
f 332/790/1414 756/877/1414 343/878/1414
f 344/807/1415 352/823/1415 345/808/1415
f 345/808/1416 352/823/1416 377/825/1416
f 341/797/1417 730/811/1417 352/810/1417
f 352/810/1418 730/811/1418 346/813/1418
f 730/811/1419 734/815/1419 353/812/1419
f 725/781/1420 342/798/1420 730/811/1420
f 342/798/1421 731/814/1421 730/811/1421
f 731/814/1422 348/816/1422 734/815/1422
f 342/798/1423 347/801/1423 731/814/1423
f 349/802/1424 350/803/1424 347/801/1424
f 350/803/1425 21/819/1425 354/817/1425
f 732/818/1426 355/839/1426 21/819/1426
f 732/818/1427 733/822/1427 757/837/1427
f 732/818/1428 757/837/1428 355/839/1428
f 733/822/1429 351/821/1429 757/837/1429
f 729/793/1430 733/822/1430 732/818/1430
f 346/829/1431 356/824/1431 352/823/1431
f 353/812/1432 741/828/1432 358/844/1432
f 353/830/1433 358/826/1433 356/824/1433
f 354/817/1434 735/833/1434 741/828/1434
f 354/817/1435 736/831/1435 735/833/1435
f 354/817/1436 738/834/1436 736/831/1436
f 738/834/1437 359/836/1437 736/831/1437
f 21/819/1438 737/1226/1438 738/834/1438
f 737/1226/1439 360/835/1439 738/834/1439
f 355/839/1440 737/1226/1440 21/819/1440
f 737/1226/1441 357/854/1441 360/835/1441
f 355/839/1442 357/854/1442 737/1226/1442
f 355/839/1443 739/838/1443 357/854/1443
f 739/838/1444 757/837/1444 758/840/1444
f 740/842/1445 361/1227/1445 768/901/1445
f 358/826/1446 361/1227/1446 740/842/1446
f 740/842/1447 768/901/1447 374/903/1447
f 740/842/1448 374/903/1448 771/907/1448
f 741/828/1449 735/833/1449 361/843/1449
f 742/832/1450 744/848/1450 735/833/1450
f 735/833/1451 744/848/1451 743/845/1451
f 736/831/1452 745/847/1452 742/832/1452
f 359/836/1453 362/852/1453 745/847/1453
f 362/852/1454 364/851/1454 745/847/1454
f 360/835/1455 746/853/1455 362/852/1455
f 746/853/1456 764/856/1456 364/851/1456
f 739/838/1457 747/855/1457 746/853/1457
f 747/855/1458 763/880/1458 764/856/1458
f 692/699/1459 365/110/1459 317/1228/1459
f 498/124/1460 367/859/1460 365/858/1460
f 366/857/1461 715/747/1461 317/749/1461
f 498/124/1462 748/126/1462 367/859/1462
f 368/125/1463 20/755/1463 716/752/1463
f 716/752/1464 715/747/1464 366/857/1464
f 368/125/1465 749/1229/1465 315/753/1465
f 486/32/1466 750/97/1466 369/862/1466
f 749/860/1467 750/97/1467 718/863/1467
f 751/864/1468 316/763/1468 719/765/1468
f 751/864/1469 719/765/1469 718/865/1469
f 483/867/1470 752/868/1470 751/864/1470
f 753/1218/1471 721/874/1471 316/1230/1471
f 482/1091/1472 80/241/1472 752/871/1472
f 80/241/1473 7/1105/1473 323/870/1473
f 752/868/1474 323/1231/1474 753/869/1474
f 323/1232/1475 7/1233/1475 754/1234/1475
f 370/875/1476 754/247/1476 755/876/1476
f 755/876/1477 81/249/1477 82/255/1477
f 332/790/1478 755/876/1478 756/877/1478
f 343/878/1479 164/257/1479 371/820/1479
f 371/820/1480 164/257/1480 129/224/1480
f 351/821/1481 129/224/1481 163/223/1481
f 758/1235/1482 83/1100/1482 8/220/1482
f 759/1236/1483 760/222/1483 761/881/1483
f 759/1236/1484 758/1235/1484 760/222/1484
f 758/1235/1485 8/220/1485 760/222/1485
f 84/216/1486 762/887/1486 761/881/1486
f 761/881/1487 762/887/1487 813/1237/1487
f 763/880/1488 432/1034/1488 65/888/1488
f 763/880/1489 813/884/1489 432/1034/1489
f 764/856/1490 65/888/1490 372/890/1490
f 364/851/1491 764/856/1491 372/890/1491
f 364/851/1492 372/890/1492 765/891/1492
f 767/849/1493 373/892/1493 363/850/1493
f 363/850/1494 373/892/1494 428/896/1494
f 373/892/1495 765/891/1495 64/898/1495
f 743/845/1496 769/897/1496 768/846/1496
f 769/897/1497 426/899/1497 768/846/1497
f 374/903/1498 62/904/1498 38/712/1498
f 740/842/1499 771/907/1499 376/827/1499
f 37/709/1500 771/907/1500 375/906/1500
f 356/824/1501 376/827/1501 36/707/1501
f 37/709/1502 36/707/1502 771/907/1502
f 697/1210/1503 772/809/1503 35/705/1503
f 772/809/1504 377/825/1504 35/705/1504
f 345/808/1505 377/825/1505 772/809/1505
f 773/703/1506 696/909/1506 695/704/1506
f 338/908/1507 339/910/1507 696/909/1507
f 696/909/1508 772/809/1508 697/1210/1508
f 34/702/1509 326/1238/1509 338/908/1509
f 694/701/1510 378/1239/1510 34/702/1510
f 301/1209/1511 378/1239/1511 694/701/1511
f 317/1228/1512 318/1240/1512 301/1209/1512
f 301/1209/1513 318/1240/1513 378/1239/1513
f 317/1228/1514 301/1209/1514 692/699/1514
f 774/925/1515 387/924/1515 383/1241/1515
f 429/1242/1516 384/919/1516 427/914/1516
f 380/1028/1517 775/1027/1517 384/1243/1517
f 384/1244/1518 388/950/1518 389/952/1518
f 810/1245/1519 777/930/1519 775/926/1519
f 810/1246/1520 431/1247/1520 777/1248/1520
f 431/935/1521 779/937/1521 778/932/1521
f 779/937/1522 783/956/1522 778/932/1522
f 812/1033/1523 780/943/1523 381/1249/1523
f 780/1250/1524 22/960/1524 779/937/1524
f 381/936/1525 780/1250/1525 779/937/1525
f 387/946/1526 781/949/1526 386/947/1526
f 386/947/1527 830/1066/1527 445/1068/1527
f 386/947/1528 781/949/1528 830/1066/1528
f 387/946/1529 389/952/1529 392/948/1529
f 389/952/1530 785/953/1530 392/948/1530
f 390/934/1531 394/957/1531 399/955/1531
f 22/960/1532 395/962/1532 783/956/1532
f 783/956/1533 395/962/1533 394/957/1533
f 779/937/1534 22/960/1534 783/956/1534
f 778/932/1535 783/956/1535 390/934/1535
f 780/1250/1536 784/958/1536 22/960/1536
f 385/1251/1537 784/958/1537 780/1250/1537
f 391/961/1538 400/973/1538 396/959/1538
f 781/949/1539 397/964/1539 830/1066/1539
f 398/963/1540 402/966/1540 397/964/1540
f 397/964/1541 402/966/1541 404/976/1541
f 393/954/1542 786/967/1542 785/953/1542
f 393/954/1543 399/955/1543 786/967/1543
f 395/962/1544 789/972/1544 403/971/1544
f 396/959/1545 401/974/1545 797/988/1545
f 396/959/1546 797/988/1546 789/972/1546
f 790/975/1547 405/979/1547 409/977/1547
f 792/968/1548 405/979/1548 791/965/1548
f 792/968/1549 799/981/1549 406/978/1549
f 785/953/1550 792/968/1550 791/965/1550
f 402/966/1551 791/965/1551 790/975/1551
f 786/967/1552 793/982/1552 794/980/1552
f 793/982/1553 802/984/1553 794/980/1553
f 794/980/1554 800/998/1554 799/981/1554
f 787/969/1555 793/982/1555 786/967/1555
f 794/980/1556 802/984/1556 800/998/1556
f 788/970/1557 795/983/1557 793/982/1557
f 789/972/1558 796/985/1558 403/971/1558
f 789/972/1559 797/988/1559 796/985/1559
f 401/974/1560 817/1043/1560 797/988/1560
f 817/1043/1561 408/987/1561 797/988/1561
f 405/979/1562 406/978/1562 798/991/1562
f 409/977/1563 798/991/1563 829/993/1563
f 799/981/1564 413/994/1564 406/978/1564
f 406/978/1565 413/994/1565 798/991/1565
f 799/981/1566 414/996/1566 413/994/1566
f 800/998/1567 801/995/1567 799/981/1567
f 802/984/1568 415/997/1568 800/998/1568
f 410/990/1569 807/1000/1569 415/997/1569
f 802/984/1570 795/983/1570 415/997/1570
f 415/997/1571 807/1000/1571 419/1011/1571
f 796/985/1572 411/989/1572 410/990/1572
f 408/987/1573 436/1045/1573 412/1002/1573
f 410/990/1574 411/989/1574 416/1001/1574
f 417/992/1575 803/1004/1575 827/1008/1575
f 417/992/1576 827/1008/1576 442/1056/1576
f 417/992/1577 442/1056/1577 828/1060/1577
f 72/1070/1578 71/1252/1578 446/1071/1578 831/1069/1578
f 804/1003/1579 422/1006/1579 803/1004/1579
f 804/1003/1580 418/1010/1580 805/1005/1580
f 413/994/1581 803/1004/1581 417/992/1581
f 801/995/1582 418/1010/1582 414/996/1582
f 801/995/1583 419/1011/1583 418/1010/1583
f 805/1005/1584 439/1009/1584 824/1053/1584
f 419/1011/1585 807/1000/1585 806/1012/1585
f 419/1011/1586 806/1012/1586 423/1052/1586
f 419/1011/1587 423/1052/1587 439/1009/1587
f 423/1052/1588 806/1012/1588 424/1014/1588
f 807/1000/1589 420/999/1589 438/1013/1589
f 807/1000/1590 438/1013/1590 806/1012/1590
f 438/1013/1591 421/1015/1591 821/1051/1591
f 808/1253/1592 69/1254/1592 68/1255/1592
f 63/905/1593 809/1256/1593 62/904/1593
f 62/904/1594 425/1017/1594 808/1016/1594
f 62/904/1595 809/1256/1595 425/1017/1595
f 809/1257/1596 379/916/1596 425/918/1596
f 809/1257/1597 427/914/1597 379/916/1597
f 428/896/1598 429/1019/1598 426/899/1598
f 809/1257/1599 429/1242/1599 427/914/1599
f 64/898/1600 429/1019/1600 428/896/1600
f 430/1025/1601 380/1021/1601 64/898/1601
f 430/1025/1602 810/1258/1602 380/1021/1602
f 65/888/1603 812/1033/1603 811/1259/1603
f 810/1029/1604 811/1031/1604 431/1260/1604
f 812/1033/1605 381/1249/1605 811/1259/1605
f 432/1034/1606 812/1033/1606 65/888/1606
f 813/884/1607 433/1032/1607 432/1034/1607
f 433/1032/1608 382/944/1608 812/1033/1608
f 433/1032/1609 434/1035/1609 382/944/1609
f 66/883/1610 814/1037/1610 434/1035/1610
f 66/1261/1611 47/393/1611 77/394/1611
f 434/1035/1612 814/1037/1612 385/942/1612
f 814/1037/1613 77/1036/1613 78/1038/1613
f 385/1251/1614 815/1042/1614 784/958/1614
f 78/1154/1615 79/408/1615 435/1262/1615
f 815/1042/1616 391/961/1616 784/958/1616
f 435/1041/1617 816/1263/1617 817/1043/1617
f 79/408/1618 816/412/1618 435/1262/1618
f 816/1263/1619 818/1044/1619 817/1043/1619
f 818/1044/1620 580/1046/1620 436/1045/1620
f 818/1044/1621 200/1264/1621 580/1046/1621
f 816/412/1622 200/379/1622 818/1265/1622
f 818/1044/1623 436/1045/1623 408/987/1623
f 819/1047/1624 580/1046/1624 579/1266/1624
f 412/1002/1625 819/1047/1625 421/1015/1625
f 421/1015/1626 819/1047/1626 820/1048/1626
f 819/1267/1627 579/377/1627 820/372/1627
f 820/372/1628 198/374/1628 437/1050/1628
f 822/533/1629 821/1051/1629 437/1049/1629
f 424/1014/1630 821/1051/1630 822/533/1630
f 823/543/1631 58/539/1631 639/532/1631
f 423/1052/1632 424/1014/1632 58/539/1632
f 825/1268/1633 423/1052/1633 823/543/1633
f 825/1268/1634 823/543/1634 59/542/1634
f 824/1053/1635 423/1052/1635 825/1268/1635
f 824/1053/1636 825/1268/1636 59/542/1636
f 440/1054/1637 628/1055/1637 629/512/1637
f 826/1007/1638 629/512/1638 60/511/1638
f 422/1006/1639 60/511/1639 827/1008/1639
f 827/1008/1640 60/511/1640 236/508/1640
f 442/1056/1641 76/1057/1641 441/1058/1641
f 828/1060/1642 442/1056/1642 441/1058/1642
f 74/1064/1643 829/993/1643 75/1061/1643
f 830/1066/1644 404/976/1644 444/1065/1644
f 444/1065/1645 443/1063/1645 74/1064/1645
f 446/1071/1646 386/947/1646 831/1069/1646
f 808/1253/1647 832/1269/1647 69/1254/1647
f 425/1270/1648 383/1271/1648 832/1272/1648
f 832/1018/1649 446/1073/1649 70/714/1649
