

o Asteroid
v -1.120280 -0.732372 0.614183
v -1.393511 -0.543139 0.801828
v -0.602345 -1.007850 0.234264
v 1.695196 0.283408 0.633199
v 1.300105 -0.266749 0.691287
v -0.305374 0.416018 1.363823
v 1.428173 -0.508819 0.385904
v -2.317258 0.215941 -0.400748
v -1.265253 0.697626 0.738327
v -1.289790 0.918987 -0.002924
v -1.132269 0.925376 0.588828
v -1.475663 0.525042 -0.860066
v 1.251169 0.984467 0.354962
v 1.675105 0.535464 -0.152612
v -0.117879 0.903262 1.005591
v 0.040624 0.899593 1.072365
v -0.335052 0.591168 -0.939149
v -0.348001 0.709155 -0.890153
v -0.362911 0.654794 -0.022865
v 0.767826 0.877043 -0.216979
v -0.815646 0.098994 -1.010877
v -0.577425 -1.126978 -0.046678
v -0.561900 0.072223 -1.187212
v 0.553232 -0.859352 -0.858052
v -0.310941 -0.865871 0.984861
v -0.904384 0.109847 0.925778
v -0.819730 0.095377 1.043525
v -0.656095 -0.240098 1.146374
v -0.670679 -0.358210 1.069749
v -1.562568 -0.604929 0.417146
v -1.506189 -0.573474 0.539157
v -1.413759 -0.558174 0.669222
v -0.949180 -0.412806 0.998113
v -1.027967 -0.525272 0.900949
v -1.159361 -0.557680 0.899758
v -1.786865 -0.202266 0.637259
v -1.412328 -0.479874 0.713192
v -0.777119 -0.937105 0.415567
v -1.212894 -0.633267 0.788285
v -0.140537 -0.502242 1.295777
v 0.036642 -0.971070 0.537800
v -0.085809 -0.999380 0.654763
v -1.017629 0.317305 0.920957
v -1.354407 0.301879 0.935648
v -1.601930 0.103743 0.731854
v -1.616546 -0.047774 0.689626
v -1.508019 -0.007791 0.760582
v -0.460756 -0.227214 1.117344
v -0.332812 -0.196143 1.198843
v 0.800342 -0.824865 1.060133
v 1.111999 -0.274040 1.179963
v 0.900895 -0.095201 1.410888
v 0.350687 -0.219061 1.162848
v 0.417758 -0.145644 1.221563
v 1.295409 -0.158215 0.613134
v 1.145831 -0.259798 1.084700
v 0.823845 0.194795 1.328507
v 0.518347 -1.077682 0.700568
v 0.627930 -1.095122 0.820862
v 0.920633 -1.061144 0.941035
v 0.818397 -1.141211 0.842893
v 0.976127 -1.122489 0.735642
v 1.010944 -0.968885 0.965858
v 1.211414 -0.681188 0.853241
v 1.169122 -0.621838 1.016467
v 1.167693 -0.715758 0.943998
v -0.028659 -0.500333 1.286980
v -0.120883 -0.351275 1.245376
v 1.734333 0.443107 0.642755
v 1.636513 0.410679 0.632694
v 1.734115 0.228834 0.641232
v 1.087250 0.448131 0.964620
v 1.088913 0.523603 0.850683
v 1.649389 0.139381 0.673981
v 1.478302 0.067255 0.701418
v 1.396406 -0.001518 0.625812
v 1.347809 -0.091224 0.568571
v -0.070299 0.569150 1.353658
v 1.110665 -1.105602 -0.272089
v 1.007005 -0.649551 -0.624105
v 1.060363 -0.572911 -0.635115
v 0.919731 -0.565570 -0.704625
v 1.434570 -0.744848 -0.328456
v 1.440959 -0.526581 -0.483165
v 1.276407 -0.264697 -0.915456
v 1.605005 -0.320058 0.067341
v 1.749528 -0.266963 0.105798
v 1.808861 -0.193306 0.294157
v 1.395295 0.141188 -0.408840
v 1.539438 0.166161 -0.954536
v 1.595249 0.227346 -0.880145
v 1.802267 0.039232 -0.075331
v 1.652105 0.333889 -0.229565
v 0.759187 -1.113857 0.482441
v 0.848320 -1.052593 0.234558
v 0.904584 -1.080856 0.039052
v 0.513833 -0.967821 0.078380
v 0.981783 -0.408674 -1.111167
v 1.117267 -0.271244 -1.220652
v 0.877619 -0.134371 -1.407161
v 0.970696 -0.019511 -1.360672
v 1.488358 0.445349 -1.024466
v 1.137860 0.711784 -0.923411
v 1.522310 0.688579 -0.788535
v 1.756597 0.360092 0.021739
v 1.938471 0.432452 0.385906
v 1.817521 -0.070276 0.424393
v -2.277693 0.072695 0.172912
v -2.321439 0.037318 -0.010354
v -2.284420 -0.031561 0.040056
v -2.325468 0.163803 -0.262219
v -2.240450 0.375733 -0.628634
v -2.257396 0.086644 -0.596492
v -2.232954 0.225468 -0.614597
v -1.231119 0.838193 0.437612
v -1.514401 0.796358 0.094343
v -1.255313 0.922566 0.095269
v -1.513324 0.403252 0.383551
v -1.282695 0.711091 -0.546066
v -1.377439 0.706592 -0.670018
v -1.313617 0.619804 -0.708809
v -1.909897 0.753169 -0.551430
v -1.680911 0.391967 0.271219
v -1.351196 0.882747 -0.234752
v -2.254272 0.467314 -0.369621
v -2.159722 0.543734 -0.355505
v -2.109355 0.569872 0.016211
v -1.914027 0.677585 -0.049456
v -2.278945 -0.124699 0.037247
v -2.211399 -0.084419 -0.632158
v -0.657238 0.653408 0.958830
v -0.840556 0.938050 0.529532
v -1.042637 0.928823 0.556450
v -1.212705 0.887351 0.523250
v -1.097734 0.953497 0.365614
v -1.264285 0.273650 0.945778
v -1.611661 0.503519 -0.822480
v -1.554633 0.687603 -0.717768
v 0.841691 0.912065 0.077236
v 0.995910 0.895524 0.172672
v 0.573850 0.785813 0.733496
v 1.052576 0.783872 0.653923
v 1.133089 0.867533 0.574896
v 1.769475 0.750180 0.548552
v 1.800029 0.534206 0.641382
v 1.596672 0.597587 0.702260
v 1.593410 0.686837 0.678192
v 1.777832 0.749540 0.230977
v 1.704355 0.777161 0.097583
v 1.416668 0.965287 0.227164
v 1.035529 0.667315 -0.033811
v -0.234329 0.918147 0.860022
v 0.098000 0.806009 1.149760
v 0.366473 0.764221 1.084602
v 0.376870 0.845035 0.992009
v 0.368823 0.902578 0.473476
v 0.083431 0.984960 0.499301
v 0.613151 0.716149 0.092665
v 1.832673 0.664415 0.286161
v 1.764915 0.696295 0.110107
v 1.840423 0.654834 0.156959
v 1.139845 0.640564 0.769172
v 1.089006 0.728713 0.716681
v -0.421283 0.586688 -0.998965
v -0.613112 0.675194 -0.752963
v -0.697294 0.608097 -0.734593
v -0.748554 0.500057 -0.699800
v 0.268549 0.594969 -0.876711
v -0.769924 0.667143 -0.388944
v -0.603816 0.590535 -0.473966
v -0.513438 0.587770 -0.421768
v 0.925695 0.522140 -1.132811
v 0.679078 0.735684 -0.822073
v -0.450541 0.657175 0.111567
v 0.192247 0.891793 -0.242404
v 0.062867 0.815458 -0.399098
v 0.023492 0.739711 -0.158615
v 0.030911 0.753121 -0.032316
v -0.047567 0.748366 0.069096
v -0.299403 0.711137 0.302174
v -0.332724 0.641383 0.199664
v 0.890462 0.697820 -0.451619
v 0.305044 0.893546 -0.372979
v 0.618317 0.845915 -0.430413
v 0.579639 0.832173 -0.143982
v 0.613869 0.877650 -0.332273
v 0.012601 0.893562 0.235966
v 0.519796 -0.358876 -1.300548
v 0.657116 -0.325483 -1.393485
v 0.168982 -0.023478 -1.302506
v -0.059401 0.201530 -1.236613
v -0.015650 0.136836 -1.280819
v -1.057146 0.419804 -0.763149
v -1.161172 0.576610 -0.645704
v -0.764865 0.860414 0.238667
v -0.608195 0.884570 0.779214
v 0.237605 0.852168 0.236650
v 0.371698 0.755497 -0.029247
v 0.344848 0.721937 0.051920
v 0.560913 0.684384 0.059207
v 0.857098 0.839251 -0.268551
v 1.001094 0.116437 -1.320168
v -0.116221 -1.163587 -0.321314
v -0.974045 -0.945280 -0.498460
v -1.180108 -0.828755 -0.261589
v -1.332589 -0.722001 -0.275067
v -1.577879 -0.650186 -0.523486
v -1.492621 -0.669944 -0.625361
v 0.043353 -1.206601 -0.135069
v -0.003523 -1.200609 -0.184313
v 0.229285 -1.128688 -0.251859
v -0.280352 -1.153496 -0.158043
v -0.249639 -1.104984 -0.309456
v -0.321798 -0.765845 -0.378594
v -0.770101 -0.909891 -0.404754
v -0.901155 -0.764819 -0.794047
v 0.352774 -1.094573 -0.549341
v 0.184237 -1.080404 -0.560621
v -0.162834 -0.617782 -0.648876
v -0.097532 -0.693591 -0.610204
v -0.549764 -0.602404 -0.653525
v -0.850501 -0.330268 -0.923739
v -1.048371 -0.518322 -0.885268
v 0.196904 -0.858974 -0.706789
v -0.397418 -0.489555 -0.707038
v -0.412886 -0.475769 -0.867146
v -1.387762 0.143278 -0.684614
v 0.505256 -0.753715 -1.036332
v 0.379252 -0.794087 -0.957192
v -0.173056 -0.654441 -1.029336
v -0.670327 -0.334507 -1.065767
v -1.173052 -0.066468 -1.129671
v 0.067901 -0.515169 -1.243964
v 0.031007 -0.646140 -1.147275
v -0.597999 -0.095411 -1.125935
v -0.739286 0.090889 -1.038888
v -0.730156 -1.106737 0.018988
v -1.174371 -0.798892 -0.344539
v -1.937419 -0.198865 -0.721313
v -0.471631 0.046802 -1.321516
v 0.437880 -0.381727 -1.285159
v 0.293148 -0.269463 -1.286183
v 0.664109 -0.842755 -0.834253
v 0.506231 -0.888684 -0.769407
v 0.447995 -1.112767 -0.438016
v 0.641363 -1.111017 -0.365603
v 0.680579 -0.953013 -0.485221
v 0.878753 -0.941247 -0.449666
v 0.916878 -0.861917 -0.601711
v 1.100327 -0.878448 -0.543885
v 1.003149 -0.827476 -0.603694
v 0.858615 -0.580679 -0.733508
v 1.027096 -0.489968 -0.742149
v 1.176224 -0.664898 -0.593513
v 1.097264 -0.963093 -0.472148
v 0.998666 -1.015035 -0.405675
v 0.844768 -1.112761 -0.355711
v 0.667883 -1.136921 -0.304197
v 0.498039 -1.144086 -0.325250
v 0.360040 -1.150474 -0.314299
v 0.239742 -1.194496 -0.147330
v 0.153940 -1.108432 -0.391270
v 0.217475 -0.994358 -0.690077
v 0.318347 -0.994618 -0.665838
v 0.386823 -0.947334 -0.700913
v 0.725771 -0.871679 -0.600451
v 0.775455 -0.793813 -0.725714
v 0.880213 -0.786230 -0.670052
v 0.720350 -0.680254 -0.876213
v 1.148371 -0.433675 -0.798185
v 1.262335 -0.641366 -0.571070
v 1.197437 -0.785219 -0.539662
v 1.235666 -1.051504 -0.284748
v 1.046841 -1.140277 -0.222069
v 0.447218 -1.146330 -0.130506
v -0.117102 -1.128246 -0.442143
v -0.003943 -1.125482 -0.515993
v 0.040287 -1.007602 -0.653705
v 0.118337 -0.953226 -0.694752
v 0.385767 -0.882166 -0.806444
v 0.667254 -0.780530 -0.904630
v 0.717603 -0.649951 -0.967223
v 0.900637 -0.529145 -0.951770
v 1.080381 -0.445631 -0.893555
v 1.206419 -0.337519 -0.866327
v 1.279412 -0.358230 -0.795631
v 1.309213 -0.461574 -0.730713
v 1.232884 -0.483019 -0.747817
v 1.337666 -0.598802 -0.598213
v 1.299834 -0.806677 -0.473931
v 1.315844 -0.837027 -0.391116
v 1.250578 -0.998098 -0.343078
v 1.201038 -0.902156 -0.471990
v 1.382002 -0.826047 -0.336838
v 1.352795 -0.716299 -0.523345
v 1.351221 -0.447085 -0.690175
v 1.422919 -0.692969 -0.469927
v 1.303026 -0.943954 -0.234331
v 1.158610 -1.106253 -0.133879
v 0.939245 -1.147759 -0.156046
v 0.712687 -1.135837 -0.179786
v 0.756134 -1.043312 0.068107
v 0.624221 -1.099946 -0.062654
v 0.170570 -1.234084 -0.073768
v -0.263464 -1.178846 -0.037389
v -0.129358 -1.079812 -0.468420
v 0.044384 -0.847081 -0.644303
v 0.111811 -0.743482 -0.668317
v 0.103613 -0.675539 -0.692822
v 0.302543 -0.848709 -0.758661
v 0.183422 -0.660135 -0.799820
v 0.327384 -0.797458 -0.895191
v 0.211837 -0.700417 -1.022386
v 0.709418 -0.417519 -1.350192
v 0.565287 -0.486481 -1.288392
v 0.671927 -0.642573 -1.060356
v 0.574880 -0.575299 -1.201618
v 0.870426 -0.511171 -1.109041
v 1.185544 -0.289834 -1.039071
v 1.365997 -0.109003 -0.869867
v 1.369426 -0.013269 -0.957199
v 1.435874 0.352986 -1.066073
v 1.601871 0.419707 -0.687855
v 1.675575 0.461503 -0.569672
v 1.702130 0.389216 -0.442203
v 1.722889 0.393953 -0.364822
v 1.624188 0.349317 -0.385163
v 1.610515 0.314895 -0.576474
v 1.559057 0.450282 -0.955759
v 1.540469 0.555829 -0.954195
v 1.598423 0.167246 -0.844970
v 1.593749 0.271523 -0.674593
v 1.524178 0.019287 -0.891215
v 1.477080 0.015586 -0.930928
v 1.525624 0.304140 -0.989208
v 1.511581 0.003744 -0.829356
v 1.358379 -0.258535 -0.591064
v 1.390606 -0.380612 -0.465327
v 1.451822 -0.503069 -0.368242
v 1.488900 -0.561732 -0.239767
v 1.519524 -0.468230 -0.100280
v 1.419428 -0.583964 -0.050306
v 1.334235 -0.719481 0.010048
v 1.379535 -0.784499 -0.100615
v 1.292686 -0.885338 -0.127439
v 1.130767 -1.084388 -0.035096
v 1.027799 -1.096936 -0.002140
v 0.907852 -1.058652 0.244655
v 0.811548 -1.069218 0.385491
v 0.597704 -1.080517 0.009341
v 0.401317 -1.150213 0.009224
v -0.396130 -1.190802 -0.009843
v -0.368569 -1.146915 -0.115400
v -0.251526 -1.032191 -0.397900
v -0.009132 -0.814804 -0.613120
v 0.158612 -0.690546 -0.988169
v 0.217944 -0.571441 -1.199542
v 0.353088 -0.536582 -1.227065
v 0.335599 -0.103641 -1.258281
v 0.189933 -0.202679 -1.309186
v 0.288517 -0.029875 -1.252383
v 0.570281 0.263984 -1.325037
v 0.687877 0.215752 -1.381119
v 0.818686 0.257195 -1.387063
v 0.777373 0.409260 -1.326916
v 0.944926 0.314624 -1.336072
v 0.942977 0.132263 -1.391575
v 0.824795 0.051419 -1.408691
v 0.573197 -0.044558 -1.346463
v 0.437462 -0.214891 -1.272385
v 0.669070 0.024637 -1.353394
v 0.758899 -0.055095 -1.410149
v 0.795354 -0.282994 -1.376712
v 1.110715 -0.334241 -1.036439
v 1.158623 -0.262439 -1.168148
v 1.204659 -0.130448 -1.092189
v 1.246860 0.139507 -1.079322
v 1.353374 0.191119 -1.011463
v 1.270263 0.295178 -1.102985
v 1.316914 0.541042 -1.035718
v 1.483309 0.558929 -1.003125
v 1.321011 0.695902 -0.991342
v 1.513174 0.613873 -0.947021
v 1.452269 0.661767 -0.904399
v 1.402518 0.843025 -0.702920
v 1.600088 0.601798 -0.659697
v 1.714649 0.554746 -0.467627
v 1.710998 0.370498 -0.155629
v 1.712737 0.284435 -0.082566
v 1.637380 0.254047 -0.164048
v 1.612636 0.181015 -0.255691
v 1.576858 0.247889 -0.348705
v 1.531546 0.268697 -0.495949
v 1.425208 0.148517 -0.548349
v 1.514563 0.127921 -0.696445
v 1.385585 -0.096746 -0.791368
v 1.349307 -0.185970 -0.667530
v 1.409328 -0.198627 -0.301717
v 1.411065 -0.321418 -0.349072
v 1.198396 -0.833573 0.072553
v 1.058487 -1.043210 0.108212
v 1.028800 -1.027883 0.220158
v 1.039099 -1.060013 0.324317
v 0.986183 -1.085272 0.381421
v 1.002224 -1.132086 0.468923
v 0.705097 -0.926080 0.294217
v 0.728062 -0.928589 0.211330
v 0.646628 -0.961045 0.086812
v 0.108727 -1.137517 0.052470
v 0.093991 -1.191987 -0.022578
v -0.096877 -1.156188 0.029290
v -0.375749 -1.105587 0.184708
v -0.501443 -1.049757 0.452513
v -0.672487 -0.954001 0.472561
v -0.786179 -0.926358 0.521100
v -0.962570 -0.823253 0.432255
v -1.276809 -0.905452 0.340936
v -1.161627 -0.876281 0.446122
v -0.985257 -0.870393 0.356240
v -0.728221 -1.042116 0.134454
v -0.681768 -1.066559 -0.144853
v -0.686811 -1.052234 -0.181905
v -0.553278 -1.121874 -0.104937
v -0.374908 -1.006886 -0.244841
v -0.338456 -0.928608 -0.331564
v -0.188781 -0.818671 -0.455056
v 0.037135 -0.616141 -0.733473
v -0.124434 -0.643543 -1.105585
v 0.000563 -0.678895 -1.058917
v -0.133178 -0.552964 -1.211134
v -0.128864 -0.422784 -1.302979
v 0.007911 -0.180911 -1.359950
v -0.005309 -0.376382 -1.323511
v -0.106871 -0.075491 -1.329885
v 0.121797 0.118900 -1.311380
v 0.118813 0.229518 -1.239128
v 0.226809 0.246147 -1.224401
v 0.318472 0.289708 -1.225259
v 0.240055 0.375247 -1.104579
v 0.360941 0.507936 -1.108905
v 0.469118 0.485110 -1.230032
v 0.562818 0.466259 -1.286940
v 0.592950 0.522207 -1.151530
v 0.725585 0.490189 -1.242031
v 0.888850 0.597454 -0.956848
v 1.058536 0.695264 -0.882291
v 1.250287 0.777252 -0.761992
v 1.161139 0.808624 -0.577503
v 1.060127 0.784056 -0.325145
v 1.194902 0.857609 -0.410454
v 1.365427 0.793966 -0.330540
v 1.498706 0.816154 -0.094039
v 1.650787 0.847841 0.083158
v 1.689678 0.855277 0.394174
v 1.832008 0.677616 0.398541
v 1.882164 0.603860 0.477074
v 1.864684 0.455461 0.568696
v 1.937257 0.256437 0.370487
v 1.935161 0.484250 0.300043
v 1.855059 0.563221 0.075002
v 1.947615 0.475412 0.206745
v 1.722383 0.653682 0.025225
v 1.689963 0.806131 0.237317
v 1.521282 0.712480 -0.193330
v 1.334454 0.803647 -0.308438
v 1.272549 0.878906 -0.413855
v 1.336280 0.840478 -0.443912
v 1.521562 0.681553 -0.631822
v 1.648902 0.626035 -0.356968
v 1.687643 0.505971 -0.309231
v 1.717603 0.452366 -0.132474
v 1.766438 0.525258 -0.022269
v 1.902129 0.524219 0.122656
v 1.859522 0.428068 0.121783
v 1.713844 0.163922 -0.067674
v 1.536731 0.021121 -0.205616
v 1.456373 0.127357 -0.307584
v 1.367499 0.076592 -0.487929
v 1.414357 0.011068 -0.675857
v 1.364461 -0.028954 -0.427702
v 1.361774 -0.207961 -0.434053
v 1.511831 -0.249187 -0.203995
v 1.604638 -0.238621 -0.139547
v 1.516304 -0.409781 -0.187605
v 1.629702 -0.326833 -0.007228
v 1.598011 -0.327614 0.191719
v 1.519332 -0.395319 0.336182
v 1.419676 -0.460196 0.170400
v 1.358554 -0.586019 0.192789
v 1.256143 -0.722177 0.127478
v 1.122586 -0.832895 0.224429
v 1.088233 -0.982716 0.219566
v 1.116848 -0.977405 0.319009
v 0.992098 -1.163971 0.560797
v 0.861489 -1.142955 0.625944
v 0.678268 -1.135763 0.623911
v 0.705169 -1.030047 0.452628
v 0.490398 -0.895073 0.193982
v 0.336130 -1.011202 0.109819
v -0.074104 -0.981201 0.174698
v -0.227667 -1.122825 0.096801
v -0.109186 -0.928578 0.305390
v -0.454485 -1.063598 0.466414
v -0.525136 -1.088018 0.644995
v -0.637916 -1.041704 0.646040
v -0.686987 -0.996582 0.634507
v -0.788012 -0.926938 0.690729
v -0.754820 -0.979127 0.663379
v -0.873341 -0.824216 0.628723
v -1.083140 -0.773335 0.511900
v -1.296268 -0.756003 0.654022
v -1.115457 -0.904876 0.238376
v -1.180996 -0.972244 0.129650
v -0.835223 -0.991518 0.221983
v -0.840563 -1.099637 -0.067184
v -0.499373 -1.031324 -0.146985
v -0.448360 -0.933191 -0.243591
v -0.342364 -0.652563 -0.444379
v -0.423822 -0.547576 -0.619623
v -0.474896 -0.501437 -0.710758
v -0.317493 -0.497398 -1.050958
v -0.327474 -0.519607 -0.870032
v -0.246066 -0.228596 -1.349120
v -0.155281 0.327908 -1.154160
v -0.057422 0.299820 -1.155736
v -0.081812 0.377204 -1.085765
v 0.034701 0.331312 -1.126886
v 0.102429 0.418931 -0.993003
v 0.182432 0.514888 -0.847106
v 0.207569 0.756524 -0.708245
v 0.258691 0.864281 -0.629795
v 0.509971 0.858895 -0.569772
v 0.699957 0.818964 -0.415469
v 0.857183 0.697809 -0.640829
v 0.778235 0.730930 -0.457862
v 0.783986 0.779509 -0.323209
v 0.923341 0.736959 -0.387777
v 1.020313 0.725698 -0.478436
v 0.948434 0.790001 -0.280711
v 1.195018 0.740732 -0.280648
v 1.376973 0.805585 -0.224951
v 1.537712 0.923018 0.047604
v 1.539619 0.947603 0.121466
v 1.464245 0.980094 0.277440
v 1.551957 0.918840 0.369685
v 1.616960 0.912613 0.249894
v 1.751137 0.835917 0.510322
v 1.812165 0.651446 0.584460
v 1.916569 0.265261 0.533449
v 1.942830 0.077611 0.439185
v 2.006866 0.063277 0.275371
v 1.942077 0.364271 0.196143
v 1.928493 0.309676 0.154500
v 1.801256 0.224116 0.001910
v 1.796924 0.127951 -0.011630
v 1.700478 0.083544 -0.133844
v 1.713040 -0.027105 -0.096477
v 1.403141 0.037956 -0.321045
v 1.674690 -0.170111 -0.124522
v 1.730337 -0.266742 0.030003
v 1.778027 -0.072312 -0.073069
v 1.831048 -0.102506 -0.013401
v 1.925662 -0.077086 0.090564
v 1.927626 -0.132296 0.265910
v 1.968640 -0.061707 0.286176
v 1.982665 0.035214 0.123811
v 1.962345 0.181943 0.184986
v 1.928295 0.184442 0.045101
v 1.921542 -0.017256 -0.034236
v 1.994241 -0.044258 0.210201
v 1.929756 0.064974 -0.008740
v 1.698258 -0.275174 0.345244
v 1.614077 -0.327671 0.340420
v 1.496017 -0.419711 0.445536
v 1.433791 -0.554259 0.513067
v 1.239988 -0.731266 0.469960
v 1.215638 -0.716875 0.266887
v 1.248611 -0.675724 0.353790
v 1.163886 -0.837195 0.297412
v 1.102122 -0.980692 0.393845
v 0.720936 -1.139539 0.802692
v 0.595373 -1.059463 0.518567
v 0.371802 -0.937841 0.429271
v 0.477172 -0.884087 0.279347
v 0.337857 -0.934214 0.214107
v 0.033123 -0.971242 0.178262
v 0.007394 -0.924013 0.280764
v -0.404251 -1.022516 0.604208
v -0.690776 -1.024025 0.704335
v -0.799582 -0.939897 0.743236
v -0.967267 -0.693355 0.735504
v -0.971361 -0.760638 0.588389
v -0.995680 -0.629915 0.777608
v -1.377564 -0.852433 0.510356
v -1.300418 -0.890669 0.479028
v -1.288054 -0.955888 0.247491
v -1.016158 -0.975340 0.086254
v -0.951556 -1.044292 -0.041989
v -0.898412 -1.069755 -0.286536
v -0.517858 -0.951875 -0.224126
v -0.558642 -0.769152 -0.313920
v -0.464204 -0.788334 -0.288416
v -0.501302 -0.718389 -0.326852
v -0.454834 -0.611501 -0.477004
v -0.561259 -0.643717 -0.504983
v -0.642596 -0.586640 -0.835027
v -0.594102 -0.485205 -0.872788
v -0.636219 -0.407478 -0.967572
v -0.444596 -0.403919 -1.065675
v -0.217743 -0.335892 -1.306158
v -0.313832 -0.061930 -1.387210
v -0.210575 0.036333 -1.317242
v -0.200569 0.222668 -1.182511
v -0.000979 0.448767 -0.914549
v 0.059293 0.658991 -0.727578
v 0.103803 0.788548 -0.626247
v 0.252891 0.901093 -0.381938
v 0.253664 0.881409 -0.064195
v 0.235314 0.854113 0.027877
v 0.180819 0.913906 0.160299
v 0.050713 0.964167 0.379365
v 0.077942 1.007838 0.595104
v -0.105218 0.938704 0.619631
v -0.073875 1.012568 0.803405
v -0.360631 0.850448 0.830650
v -0.356644 0.801164 0.954139
v -0.432377 0.612247 1.099969
v -0.269031 0.639171 1.167020
v -0.168873 0.727908 1.155152
v -0.169637 0.523696 1.361702
v -0.073388 0.449129 1.398944
v -0.153797 0.135988 1.396840
v -0.209403 -0.021980 1.321592
v -0.261351 -0.362528 1.176007
v -0.239571 -0.489887 1.204651
v -0.313516 -0.402486 1.111967
v -0.356531 -0.497628 1.076140
v -0.485837 -0.576919 0.888684
v -0.574068 -0.485691 0.949984
v -0.695145 -0.645902 0.845167
v -0.814845 -0.680301 0.846560
v -0.794618 -0.764959 0.832294
v -0.761160 -0.946687 0.769074
v -0.626381 -0.950966 0.790251
v -0.633899 -0.769642 0.826028
v -0.530573 -0.802061 0.828780
v -0.520671 -0.687811 0.840894
v -0.432004 -0.637525 0.881269
v -0.348151 -0.749082 0.939638
v -0.289474 -0.695107 1.038933
v 0.037783 0.232555 1.365107
v 0.005494 0.561884 1.337140
v -0.138571 0.657424 1.269455
v -0.060411 0.851867 1.104902
v 0.018851 0.942722 0.928969
v 0.023589 1.048868 0.765896
v 0.432020 0.882571 0.429420
v 0.316181 0.801415 0.282693
v 0.393060 0.846716 -0.129453
v 0.562440 0.801574 -0.081127
v 0.488875 0.680050 0.103815
v 0.340990 0.718805 0.127575
v 0.485006 0.681496 0.015780
v 0.401064 0.742775 0.251923
v 0.272339 0.876206 0.395342
v 0.539924 0.743106 0.216548
v 0.653803 0.849193 -0.042002
v 0.710709 0.880862 -0.087869
v 0.683930 0.852023 0.115503
v 0.801336 0.880295 -0.069862
v 0.897802 0.836808 0.011068
v 0.938345 0.729832 -0.143211
v 0.998648 0.700112 -0.179729
v 1.396086 0.841521 -0.135644
v 1.434827 0.930675 -0.011911
v 1.335020 0.936705 0.143646
v 1.447673 0.968719 0.158013
v 0.780324 1.052348 0.580223
v 0.926949 1.049653 0.489884
v 0.472457 0.886287 0.837878
v 0.556304 0.707502 0.857198
v 0.587500 0.544688 1.068225
v 0.729605 0.548491 0.988053
v 0.776707 0.436170 1.174116
v 0.815978 0.372191 1.234077
v 0.696684 0.429899 1.204773
v 0.825232 0.004782 1.380624
v 0.620567 -0.003934 1.323669
v 0.749630 -0.057168 1.388696
v 0.491834 -0.154303 1.237859
v 0.346762 -0.283338 1.148607
v 0.341610 -0.391949 1.081361
v 0.297470 -0.566062 1.086335
v 0.170389 -0.750358 1.192633
v -0.004213 -0.863233 1.217795
v -0.043207 -0.988578 1.133225
v -0.118503 -1.002218 1.083163
v -0.301418 -0.933996 0.950746
v -0.232999 -0.983985 0.967079
v -0.321212 -1.020512 0.771584
v -0.435206 -1.058689 0.680362
v -0.550478 -1.032391 0.752411
v -0.554704 -0.964968 0.785470
v -0.445716 -0.987408 0.824086
v -0.438810 -0.805115 0.875524
v -0.232560 -0.580728 1.119131
v -0.145673 -0.623158 1.227243
v 0.080572 -0.470810 1.210609
v 0.146851 -0.409228 1.183014
v 0.201193 -0.252422 1.181015
v 0.054808 -0.183458 1.196300
v -0.124825 -0.222328 1.227967
v 0.191999 -0.146442 1.131541
v 0.247721 -0.095420 1.133746
v 0.128434 0.056708 1.233419
v 0.139103 0.261102 1.357981
v 0.099221 0.386784 1.366547
v 0.029384 0.623273 1.263173
v -0.000882 0.769462 1.181967
v 0.220584 0.909112 0.964481
v 0.241959 1.019017 0.757774
v 0.152505 1.050121 0.752287
v 0.161915 1.055446 0.683985
v 0.373444 1.008838 0.615239
v 0.490044 0.978649 0.533464
v 0.646207 1.006697 0.545227
v 0.630382 0.980558 0.419379
v 0.570172 0.866886 0.338757
v 0.761629 1.056684 0.391296
v 0.766280 0.929702 0.169144
v 0.852974 1.025899 0.301747
v 0.548813 1.010467 0.656705
v 0.362618 0.974549 0.816260
v 0.400101 0.719150 1.064493
v 0.506779 0.636101 1.075294
v 0.607964 0.512016 1.096638
v 0.590776 0.425239 1.160905
v 0.623830 0.119990 1.299637
v 0.359474 0.039391 1.199421
v 0.345681 0.137912 1.223745
v 0.342256 0.348296 1.260357
v 0.167525 0.327909 1.336804
v 0.132009 0.661159 1.170037
v 0.243545 0.728157 1.134423
v 0.435630 0.296093 1.218317
v 0.391891 0.473933 1.215794
v 0.323677 0.453851 1.228723
v 0.241138 0.607797 1.177909
v 0.454318 0.587747 1.136339
v 0.462350 0.411669 1.192727
v 0.606721 0.331721 1.193209
v 0.510158 0.170938 1.226346
v 0.502723 0.919005 0.768025
v 0.501561 1.005179 0.708221
v 0.846390 1.073478 0.432380
v 0.951866 1.048494 0.425578
v 1.055341 0.978300 0.329951
v 1.193925 0.930706 0.214481
v 1.170657 0.897667 0.168594
v 0.879158 0.849793 -0.167070
v 0.955991 0.725066 -0.038588
v 1.225911 0.711737 0.014347
v 1.223239 0.748079 0.088803
v 1.141614 0.738363 0.118836
v 1.085411 0.696084 0.081150
v 1.279750 0.874352 0.103129
v 0.611101 0.978799 0.676474
v 1.331501 0.866219 0.037034
v 1.336896 0.834052 -0.062621
v 1.239566 0.743443 -0.145057
v 1.204299 0.717054 -0.198134
v 1.118525 0.660731 -0.063672
v 0.182459 -0.628999 1.153749
v 0.076703 -0.668380 1.215054
v -0.055696 -0.625106 1.254737
v -0.043943 -0.770381 1.242498
v -0.114550 -0.849187 1.161255
v -0.151004 -0.891231 1.130393
v -0.496824 -1.042151 0.740244
v -0.184177 -1.014543 0.875756
v 0.215715 -0.893628 1.145507
v 0.319179 -0.804786 1.089513
v 0.358563 -0.684594 1.061425
v 0.561970 -0.652811 0.999467
v 0.509706 -0.504237 1.054229
v 0.567849 -0.282453 1.171029
v 0.616655 -0.176967 1.278506
v 0.979121 0.371756 1.154060
v 0.955100 0.429120 1.131526
v 0.887347 0.535649 1.009973
v 0.839206 0.611302 0.845346
v 0.868462 0.692681 0.717521
v 0.642196 0.672916 0.788924
v 0.751484 0.845005 0.623703
v 0.780162 1.008328 0.614715
v 1.055783 0.995234 0.404805
v 1.368590 1.001094 0.456767
v 1.639850 0.939219 0.498691
v 1.617626 0.930013 0.538787
v 1.656266 0.807765 0.607803
v 1.434445 0.556310 0.697249
v 1.429030 0.461046 0.708493
v 1.539940 0.329192 0.661814
v 1.410764 0.254358 0.781174
v 1.393033 0.151046 0.938989
v 1.389343 0.107426 0.942032
v 1.284153 0.047903 1.045792
v 1.103671 -0.472624 1.103461
v 1.004171 -0.468693 1.146350
v 0.973354 -0.617996 1.117863
v 0.948726 -0.777407 1.044121
v 0.629347 -0.998714 1.017700
v 0.742167 -0.926144 1.027634
v 0.448177 -0.924589 1.010993
v 0.476702 -1.015981 0.982812
v 0.345013 -0.972836 1.009888
v 0.207226 -0.971223 1.049428
v 0.122521 -1.013324 1.030842
v -0.090840 -1.042860 0.990222
v -0.050718 -1.058233 0.889171
v -0.197745 -0.982630 0.633933
v -0.216048 -0.941652 0.387114
v -0.110028 -0.919011 0.432509
v 0.178814 -0.882716 0.391661
v 0.366006 -0.905703 0.317023
v 0.153570 -0.876354 0.282582
v -0.011436 -0.923895 0.398088
v -0.052392 -0.926564 0.554812
v 0.190117 -1.029583 0.777892
v 0.248524 -1.025408 0.892132
v 0.194149 -0.944719 0.508286
v 0.229004 -0.966111 0.585519
v 0.090009 -1.004743 0.602603
v 0.011805 -1.048439 0.694161
v 0.460458 -1.058415 0.924640
v 0.313658 -1.018086 0.729779
v 0.657459 -1.065268 0.941837
v 0.021840 -1.033899 1.065931
v 0.159110 -0.946611 1.139130
v 0.381961 -0.920345 1.050268
v 0.412599 -0.818298 0.998039
v 0.660882 -0.281718 1.224302
v 0.757481 -0.190824 1.284818
v 0.787219 -0.115709 1.378162
v 0.963397 0.009518 1.364339
v 0.969741 -0.173035 1.357496
v 0.869697 -0.258952 1.286968
v 0.857303 -0.396695 1.186672
v 0.799241 -0.526327 1.161746
v 0.646121 -0.536067 1.066618
v 0.497571 -0.894264 0.995762
v 1.048043 -0.349815 1.203872
v 0.920268 -0.186756 1.368466
v 1.044273 -0.159448 1.323724
v 1.104797 -0.011611 1.324480
v 0.936388 0.125753 1.357983
v 1.080686 0.215704 1.214526
v 1.010055 0.471231 1.037773
v 1.052423 0.684314 0.804076
v 1.206919 0.797960 0.625490
v 1.325380 0.865396 0.572837
v 1.238645 0.867352 0.551398
v 0.913671 0.855035 0.607628
v 1.032081 0.953897 0.494574
v 1.228620 0.983259 0.497282
v 1.429346 0.980506 0.509386
v 1.527213 0.895157 0.568154
v 1.404292 0.788877 0.568300
v 1.386312 0.689734 0.644516
v 1.330268 0.547225 0.718463
v 1.324028 0.462944 0.770721
v 1.331419 0.371493 0.833074
v 1.310481 0.251039 0.946319
v 1.256987 0.142114 1.110256
v 1.136703 -0.162826 1.176856
v 1.119617 0.060276 1.295516
v 1.147132 0.314962 1.080777
v 1.206942 0.413803 0.897815
v 1.194171 0.462223 0.808163
v 1.198753 0.528877 0.731326
v 1.234003 0.634384 0.710632
v 1.145930 0.677531 0.689921
v 1.445391 0.880066 0.563918
v 1.137696 -0.433549 1.035394
v 1.229029 -0.357865 0.856113
v 1.282591 -0.261297 0.808212
v 1.223919 -0.253875 0.958222
v 1.197687 -0.203288 1.071044
v 1.305803 -0.063976 0.896285
v 1.431744 0.068031 0.828876
v 1.501351 0.189209 0.783199
v 1.686822 0.582934 0.691620
v 1.841085 0.370241 0.608167
v 1.853866 0.214621 0.615422
v 1.910342 0.013919 0.437566
v 1.743366 -0.133835 0.395989
v 1.749828 0.006452 0.498335
v 1.582943 -0.291704 0.432212
v 1.378415 -0.586332 0.629855
v 1.300941 -0.641968 0.586793
v 1.220674 -0.772429 0.600410
v 1.148515 -1.002894 0.492361
v 1.162178 -0.810863 0.385669
v 1.122205 -1.037030 0.614513
v 1.017070 -1.080151 0.810335
v 1.085270 -0.928102 0.929191
v 1.101395 -0.823553 0.991398
v 1.132530 -0.775518 0.886358
v 1.276127 -0.558373 0.855797
v 1.292178 -0.440050 0.778232
v 1.300755 -0.364607 0.698151
v 1.474428 -0.111512 0.561130
v 1.277244 -0.096990 0.635342
v 1.251954 -0.142753 0.707599
v 1.279667 -0.158362 0.809199
v 1.370625 0.014094 0.682493
v 1.499928 0.144882 0.775824
v 1.569474 0.005884 0.607631
v 1.623755 -0.220969 0.455327
v 1.443215 -0.405460 0.519734
v 1.340630 -0.583317 0.750657
v 1.255496 -0.647384 0.679998
v 1.203221 -0.893382 0.584792
v 1.114521 -0.983869 0.751669
v 1.080990 -1.002316 0.866408
v 1.107888 -0.869517 0.753857
v 1.370718 -0.220435 0.574161
v 1.574260 0.967350 0.489884
v 1.480879 0.957507 0.432310
v 0.684915 0.864892 -0.255920
v -0.816855 -0.908163 0.780130
v -0.796793 -0.583766 0.915664
v -0.510878 -0.446242 1.008957
v -0.456028 -0.393535 1.058899
v -0.704244 -0.189824 1.181702
v -0.803604 -0.358048 1.106583
v -0.834812 -0.269176 1.135559
v -1.029767 -0.440015 0.945820
v -1.282815 -0.558782 0.888606
v -1.395914 -0.493860 0.888567
v -1.491553 -0.413138 0.809499
v -1.337713 -0.610380 0.751078
v -1.312645 -0.675381 0.710363
v -1.402444 -0.925234 0.307671
v -1.301779 -0.974501 0.158675
v -1.258814 -0.956997 0.060497
v -1.110026 -0.994853 -0.048459
v -1.067722 -1.013146 -0.325793
v -0.969987 -1.015382 -0.432535
v -0.892718 -0.903104 -0.645939
v -0.729583 -0.744034 -0.753046
v -0.773518 -0.680151 -0.821949
v -0.683673 -0.741533 -0.694529
v -0.895257 -1.030670 -0.360902
v -0.709708 -0.776644 -0.529892
v -0.816826 -0.884326 -0.600295
v -0.589469 -0.723171 -0.372853
v -0.726374 -0.446974 -0.906048
v -0.557271 -0.383676 -1.027010
v -0.451933 -0.295345 -1.206174
v -0.428905 -0.182930 -1.347561
v -0.358876 0.070064 -1.361040
v -0.325584 0.235587 -1.252453
v -0.228153 0.415251 -1.159452
v -0.128943 0.628918 -0.823933
v -0.034843 0.750483 -0.648111
v 0.086467 0.827626 -0.551510
v 0.218367 0.897556 -0.565497
v 0.094282 0.920797 0.171675
v 0.101466 0.939839 0.273616
v 0.035151 0.828556 0.131772
v -0.100258 0.816357 0.180259
v -0.157558 0.733072 0.107421
v -0.268078 0.743939 0.395275
v -0.374386 0.819030 0.550364
v -0.232603 0.852862 0.536768
v -0.373274 0.864621 0.747235
v -0.530481 0.856295 0.694543
v -0.639520 0.904985 0.652214
v -0.846108 0.912278 0.594822
v -0.718014 0.881694 0.697454
v -0.970460 0.862497 0.633446
v -1.045459 0.868173 0.656493
v -0.941651 0.767207 0.789786
v -0.767836 0.786665 0.807380
v -0.661040 0.818680 0.887342
v -0.803974 0.723700 0.910063
v -0.806764 0.630108 0.973364
v -1.008191 0.602970 0.887564
v -0.939978 0.499801 0.926281
v -1.249115 0.428048 0.881966
v -1.123639 0.354035 0.923024
v -0.956488 0.213230 0.896930
v -0.943883 -0.025770 0.939406
v -0.936926 -0.216061 0.982644
v -1.073771 -0.043538 0.914572
v -1.153564 -0.348077 0.908683
v -1.268926 -0.410453 0.900653
v -1.356955 -0.482209 0.915894
v -1.433627 -0.726369 0.607395
v -1.455550 -0.842840 0.414033
v -1.422346 -0.904121 0.206871
v -1.374811 -0.869920 0.071585
v -1.099204 -1.008880 -0.165116
v -1.042788 -0.796629 -0.695439
v -1.142609 -0.669765 -0.809068
v -1.053045 -0.681936 -0.802954
v -0.741694 -0.567125 -0.871961
v -0.871518 -0.604439 -0.846580
v -0.863671 -0.422111 -0.856844
v -0.817775 -0.271664 -1.003528
v -0.563802 -0.181154 -1.193455
v -0.524637 -0.077421 -1.299612
v -0.420825 -0.125686 -1.376641
v -0.461129 0.228852 -1.234323
v -0.378249 0.363315 -1.226779
v -0.391551 0.485976 -1.138459
v -0.353412 0.512979 -1.075405
v -0.057544 0.796992 -0.571178
v -0.094628 0.755367 -0.380909
v -0.079114 0.618318 -0.041631
v -0.039235 0.647284 -0.000564
v -0.229845 0.668643 0.047525
v -0.502023 0.750443 0.384068
v -0.609956 0.795090 0.385245
v -0.554027 0.853426 0.538423
v -1.129102 0.978947 0.238087
v -1.200191 0.839821 0.355323
v -1.294462 0.790567 0.535704
v -1.207622 0.824950 0.637129
v -1.454499 0.442788 0.833496
v -1.253877 0.190302 0.927950
v -1.070797 0.139835 0.847733
v -1.250858 -0.148369 0.944772
v -1.333354 -0.375453 0.943137
v -1.325942 -0.265617 0.931779
v -1.444467 -0.357108 0.908452
v -1.555251 -0.303146 0.755485
v -1.493642 -0.433835 0.714678
v -1.580009 -0.377843 0.639015
v -1.514350 -0.263483 0.793829
v -1.345497 -0.207574 0.911163
v -1.433450 0.014624 0.852000
v -1.252384 0.045693 0.925650
v -1.408903 0.248670 0.893110
v -1.452283 -0.158444 0.800924
v -1.665896 -0.114189 0.685685
v -1.753859 -0.299014 0.585576
v -1.664549 -0.424737 0.499374
v -1.710007 -0.482163 0.359501
v -1.655581 -0.643973 0.320211
v -1.543423 -0.797961 0.309848
v -1.498083 -0.810218 0.247388
v -1.361139 -0.823432 -0.069831
v -1.213060 -0.872193 -0.137699
v -1.239919 -0.786565 -0.233747
v -1.396156 -0.690168 -0.388394
v -1.232592 -0.711873 -0.489356
v -1.217791 -0.711235 -0.673392
v -1.081680 -0.790212 -0.499240
v -1.239344 -0.604384 -0.921311
v -1.146541 -0.417949 -1.006244
v -0.982998 -0.337074 -0.983935
v -0.777540 -0.179563 -1.022092
v -0.713132 -0.238227 -1.055849
v -0.718073 -0.032795 -1.004786
v -0.669293 0.025300 -1.075518
v -0.632946 0.197506 -1.085114
v -0.658566 0.302196 -1.020453
v -0.482779 0.382917 -1.156017
v -0.460118 0.551137 -1.023705
v -0.243381 0.772150 -0.722123
v -0.256222 0.786357 -0.667106
v -0.167503 0.787847 -0.598131
v -0.316941 0.745028 -0.556814
v -0.235147 0.769135 -0.454438
v -0.178346 0.635947 -0.217230
v -0.224313 0.615085 -0.121177
v -0.460073 0.663980 0.262518
v -0.644527 0.758543 0.154733
v -0.864987 0.940048 0.439026
v -0.911481 0.965158 0.187181
v -1.009535 0.999970 0.320401
v -1.147108 0.966391 0.057413
v -1.230458 0.964570 -0.051443
v -1.359935 0.814636 -0.087120
v -1.353735 0.907642 0.051055
v -1.619357 0.750746 0.117727
v -1.282681 0.889430 0.220597
v -1.476730 0.739385 0.225567
v -1.338132 0.761529 0.325940
v -1.458654 0.621833 0.374114
v -1.354528 0.633067 0.715629
v -1.497267 0.370635 0.845682
v -1.624890 0.168763 0.708499
v -1.861619 -0.100739 0.668421
v -2.081461 -0.085481 0.528619
v -2.082510 -0.297616 0.427674
v -1.993637 -0.409028 0.376617
v -1.814204 -0.405466 0.435559
v -1.895720 -0.532069 0.253958
v -1.881958 -0.598111 0.201389
v -1.709276 -0.686125 0.169676
v -1.478161 -0.620816 -0.212682
v -1.552206 -0.763645 0.110242
v -1.432445 -0.657964 -0.195367
v -1.617344 -0.620101 -0.314511
v -1.357489 -0.729616 -0.738006
v -1.311875 -0.704721 -0.827622
v -1.331517 -0.590308 -0.951246
v -1.134179 -0.265514 -1.050140
v -0.860317 -0.243878 -1.023101
v -0.926204 -0.091759 -1.039854
v -0.833061 -0.035696 -1.005858
v -1.011551 -0.133529 -1.109718
v -1.056464 -0.178612 -1.122682
v -0.958068 -0.003898 -1.074148
v -0.954740 0.161517 -1.033201
v -0.970612 0.309016 -1.051743
v -0.866364 0.390222 -0.949604
v -0.767673 0.278635 -0.995980
v -0.691862 0.367812 -0.934054
v -0.636841 0.437609 -0.968741
v -0.784848 0.444786 -0.921552
v -0.584846 0.544225 -0.941038
v -0.496202 0.503709 -1.016131
v -0.477513 0.687238 -0.870265
v -0.500495 0.690715 -0.736207
v -0.394943 0.721068 -0.670129
v -0.298509 0.691264 -0.328362
v -0.394101 0.685197 -0.199557
v -0.496979 0.717024 -0.129563
v -0.673314 0.745425 -0.154778
v -0.543727 0.753983 -0.041854
v -0.705826 0.790805 -0.047135
v -0.701069 0.766566 0.076024
v -0.938514 0.944107 0.040120
v -1.010319 0.940696 -0.044793
v -1.057524 0.960634 -0.108903
v -1.046389 0.927424 -0.193624
v -1.502237 0.756611 -0.097108
v -1.634028 0.697419 -0.081332
v -1.492736 0.443899 0.767386
v -1.420173 0.603353 0.528832
v -1.648346 0.274109 0.586250
v -1.682801 0.192532 0.657998
v -1.854729 0.106481 0.620692
v -1.899490 0.014758 0.628647
v -2.189594 -0.014708 0.381015
v -2.133257 -0.283207 0.355569
v -2.070247 -0.411769 0.284491
v -1.897874 -0.626904 0.111082
v -1.847897 -0.634735 0.010034
v -1.714639 -0.656209 -0.009263
v -1.690625 -0.594407 -0.302216
v -1.732495 -0.546629 -0.419744
v -1.760970 -0.481575 -0.586942
v -1.455280 -0.618165 -0.859399
v -1.094594 -0.087014 -1.145473
v -1.014765 -0.034674 -1.113171
v -1.103493 -0.003261 -1.096955
v -1.112196 0.196886 -1.003318
v -1.385251 0.391179 -0.896002
v -1.513147 0.416324 -0.834955
v -1.554628 0.303100 -0.810842
v -1.623951 0.031876 -0.697981
v -1.697115 -0.082015 -0.743136
v -1.601411 -0.164733 -0.725680
v -1.637769 -0.276967 -0.734590
v -1.534134 -0.431821 -0.853493
v -1.640290 -0.432479 -0.814304
v -1.380774 -0.461510 -0.963896
v -1.185791 -0.302333 -1.018954
v -1.157169 0.015999 -1.057009
v -1.179821 0.142711 -0.995047
v -1.266597 0.270270 -0.944956
v -1.462369 0.273887 -0.786994
v -1.482662 0.154422 -0.668013
v -1.482011 -0.053114 -0.670075
v -1.467947 -0.184534 -0.763269
v -1.405244 -0.388709 -0.941914
v -1.180595 -0.141419 -1.115302
v -1.208678 0.083079 -0.957660
v -1.318989 0.216897 -0.855135
v -1.308141 0.122007 -0.749249
v -1.354681 -0.068425 -0.727123
v -1.247258 0.004330 -0.863418
v -1.321791 -0.177143 -0.896203
v -1.213968 -0.073047 -1.016864
v -1.292435 -0.223855 -0.966974
v -1.481497 -0.366968 -0.838947
v -1.551617 -0.565326 -0.798809
v -1.639429 -0.518823 -0.789790
v -1.747158 -0.247581 -0.723334
v -1.793033 -0.081580 -0.774929
v -1.350274 0.508403 -0.907030
v -1.231068 0.393349 -0.974706
v -1.125921 0.341381 -1.021487
v -1.116711 0.385159 -1.005180
v -0.784396 0.489229 -0.840031
v -0.677247 0.589813 -0.890681
v -1.000585 0.440527 -0.638238
v -1.229947 0.587200 -0.733499
v -1.435823 0.658575 -0.744213
v -1.365513 0.574124 -0.860308
v -1.305041 0.494331 -0.907236
v -1.134317 0.423929 -0.920009
v -0.921335 0.425891 -0.815808
v -0.895703 0.430875 -0.707411
v -1.203341 0.520552 -0.779515
v -0.955775 0.375662 -0.968915
v -1.146930 0.624799 -0.547168
v -1.216048 0.776258 -0.472833
v -1.227247 0.939032 -0.282375
v -1.269477 0.935439 -0.253879
v -1.473332 0.830718 -0.342881
v -1.575049 0.725302 -0.239765
v -1.789616 0.698888 -0.243463
v -1.798292 0.701328 -0.100260
v -1.729007 0.709949 0.042700
v -1.672702 0.689586 0.124297
v -1.608662 0.589981 0.241371
v -1.553550 0.424630 0.320308
v -1.515305 0.427398 0.588417
v -1.613428 0.275509 0.671977
v -2.261010 0.002588 0.221463
v -2.182078 -0.269796 0.201126
v -2.072412 -0.329825 0.083079
v -2.044186 -0.441746 0.207692
v -1.994495 -0.515350 0.034899
v -1.748617 -0.615492 -0.160977
v -1.884940 -0.581179 -0.049868
v -1.821511 -0.403962 -0.252825
v -1.844655 -0.368143 -0.398059
v -1.907730 -0.351179 -0.581010
v -1.865585 -0.363831 -0.633008
v -1.814059 -0.303981 -0.718718
v -1.689549 -0.548879 -0.699440
v -1.954805 -0.085200 -0.761727
v -1.668660 0.217239 -0.814238
v -1.741371 0.319463 -0.854693
v -1.772800 0.535151 -0.789433
v -1.739949 0.462010 -0.843837
v -1.878344 0.418544 -0.901715
v -1.874941 0.159000 -0.921375
v -1.895884 0.090173 -0.912015
v -1.979777 0.023739 -0.832015
v -1.992685 -0.221012 -0.668437
v -2.059171 -0.083180 -0.712590
v -2.004480 -0.298624 -0.633593
v -2.140897 -0.207175 -0.665383
v -2.031281 -0.281365 -0.387232
v -1.952965 -0.429428 -0.104713
v -1.948510 -0.328727 -0.258913
v -2.064031 -0.356250 -0.084029
v -2.190260 -0.240282 0.005318
v -2.123552 -0.279560 -0.212695
v -2.130226 -0.286294 -0.547789
v -2.060207 0.199148 -0.858999
v -1.920045 0.233092 -0.929207
v -2.026362 0.320434 -0.888224
v -1.827098 0.495861 -0.843776
v -1.939545 0.562389 -0.772087
v -1.825525 0.614937 -0.709629
v -1.692106 0.746823 -0.650637
v -1.587986 0.785335 -0.423483
v -1.596497 0.807427 -0.527718
v -1.707326 0.725459 -0.410067
v -1.695326 0.720374 -0.313527
v -1.929920 0.726698 -0.253367
v -2.088168 0.649564 -0.181826
v -2.202347 0.579753 -0.196534
v -2.188864 0.580002 -0.080485
v -2.015461 0.593512 0.110657
v -1.588833 0.358021 0.404624
v -1.655977 0.546916 0.234680
v -1.832872 0.659441 0.175518
v -1.854769 0.697375 0.115962
v -1.639786 0.291700 0.452080
v -1.699923 0.273687 0.500789
v -1.837563 0.213452 0.526025
v -1.964099 0.240281 0.449990
v -2.093956 0.107393 0.460306
v -2.176463 0.163295 0.366165
v -2.230386 0.126890 0.230664
v -2.281219 0.236831 0.126995
v -2.239513 0.362386 0.158650
v -2.294891 0.273057 -0.053710
v -2.299271 -0.066059 -0.153462
v -2.247578 -0.148907 -0.261056
v -2.222411 -0.235864 -0.164808
v -2.213972 -0.191390 -0.325840
v -2.268884 -0.123841 -0.466026
v -2.227901 -0.173034 -0.547820
v -2.172192 0.059175 -0.699393
v -2.288745 0.032250 -0.426719
v -2.302035 0.040655 -0.212640
v -2.291389 0.423530 -0.152633
v -2.178258 0.519559 0.151476
v -2.006828 0.511026 0.221298
v -1.855926 0.452125 0.278898
v -1.791889 0.354313 0.383511
v -1.712287 0.314407 0.411695
v -2.048203 0.366901 0.372398
v -2.111016 0.407500 0.323145
v -2.202261 0.306324 0.296349
v -2.208739 0.375995 0.246310
v -2.278732 0.458816 -0.248543
v -2.179199 0.530794 -0.566975
v -2.222948 0.247739 -0.732495
v -2.141792 0.277904 -0.804134
v -1.873602 0.719551 -0.610943
v -1.807716 0.709339 -0.613109
v -1.776820 0.746615 -0.493929
v -1.828495 0.740556 -0.381619
v -2.001053 0.731777 -0.425287
v -2.053073 0.715254 -0.415253
v -2.061580 0.658702 -0.321616
v -2.062800 0.699158 -0.525866
v -2.172465 0.473054 -0.678728
v -2.069828 0.434074 -0.819259
v -1.995503 0.697042 -0.635706
v -2.085082 0.582471 -0.671008
v -1.430177 0.805819 -0.482780
v -1.512946 0.790739 -0.538164
v -1.527536 0.763034 -0.630471
v -1.066911 0.773074 -0.412983
v -0.963553 0.705096 -0.465198
v -0.974602 0.613657 -0.515606
v -0.890073 0.504897 -0.586729
v -0.797599 0.618009 -0.582412
v -0.786062 0.641646 -0.558930
v -0.958146 0.768011 -0.396877
v -0.906992 0.859106 -0.178236
v -0.785865 0.831901 -0.066880
v -0.654410 0.599060 -0.294660
v -0.653726 0.574759 -0.403274
v -0.715687 0.627668 -0.517179
v -0.548911 0.677289 -0.620920
v -0.704073 0.646569 -0.634409
v -0.437749 0.688554 -0.546446
v -0.553329 0.578737 -0.330124
v -0.531116 0.157072 -1.167539
v -0.584528 -0.028698 -1.182244
v 0.155121 0.868419 -0.133066
v 0.147045 0.882654 0.067737
v -0.741107 -0.151452 1.155354
v -0.692562 0.076845 1.163558
v -0.841007 0.261017 1.021652
v -0.946265 0.415459 0.921090
v -0.609024 0.759634 0.945617
v -0.532613 0.815046 0.908275
v -0.536248 0.742482 0.960380
v -0.356443 0.713439 1.052559
v -0.552997 0.444862 1.154620
v -0.418630 0.450308 1.292254
v -0.485105 0.130203 1.299879
v -0.529361 -0.046098 1.306198
v -0.435540 -0.108790 1.285330
v -0.290782 0.015624 1.347779
v -0.296524 0.207647 1.396530
v -0.533976 0.296105 1.187305
v -0.674197 0.177567 1.121329
v -0.693959 0.416044 1.072155
v -0.683471 0.488358 1.048003
v -0.524337 0.617393 1.011594
v -0.217135 0.894460 0.670363
v -0.085767 0.903812 0.470224
v -1.053622 0.719099 0.761797
v 1.043746 0.715170 -0.629392
v 0.815254 0.679111 -0.831334
v 0.681719 0.756792 -0.626120
v 0.535737 0.780641 -0.694971
v 0.429810 0.805326 -0.657353
v 0.376122 0.739226 -0.697459
v 0.713927 0.645843 -0.963372
v 0.619056 0.706859 -0.854940
v 0.494518 0.659174 -0.813639
v 0.409829 0.592953 -0.882846
v 0.235294 0.484480 -1.007989
v -0.181242 -0.574702 -0.833856
v 0.078558 -0.611135 -0.838165
v -0.194234 -0.568613 -0.729571
v 1.635717 0.739076 -0.127874
v 1.628332 0.815500 -0.060130
v 1.483791 0.681818 -0.306648
v 1.611594 0.613380 -0.565172
v 1.637682 0.659778 -0.257683
v 1.443135 0.677648 -0.453989
v 1.340462 0.867236 -0.655107
v 1.362396 0.777541 -0.803013
v 1.070578 0.553576 -1.086533
v 1.021219 0.429877 -1.222302
v 1.077952 0.007623 -1.235542
v 1.121498 -0.179725 -1.246026
v 1.156146 0.099675 -1.214229
v 1.072958 0.287506 -1.251470
v 1.151599 0.401964 -1.155091
v 1.385554 0.436081 -1.028958
v 1.178041 0.606835 -1.063051
v 1.247072 0.655663 -0.999261
v 1.166879 -0.070440 -1.140681
v 0.662078 0.365620 -1.331993
v 0.408208 0.298232 -1.250362
v 0.416516 0.025546 -1.252884
v 0.276955 0.123971 -1.260593
v 0.538510 -0.976427 -0.531474
vn 0.1581 -0.5511 0.8193
vn -0.6286 -0.2922 0.7208
vn -0.8044 -0.3679 0.4665
vn -0.6675 -0.5859 0.4595
vn 0.2071 -0.7186 0.6639
vn -0.3683 -0.5327 0.7619
vn -0.4628 -0.8074 0.3659
vn -0.1626 -0.8161 0.5546
vn -0.2861 -0.8540 0.4346
vn -0.4424 -0.6480 -0.6200
vn -0.4828 -0.8740 0.0554
vn -0.8147 -0.0814 0.5742
vn -0.3961 -0.1154 0.9109
vn 0.8851 0.2965 0.3586
vn -0.0904 0.2628 0.9606
vn -0.1937 -0.9805 0.0343
vn 0.2922 -0.8918 0.3453
vn 0.5855 -0.4793 0.6538
vn 0.4151 0.4736 0.7768
vn 0.2555 0.1529 0.9547
vn -0.0899 -0.0375 0.9952
vn 0.3089 0.5731 0.7591
vn 0.4201 0.4181 0.8054
vn 0.0977 -0.7866 0.6097
vn 0.9889 0.0169 0.1474
vn 0.3818 -0.9141 -0.1367
vn 0.2795 -0.7150 -0.6409
vn 0.3500 -0.8965 -0.2716
vn 0.7894 -0.3306 0.5173
vn 0.9935 -0.0835 -0.0768
vn 0.5906 -0.7567 -0.2803
vn 0.3533 -0.9348 -0.0369
vn 0.6267 -0.7785 -0.0348
vn 0.4833 -0.8562 0.1826
vn 0.3971 -0.2529 -0.8823
vn 0.5792 -0.8085 0.1041
vn -0.5771 -0.5774 -0.5775
vn -0.2238 -0.9686 0.1082
vn 0.5364 -0.0952 -0.8386
vn -0.0631 0.9207 -0.3852
vn 0.9190 0.1863 0.3475
vn -0.9736 0.0418 0.2243
vn -0.9877 0.1565 0.0004
vn -0.4813 0.3896 0.7852
vn -0.7618 0.6189 -0.1914
vn -0.4897 0.8211 0.2934
vn -0.5099 0.8526 0.1141
vn -0.2343 0.9513 0.2004
vn 0.3068 0.9134 -0.2676
vn 0.3923 0.6001 -0.6971
vn -0.1585 0.9872 0.0197
vn -0.5208 0.8400 0.1523
vn -0.2879 0.8987 0.3309
vn -0.2885 0.8986 0.3307
vn -0.5426 0.8347 0.0945
vn -0.0929 0.9663 0.2400
vn -0.4668 -0.0289 -0.8839
vn -0.0054 0.9576 0.2879
vn -0.6559 0.7548 -0.0064
vn -0.0688 0.5033 -0.8614
vn -0.2167 0.8137 0.5393
vn 0.0098 0.5586 0.8294
vn 0.4084 0.4684 0.7835
vn 0.4152 0.4641 0.7824
vn 0.5315 0.8386 -0.1191
vn 0.5320 0.7510 0.3911
vn 0.5888 0.8058 -0.0626
vn 0.8964 0.2201 -0.3847
vn 0.2613 0.7871 0.5588
vn 0.3725 0.8920 -0.2562
vn -0.7163 0.4611 -0.5237
vn 0.9603 0.2537 0.1161
vn 0.7815 0.5358 -0.3195
vn 0.3942 0.3890 -0.8326
vn -0.2228 0.7186 -0.6588
vn -0.8636 0.4692 0.1845
vn -0.5134 0.7162 -0.4727
vn 0.1988 0.7806 -0.5926
vn 0.1972 0.7668 -0.6108
vn 0.4744 0.8777 0.0673
vn 0.4407 0.8554 0.2721
vn -0.6235 0.7691 0.1402
vn -0.3225 0.9167 0.2359
vn 0.0270 0.9834 0.1794
vn 0.0888 0.9489 -0.3028
vn -0.4313 0.8496 -0.3037
vn 0.3095 0.0434 -0.9499
vn -0.0132 0.9874 -0.1578
vn 0.1396 0.8814 -0.4512
vn 0.3031 0.9389 -0.1634
vn 0.7770 0.0138 -0.6293
vn -0.1889 -0.9234 -0.3342
vn -0.3951 -0.9153 0.0777
vn -0.8581 0.0386 -0.5120
vn -0.5931 -0.8007 -0.0846
vn -0.2896 -0.7078 -0.6443
vn -0.0708 -0.9820 -0.1752
vn -0.0322 -0.8285 -0.5590
vn -0.4815 -0.6903 -0.5401
vn 0.1838 -0.0631 -0.9809
vn -0.4572 -0.8888 -0.0324
vn -0.3609 -0.9324 0.0170
vn -0.1661 -0.7459 -0.6450
vn -0.5139 -0.5771 -0.6347
vn -0.0513 -0.6791 -0.7322
vn 0.0728 -0.6929 -0.7173
vn -0.7421 -0.1672 -0.6491
vn -0.4527 -0.5486 -0.7029
vn 0.1898 -0.9577 -0.2163
vn 0.0225 -0.9607 -0.2768
vn 0.1274 -0.9397 -0.3175
vn -0.1305 -0.6555 -0.7438
vn 0.3911 -0.3919 -0.8327
vn -0.1959 -0.5982 -0.7770
vn 0.1512 -0.2429 -0.9582
vn 0.2567 -0.2248 -0.9400
vn 0.4526 -0.4362 -0.7778
vn 0.0112 -0.9196 -0.3928
vn 0.0901 -0.9031 -0.4199
vn 0.0224 -0.9876 0.1552
vn 0.0463 -0.9989 0.0006
vn -0.1842 -0.9819 -0.0431
vn -0.0670 -0.9401 -0.3342
vn 0.2173 -0.9424 -0.2544
vn 0.2032 -0.9712 -0.1244
vn 0.3414 -0.8265 -0.4476
vn 0.2339 -0.9015 -0.3642
vn 0.2085 -0.9624 -0.1740
vn 0.2191 -0.5933 -0.7746
vn 0.4428 -0.1117 -0.8897
vn 0.4703 -0.2148 -0.8559
vn 0.7763 -0.2467 -0.5800
vn 0.2329 -0.3066 -0.9229
vn 0.1562 -0.8938 -0.4203
vn 0.0511 -0.9601 -0.2749
vn -0.0555 -0.9980 0.0287
vn -0.2566 -0.9613 0.1008
vn 0.2385 -0.9309 -0.2767
vn 0.1997 -0.9317 -0.3035
vn -0.1571 -0.9482 -0.2762
vn -0.1466 -0.4533 -0.8792
vn -0.0373 -0.8635 -0.5029
vn 0.3145 -0.7771 -0.5451
vn 0.2460 -0.7316 -0.6358
vn 0.6927 -0.5554 -0.4601
vn 0.2862 -0.8605 -0.4214
vn 0.8901 -0.4237 -0.1679
vn 0.6472 -0.6617 -0.3785
vn 0.3332 -0.6182 -0.7119
vn 0.6114 -0.4432 -0.6555
vn 0.7571 -0.5666 -0.3252
vn 0.4481 -0.8079 -0.3827
vn 0.5939 -0.6250 -0.5066
vn 0.3547 -0.7327 -0.5808
vn 0.9441 -0.1758 -0.2788
vn 0.8902 -0.1312 -0.4363
vn 0.8406 -0.5408 0.0307
vn 0.8392 -0.5438 0.0042
vn 0.1590 -0.9611 0.2259
vn 0.0116 -0.9955 -0.0940
vn -0.1592 -0.9155 0.3696
vn 0.0674 -0.9385 0.3385
vn 0.1124 -0.9482 0.2973
vn 0.2351 -0.9707 0.0503
vn 0.0265 -0.8905 -0.4543
vn -0.5301 -0.5041 -0.6818
vn -0.4988 0.0634 -0.8644
vn -0.3604 0.1836 -0.9146
vn -0.7574 -0.5539 -0.3457
vn -0.3534 -0.8703 -0.3430
vn 0.1400 -0.8179 -0.5581
vn -0.2180 -0.2359 -0.9470
vn 0.0264 -0.6971 -0.7165
vn 0.2849 -0.7746 -0.5646
vn 0.4748 -0.8279 -0.2985
vn 0.6601 -0.7215 -0.2092
vn 0.4814 -0.8282 -0.2868
vn 0.2874 -0.2246 -0.9311
vn 0.9780 0.0412 -0.2044
vn 0.7889 -0.4701 -0.3956
vn 0.9880 -0.0666 -0.1394
vn 0.9753 0.1738 -0.1360
vn 0.6463 0.1686 -0.7443
vn 0.9987 0.0506 -0.0036
vn 0.5183 -0.8474 0.1154
vn 0.7683 -0.5749 0.2816
vn 0.5942 0.6932 -0.4080
vn 0.8216 -0.0602 -0.5669
vn 0.8222 -0.0585 -0.5661
vn 0.3397 -0.6405 -0.6887
vn 0.9854 -0.1167 -0.1240
vn 0.9275 0.3392 -0.1571
vn 0.8681 0.2406 -0.4341
vn 0.9621 -0.2712 -0.0294
vn 0.9378 -0.1205 -0.3257
vn 0.9530 -0.2370 0.1889
vn 0.8148 -0.2883 0.5029
vn 0.7973 -0.5016 0.3357
vn 0.7891 -0.5838 0.1912
vn 0.2292 -0.8987 0.3738
vn -0.0789 -0.9886 -0.1281
vn -0.6913 -0.7023 -0.1703
vn -0.7034 -0.6156 0.3552
vn -0.1456 -0.9794 0.1400
vn -0.4272 -0.8519 0.3030
vn 0.0037 -0.9237 -0.3831
vn -0.3729 -0.6389 -0.6729
vn -0.6825 -0.5714 -0.4557
vn -0.6551 -0.1108 -0.7473
vn -0.3062 -0.2009 -0.9305
vn -0.1181 -0.9878 0.1012
vn -0.0333 -0.9333 -0.3575
vn -0.0575 -0.4717 -0.8799
vn 0.2726 0.0914 -0.9578
vn 0.1974 0.2027 -0.9591
vn -0.2695 0.0007 -0.9630
vn 0.1789 0.4035 -0.8973
vn 0.2817 0.5732 -0.7695
vn 0.5700 0.2337 -0.7877
vn 0.2475 0.2797 -0.9277
vn 0.0709 0.1063 -0.9918
vn -0.4567 -0.0835 -0.8857
vn -0.4176 -0.0615 -0.9065
vn -0.2920 0.3141 -0.9034
vn 0.3515 0.0923 -0.9316
vn 0.2095 -0.3162 -0.9253
vn 0.5394 -0.5983 -0.5925
vn 0.5868 -0.7723 -0.2432
vn 0.5079 -0.8204 -0.2625
vn 0.5855 -0.1647 -0.7937
vn 0.0498 0.4323 -0.9004
vn 0.1858 0.0584 -0.9808
vn 0.4009 0.5387 -0.7410
vn 0.5398 0.6878 -0.4854
vn 0.6718 0.7209 -0.1701
vn 0.8916 0.4526 -0.0139
vn 0.5590 -0.7067 -0.4337
vn 0.7177 -0.6864 0.1178
vn 0.6674 -0.7006 0.2525
vn 0.6292 -0.6220 0.4661
vn 0.6380 -0.6357 0.4345
vn 0.7301 0.2548 -0.6340
vn 0.8287 -0.0339 -0.5587
vn 0.9829 -0.1340 -0.1260
vn 0.6707 -0.5773 0.4657
vn 0.7779 -0.4130 0.4736
vn 0.2891 -0.8715 0.3962
vn 0.1567 -0.9487 -0.2744
vn -0.0939 -0.9860 -0.1382
vn -0.5474 -0.6998 -0.4590
vn -0.0262 -0.5363 0.8436
vn 0.1525 -0.4313 0.8892
vn 0.0505 -0.8130 0.5801
vn 0.0329 -0.7473 0.6637
vn 0.0074 -0.8100 0.5864
vn -0.4946 -0.8286 -0.2622
vn -0.3324 -0.9058 -0.2627
vn -0.6628 -0.7485 0.0193
vn -0.0031 -0.8494 0.5277
vn 0.3511 -0.6794 0.6444
vn 0.1322 -0.9829 0.1278
vn -0.2276 -0.8452 0.4836
vn 0.1145 -0.9804 0.1604
vn -0.0822 -0.9527 0.2925
vn -0.3059 -0.8860 0.3485
vn 0.0475 -0.9181 0.3935
vn 0.1005 -0.9728 -0.2089
vn -0.2931 -0.9045 -0.3098
vn -0.1453 -0.8996 -0.4119
vn -0.3572 -0.6921 -0.6272
vn -0.3983 -0.6323 -0.6645
vn -0.3593 -0.9145 -0.1859
vn -0.1481 -0.9045 0.3998
vn -0.1174 -0.9173 -0.3805
vn 0.0017 -0.2302 -0.9731
vn 0.1039 -0.0275 -0.9942
vn -0.0326 0.9263 -0.3755
vn -0.1787 0.7735 -0.6080
vn 0.0180 0.7430 0.6690
vn -0.1719 0.7320 0.6593
vn 0.2104 0.9690 -0.1296
vn 0.5904 0.7611 -0.2686
vn 0.6254 0.7618 -0.1691
vn 0.8524 0.5200 -0.0560
vn 0.7887 0.4751 -0.3902
vn 0.8646 0.4610 -0.2001
vn 0.8568 0.5155 0.0132
vn 0.5965 0.5566 -0.5783
vn 0.6360 0.5685 -0.5219
vn 0.6984 0.4350 -0.5683
vn 0.8205 0.5690 -0.0546
vn 0.5902 0.7626 -0.2646
vn 0.6958 0.7017 -0.1533
vn 0.7457 0.6365 0.1970
vn 0.6322 0.1588 -0.7583
vn 0.6364 0.3119 -0.7055
vn 0.7597 0.3311 -0.5596
vn 0.5828 0.0875 -0.8079
vn 0.8565 0.2356 -0.4592
vn 0.6141 -0.2531 -0.7476
vn 0.8519 -0.3907 0.3486
vn 0.9984 -0.0131 -0.0545
vn 0.5708 -0.6291 -0.5276
vn 0.5977 -0.8016 -0.0151
vn 0.6715 -0.6908 0.2682
vn 0.6583 -0.6982 0.2815
vn 0.7153 -0.6589 0.2329
vn 0.7271 -0.6771 0.1133
vn -0.0367 -0.9842 -0.1734
vn -0.3420 -0.5028 -0.7938
vn -0.1799 -0.9835 -0.0201
vn -0.1463 -0.9838 0.1039
vn -0.1557 -0.9263 0.3432
vn 0.2169 -0.6404 0.7367
vn 0.3893 -0.8416 0.3744
vn 0.5074 -0.8203 0.2641
vn -0.2982 -0.9527 0.0587
vn -0.5774 -0.7242 -0.3770
vn -0.8691 -0.4006 -0.2904
vn -0.8013 -0.5821 0.1383
vn -0.5963 -0.7651 0.2432
vn 0.2875 -0.9381 0.1930
vn -0.3191 -0.8924 0.3190
vn -0.3568 -0.8562 0.3737
vn 0.1228 -0.9785 -0.1657
vn -0.1023 -0.3682 -0.9241
vn -0.3997 -0.5135 -0.7593
vn -0.5725 -0.4870 -0.6596
vn -0.1943 -0.8787 -0.4361
vn 0.1541 -0.8440 -0.5137
vn 0.1581 -0.9642 -0.2129
vn -0.4561 -0.8799 -0.1332
vn -0.7219 -0.6809 -0.1234
vn -0.5541 -0.5883 -0.5889
vn -0.3905 -0.4292 -0.8145
vn -0.3542 0.3524 -0.8662
vn -0.2144 0.5798 -0.7860
vn -0.1958 0.6254 -0.7553
vn 0.0027 0.6712 -0.7413
vn -0.4487 0.8396 -0.3061
vn 0.1387 0.8524 -0.5042
vn 0.4311 0.8656 -0.2545
vn 0.3158 0.9482 -0.0354
vn 0.2852 0.9572 -0.0502
vn -0.2704 0.8766 -0.3981
vn -0.2036 0.7363 0.6453
vn 0.3731 0.8303 -0.4140
vn 0.1776 0.9770 -0.1177
vn 0.4050 0.9143 0.0052
vn 0.4249 0.8862 0.1845
vn 0.3892 0.9064 0.1641
vn 0.8194 0.4724 0.3248
vn 0.7599 0.0879 0.6441
vn 0.9896 0.0775 0.1214
vn 0.9390 0.3438 -0.0111
vn 0.9903 0.1045 0.0920
vn 0.8799 0.0015 -0.4751
vn 0.5446 -0.2340 -0.8054
vn 0.2870 -0.0817 -0.9545
vn 0.4161 -0.6071 -0.6770
vn 0.3849 0.0771 -0.9197
vn 0.5309 0.0238 -0.8471
vn 0.4566 -0.0474 -0.8884
vn 0.6478 -0.0642 -0.7591
vn 0.5522 -0.4048 -0.7288
vn 0.8963 -0.2420 0.3716
vn 0.9649 0.1215 -0.2327
vn -0.3197 0.6236 -0.7133
vn 0.7059 -0.6733 -0.2199
vn 0.8331 -0.5297 0.1591
vn 0.9301 0.0208 -0.3666
vn 0.7676 -0.4042 0.4975
vn 0.5255 -0.6628 0.5335
vn 0.5921 -0.5206 0.6151
vn 0.4760 -0.6549 0.5870
vn 0.5307 -0.8456 -0.0577
vn 0.7856 -0.6180 0.0296
vn 0.7276 -0.6624 -0.1782
vn 0.8410 -0.4967 -0.2146
vn 0.6245 -0.7426 0.2418
vn 0.8007 -0.5614 -0.2090
vn 0.8961 -0.4211 -0.1406
vn 0.7671 -0.4467 -0.4604
vn 0.8516 -0.1793 -0.4925
vn 0.6327 -0.6363 -0.4413
vn 0.6229 -0.6365 -0.4547
vn -0.1049 -0.8314 -0.5456
vn -0.8177 -0.5755 -0.0140
vn -0.6065 -0.7165 0.3446
vn -0.8006 -0.5361 0.2675
vn 0.0383 -0.8595 0.5097
vn -0.1420 -0.7828 0.6058
vn 0.0132 -0.8806 0.4737
vn 0.0162 -0.9911 0.1323
vn -0.2931 -0.8958 0.3340
vn -0.4470 -0.8945 -0.0040
vn 0.2863 -0.8531 -0.4362
vn 0.0975 -0.5209 -0.8480
vn 0.1510 -0.5884 -0.7944
vn 0.4262 -0.5772 -0.6966
vn 0.1996 -0.2697 -0.9420
vn -0.3152 -0.5800 -0.7512
vn 0.7446 -0.5144 -0.4255
vn -0.1891 -0.7988 -0.5711
vn -0.4294 -0.6778 -0.5968
vn -0.3668 -0.7453 -0.5568
vn -0.1933 -0.7524 -0.6297
vn -0.4164 -0.4306 -0.8008
vn 0.2582 -0.1142 -0.9593
vn 0.3313 0.2910 -0.8975
vn 0.3464 0.4649 -0.8148
vn 0.4609 0.5036 -0.7307
vn -0.0438 -0.0968 -0.9943
vn 0.4655 0.6698 -0.5785
vn -0.1277 0.8594 -0.4952
vn 0.0395 0.6577 -0.7522
vn 0.2925 0.5873 -0.7547
vn -0.0490 0.6257 -0.7785
vn 0.1464 0.9890 -0.0217
vn 0.5543 0.8289 0.0753
vn 0.3736 0.9015 -0.2183
vn -0.3717 0.8688 -0.3270
vn -0.4991 0.7257 0.4735
vn -0.4309 0.8332 0.3465
vn -0.2458 0.6634 0.7068
vn -0.4463 0.5761 0.6848
vn -0.0864 0.3537 0.9314
vn -0.0024 -0.5750 0.8182
vn -0.1805 -0.4779 0.8596
vn -0.5241 -0.4622 0.7153
vn -0.0142 -0.1597 0.9871
vn -0.1583 -0.1975 0.9675
vn -0.2354 -0.3213 0.9172
vn -0.7537 -0.3596 0.5501
vn -0.7693 -0.4684 0.4345
vn -0.6575 -0.3502 0.6671
vn -0.4386 0.3354 0.8337
vn 0.2141 -0.2130 0.9533
vn 0.3050 -0.2945 0.9057
vn 0.3257 -0.4976 0.8039
vn 0.3564 -0.4354 0.8267
vn -0.2097 0.8136 0.5424
vn -0.1049 0.9478 0.3010
vn -0.2177 0.9310 -0.2930
vn 0.2150 0.8785 -0.4266
vn -0.1596 0.7924 -0.5888
vn 0.6319 0.7215 -0.2832
vn 0.7892 0.6142 -0.0029
vn 0.7624 0.6437 0.0655
vn -0.3670 0.7160 0.5939
vn 0.2611 0.9638 0.0532
vn 0.8981 0.2126 0.3850
vn -0.0457 0.6451 0.7628
vn 0.4299 0.8203 -0.3773
vn 0.1029 0.7726 -0.6265
vn -0.1154 0.8883 -0.4446
vn -0.5587 0.6681 0.4914
vn 0.0111 0.9996 -0.0246
vn -0.6902 0.7236 0.0117
vn 0.0018 0.9823 -0.1871
vn 0.2719 0.9587 -0.0831
vn 0.6006 0.7315 -0.3228
vn 0.5792 0.7303 0.3621
vn -0.4679 0.8750 -0.1241
vn -0.2643 0.9618 -0.0708
vn -0.1395 0.9707 -0.1958
vn 0.0171 0.9315 -0.3634
vn 0.4761 0.8630 0.1689
vn 0.8599 0.3673 0.3545
vn 0.6085 0.6693 0.4264
vn 0.2265 0.8676 0.4427
vn 0.3220 0.7280 0.6052
vn 0.1358 0.8395 0.5261
vn 0.1932 0.7315 0.6539
vn 0.0107 0.4702 0.8825
vn -0.6028 0.0621 0.7955
vn -0.2402 -0.3549 0.9035
vn -0.5552 -0.1475 0.8186
vn 0.4672 -0.0933 0.8792
vn 0.4188 0.2390 0.8760
vn 0.2770 -0.2200 0.9353
vn 0.2439 -0.3686 0.8970
vn -0.6707 -0.4480 0.5912
vn -0.1505 -0.9573 0.2468
vn -0.7866 -0.0407 0.6162
vn 0.0801 -0.2656 0.9607
vn -0.2677 -0.4665 0.8431
vn 0.0694 0.3078 0.9489
vn 0.1536 0.1368 0.9786
vn 0.2137 -0.0616 0.9749
vn 0.4735 -0.5469 0.6904
vn 0.1811 -0.0096 0.9834
vn 0.2300 0.2796 0.9322
vn -0.2627 0.5510 0.7921
vn -0.4065 0.7730 -0.4871
vn -0.3590 0.6590 -0.6610
vn -0.2812 0.7771 -0.5630
vn -0.1747 0.7131 -0.6790
vn -0.5027 0.6612 -0.5569
vn -0.5816 0.7009 -0.4128
vn -0.5163 0.8491 -0.1114
vn -0.1614 0.9715 -0.1738
vn 0.1511 0.9119 0.3816
vn 0.0924 0.8752 0.4749
vn -0.3441 -0.6915 -0.6351
vn 0.4837 0.7228 0.4935
vn 0.7266 0.4010 0.5579
vn -0.3277 0.6034 0.7270
vn -0.3803 0.2434 0.8923
vn -0.4750 0.1796 0.8615
vn -0.2094 0.0464 0.9767
vn -0.2165 0.0485 0.9751
vn -0.1423 0.1129 0.9834
vn 0.1665 -0.2230 0.9605
vn 0.2051 -0.0586 0.9770
vn 0.4779 -0.1430 0.8667
vn 0.3853 0.1259 0.9142
vn 0.4587 0.0853 0.8845
vn 0.4896 0.1326 0.8618
vn 0.2119 0.5522 0.8063
vn 0.0964 0.4985 0.8615
vn 0.1985 0.1814 0.9631
vn 0.4512 0.0922 0.8876
vn 0.4242 0.1492 0.8932
vn 0.0914 0.3006 0.9494
vn 0.3603 0.4609 0.8110
vn 0.3580 0.5573 0.7491
vn 0.3739 0.2983 0.8782
vn 0.1400 0.5712 0.8088
vn 0.1904 0.3494 0.9174
vn -0.0156 0.5781 0.8158
vn 0.2116 0.4068 0.8887
vn -0.3910 0.2541 0.8846
vn 0.7419 0.6396 0.2011
vn 0.7132 0.6020 0.3590
vn -0.2523 0.9343 -0.2520
vn 0.1979 0.9242 -0.3266
vn -0.0198 0.9391 -0.3430
vn -0.0646 0.8929 -0.4455
vn -0.0235 0.8169 -0.5763
vn 0.5497 0.7225 -0.4193
vn -0.0090 0.9710 -0.2391
vn -0.2373 0.9298 -0.2813
vn -0.7650 0.5676 -0.3045
vn -0.3606 0.2629 -0.8949
vn -0.0259 0.3023 -0.9528
vn 0.6183 0.5397 -0.5714
vn -0.1399 0.8358 -0.5309
vn -0.3415 0.7059 -0.6205
vn 0.2344 0.9694 0.0733
vn 0.3196 0.8671 0.3821
vn -0.5993 0.7518 -0.2751
vn -0.7039 0.3829 -0.5983
vn -0.4997 0.8568 0.1276
vn 0.1428 0.9728 0.1825
vn -0.4904 0.8128 -0.3144
vn -0.2813 0.8193 -0.4996
vn 0.3516 0.5369 0.7669
vn 0.1215 0.9882 0.0938
vn 0.0125 0.6418 0.7668
vn 0.2272 -0.0067 0.9738
vn 0.2375 -0.1536 0.9592
vn -0.4029 -0.4225 0.8119
vn -0.4973 -0.4356 0.7503
vn 0.0063 -0.8391 0.5440
vn -0.3680 -0.6598 0.6551
vn -0.3623 -0.1890 0.9127
vn -0.4480 -0.2270 0.8647
vn -0.5543 -0.3027 0.7753
vn -0.2927 -0.1038 0.9506
vn -0.4572 -0.4061 0.7913
vn 0.1890 -0.2839 0.9401
vn -0.6168 0.1055 0.7800
vn -0.1438 -0.9590 0.2441
vn 0.5407 -0.1035 0.8348
vn 0.5708 0.0048 0.8211
vn 0.1525 -0.0104 0.9882
vn -0.0885 -0.4459 0.8907
vn -0.2045 -0.5083 0.8366
vn -0.3451 -0.5867 0.7326
vn -0.3485 -0.3950 0.8500
vn -0.2126 -0.3036 0.9288
vn -0.0845 0.2295 0.9696
vn 0.0974 0.3551 0.9297
vn 0.1858 0.7302 0.6575
vn 0.0167 0.9104 0.4135
vn 0.1325 0.8657 0.4828
vn 0.1014 0.8285 0.5507
vn 0.4791 0.1624 0.8626
vn 0.4449 0.5513 0.7057
vn 0.0102 0.9849 -0.1727
vn -0.0025 0.9754 -0.2206
vn 0.3217 0.8683 0.3777
vn 0.5327 0.2015 0.8220
vn -0.0352 0.3693 0.9286
vn -0.1269 0.5474 0.8272
vn -0.1479 0.3169 0.9369
vn 0.1897 0.1045 0.9763
vn 0.4632 0.4420 0.7682
vn 0.6435 0.0996 0.7589
vn 0.7078 0.5520 0.4409
vn 0.7051 -0.0102 0.7090
vn 0.6271 -0.3028 0.7177
vn 0.4084 -0.2801 0.8688
vn 0.1734 -0.4354 0.8834
vn 0.2275 -0.3042 0.9250
vn -0.1221 0.0541 0.9910
vn -0.2151 -0.0668 0.9743
vn 0.3803 -0.1621 0.9106
vn -0.0303 -0.5960 0.8024
vn 0.1915 -0.6924 0.6956
vn 0.1585 -0.9801 -0.1199
vn -0.2878 -0.9382 -0.1925
vn 0.1101 -0.9791 -0.1707
vn 0.3090 -0.9497 0.0505
vn -0.0317 -0.8039 0.5940
vn -0.1325 -0.9908 -0.0271
vn 0.1845 -0.9102 -0.3708
vn -0.3870 -0.9063 -0.1696
vn -0.0356 -0.9979 0.0546
vn -0.2963 -0.9429 -0.1524
vn -0.2185 -0.9411 -0.2582
vn 0.1587 -0.8166 -0.5550
vn 0.1007 -0.9462 -0.3075
vn -0.0226 -0.8946 -0.4463
vn 0.2213 -0.9400 -0.2596
vn 0.2282 -0.9374 -0.2632
vn -0.2781 -0.9605 0.0107
vn 0.1539 -0.3944 0.9060
vn 0.0142 -0.7819 0.6232
vn -0.1797 -0.8995 0.3982
vn 0.4632 -0.8586 -0.2195
vn -0.3941 -0.9141 0.0952
vn -0.1644 -0.9208 0.3537
vn 0.4936 -0.0270 0.8693
vn 0.3204 -0.2970 0.8995
vn -0.1739 -0.3938 0.9026
vn -0.4399 -0.4546 0.7745
vn -0.1790 -0.4213 0.8891
vn 0.0784 -0.6089 0.7894
vn -0.6175 -0.5050 0.6031
vn 0.6066 -0.0087 0.7949
vn 0.2942 -0.3498 0.8894
vn -0.4933 -0.2819 0.8229
vn 0.1871 0.1803 0.9657
vn 0.2567 -0.8880 0.3814
vn 0.3318 -0.8491 0.4110
vn 0.1584 -0.2165 0.9634
vn 0.1176 -0.2381 0.9641
vn 0.0283 -0.4438 0.8957
vn 0.3893 -0.4852 0.7829
vn 0.3226 -0.8755 0.3597
vn 0.4156 -0.0196 0.9093
vn 0.3961 0.2717 0.8771
vn 0.6318 0.4979 0.5940
vn 0.2955 0.7961 0.5281
vn -0.1421 0.7521 0.6435
vn -0.2116 0.3984 0.8925
vn 0.4551 0.5346 0.7121
vn -0.1416 0.9128 0.3829
vn -0.0567 0.9711 0.2317
vn 0.1196 0.9636 0.2389
vn 0.0331 0.5923 0.8050
vn 0.0818 0.5095 0.8566
vn 0.4394 0.5300 0.7253
vn 0.6622 0.5062 0.5524
vn 0.7735 -0.1906 0.6045
vn 0.8463 -0.1122 0.5207
vn 0.7812 0.0880 0.6181
vn 0.4827 0.5713 0.6638
vn 0.7237 0.1537 0.6728
vn 0.3174 0.8498 0.4208
vn 0.2805 0.2341 0.9309
vn 0.0069 0.4780 0.8783
vn 0.5748 0.6009 0.5555
vn 0.5259 0.5323 0.6634
vn 0.5862 0.4850 0.6489
vn 0.6710 0.3957 0.6270
vn 0.1460 0.8445 0.5153
vn 0.8382 0.3187 0.4425
vn 0.6798 0.4581 0.5727
vn 0.2337 -0.4377 0.8682
vn -0.2278 -0.3602 0.9046
vn -0.4499 -0.4516 0.7705
vn -0.2808 -0.6253 0.7281
vn 0.8972 -0.2861 0.3363
vn 0.8802 -0.3098 0.3596
vn 0.9002 -0.2760 0.3369
vn 0.7471 -0.4757 0.4642
vn 0.7332 -0.5083 0.4517
vn -0.0613 0.1204 0.9908
vn 0.1551 0.2625 0.9524
vn 0.3287 -0.4888 0.8081
vn 0.1986 -0.5836 0.7874
vn 0.6218 -0.4328 0.6527
vn 0.7623 -0.4715 0.4433
vn 0.7071 -0.7057 -0.0449
vn 0.7543 -0.5968 0.2736
vn 0.4879 -0.7373 0.4672
vn 0.8531 -0.3576 0.3799
vn 0.8442 -0.3354 0.4180
vn 0.6747 0.4503 0.5848
vn 0.9655 0.0299 -0.2588
vn 0.8801 -0.4299 0.2018
vn 0.7128 -0.7003 -0.0396
vn 0.5525 -0.1540 0.8192
vn 0.3891 -0.6916 0.6085
vn 0.8068 -0.5102 0.2978
vn 0.4149 -0.8962 0.1570
vn 0.2245 0.1404 0.9643
vn 0.1356 0.0573 0.9891
vn 0.4159 -0.5948 0.6879
vn 0.4364 -0.5433 0.7172
vn 0.6046 -0.3392 0.7207
vn 0.7013 -0.4160 0.5790
vn 0.9417 -0.1557 0.2984
vn 0.8087 -0.4592 0.3676
vn 0.8442 -0.1867 0.5024
vn 0.8745 -0.4821 0.0536
vn 0.8728 0.0413 0.4863
vn 0.7779 -0.6238 0.0762
vn 0.7362 -0.3993 0.5464
vn 0.8558 0.1974 0.4782
vn 0.9121 0.2452 0.3287
vn 0.0674 0.0550 0.9962
vn -0.0039 -0.3656 0.9308
vn 0.2188 -0.5073 0.8335
vn 0.9143 -0.3807 0.1382
vn 0.8399 0.2133 0.4991
vn 0.8152 0.0784 0.5739
vn 0.8673 0.0957 0.4885
vn 0.5808 0.4319 0.6900
vn 0.5223 0.8501 0.0679
vn -0.0783 0.7347 -0.6738
vn -0.0938 0.7262 -0.6810
vn 0.1958 0.7370 -0.6469
vn 0.7080 0.6936 -0.1329
vn 0.3959 0.8917 -0.2194
vn 0.4880 0.8142 -0.3146
vn 0.3464 0.8971 -0.2744
vn 0.0146 0.8491 -0.5281
vn -0.3357 -0.6349 0.6959
vn -0.4259 -0.4727 0.7715
vn -0.4043 -0.2451 0.8812
vn -0.8183 -0.5237 0.2369
vn 0.2224 -0.5498 0.8051
vn -0.0683 -0.6479 0.7587
vn -0.3482 -0.3196 0.8813
vn 0.1508 -0.6137 0.7750
vn 0.2071 -0.6282 0.7500
vn -0.0153 -0.2962 0.9550
vn -0.1803 -0.7910 0.5847
vn 0.1368 -0.8192 0.5570
vn 0.1058 -0.4614 0.8809
vn -0.4411 -0.7681 0.4642
vn -0.7499 -0.5839 0.3110
vn -0.5264 -0.7454 0.4089
vn -0.3315 -0.5847 0.7404
vn -0.5214 -0.7807 0.3444
vn -0.4116 -0.7908 -0.4531
vn 0.3111 -0.6858 -0.6580
vn 0.5335 -0.7524 -0.3864
vn 0.4581 -0.7695 -0.4451
vn 0.6269 -0.7391 -0.2464
vn 0.6372 -0.5191 -0.5697
vn 0.8693 -0.0477 -0.4920
vn 0.7642 -0.5903 -0.2598
vn 0.7065 -0.6275 -0.3272
vn -0.3392 -0.4831 -0.8072
vn -0.2768 -0.9006 -0.3351
vn -0.6289 -0.5555 -0.5441
vn 0.2832 0.8077 -0.5172
vn 0.4040 0.8364 -0.3705
vn 0.2011 0.7521 -0.6276
vn -0.1592 0.8592 -0.4862
vn 0.1510 0.9874 -0.0474
vn -0.0796 0.9941 -0.0737
vn 0.1354 0.9227 -0.3609
vn -0.4103 0.9012 -0.1394
vn -0.3106 0.8829 -0.3522
vn -0.2685 0.7901 -0.5510
vn 0.0241 0.9739 -0.2257
vn -0.4150 0.5400 0.7322
vn -0.3890 0.7768 0.4952
vn -0.3927 0.5232 0.7563
vn -0.3996 0.0785 0.9133
vn 0.0082 -0.0326 0.9994
vn -0.1040 -0.3526 0.9300
vn -0.5450 -0.4790 0.6881
vn -0.6948 -0.1542 0.7024
vn -0.1898 -0.3254 0.9264
vn -0.3856 0.2028 0.9001
vn -0.3070 -0.0291 0.9513
vn -0.0472 -0.0412 0.9980
vn 0.1099 0.0757 0.9911
vn -0.4803 -0.8547 0.1971
vn -0.8234 -0.5298 -0.2033
vn -0.7864 -0.2915 0.5447
vn -0.7633 -0.5278 0.3726
vn -0.5780 -0.7214 -0.3815
vn -0.8667 -0.4735 -0.1572
vn -0.0435 -0.6853 -0.7269
vn -0.3705 -0.5116 -0.7753
vn -0.1987 -0.7492 -0.6318
vn -0.4210 -0.0942 -0.9022
vn -0.4585 -0.3586 -0.8132
vn -0.7039 -0.3605 -0.6120
vn -0.6514 -0.2685 -0.7096
vn -0.3590 0.1865 -0.9145
vn -0.1370 0.5625 -0.8154
vn -0.1381 0.1401 -0.9805
vn 0.3075 0.5928 -0.7443
vn 0.4263 0.6211 -0.6576
vn 0.2351 0.8609 -0.4511
vn -0.4686 0.8834 -0.0020
vn -0.3997 0.9096 -0.1131
vn -0.1098 0.9809 0.1605
vn -0.5409 0.8117 -0.2203
vn 0.3391 0.8313 -0.4404
vn 0.4514 0.8864 -0.1023
vn -0.7072 0.6603 -0.2527
vn -0.4621 0.8729 -0.1564
vn -0.5899 0.8074 0.0111
vn -0.6843 0.6262 0.3737
vn -0.6348 0.6653 0.3929
vn -0.1649 0.4995 0.8505
vn -0.1484 0.5759 0.8039
vn -0.1787 -0.2271 0.9573
vn 0.2524 -0.1722 0.9522
vn -0.1918 0.0313 0.9809
vn 0.2370 -0.5422 0.8061
vn 0.4010 -0.3087 0.8625
vn -0.3189 -0.1676 0.9329
vn -0.8252 -0.2230 0.5190
vn -0.3895 -0.7070 0.5903
vn -0.3553 -0.1254 0.9263
vn -0.7387 -0.1156 0.6641
vn -0.7573 -0.1077 0.6441
vn -0.4633 0.0653 0.8838
vn -0.3579 -0.6875 0.6318
vn -0.5350 -0.7552 -0.3789
vn -0.7678 -0.6407 0.0058
vn -0.7449 -0.5426 -0.3883
vn -0.6453 -0.6509 -0.3999
vn -0.2193 -0.9644 -0.1479
vn -0.0231 -0.4488 -0.8933
vn 0.4006 -0.5984 -0.6938
vn 0.3259 -0.6973 -0.6384
vn 0.2369 -0.2904 -0.9271
vn -0.4516 0.0175 -0.8920
vn -0.2837 0.2249 -0.9322
vn -0.4327 0.0412 -0.9006
vn -0.4930 0.3667 -0.7890
vn -0.6507 0.1769 -0.7384
vn 0.5148 0.3764 -0.7703
vn -0.1023 0.9915 0.0809
vn -0.1539 0.9881 0.0017
vn -0.2768 0.9609 -0.0052
vn 0.1408 0.9450 -0.2954
vn 0.0598 0.9520 -0.3003
vn 0.0984 0.9941 0.0466
vn -0.1445 0.9863 0.0790
vn 0.1581 0.9868 -0.0345
vn 0.3696 0.8155 -0.4455
vn 0.0994 0.9919 -0.0788
vn -0.3011 0.9291 0.2150
vn -0.5928 0.8048 0.0312
vn -0.8741 0.4586 0.1598
vn -0.5175 0.7204 -0.4617
vn -0.3909 0.9196 0.0394
vn -0.4498 0.6035 0.6584
vn -0.5032 0.6689 0.5472
vn -0.8280 0.5525 0.0959
vn -0.6821 0.6091 0.4047
vn -0.7397 0.5122 0.4365
vn -0.6052 -0.0757 0.7925
vn -0.5174 -0.3656 0.7737
vn -0.1877 -0.7638 0.6175
vn -0.2459 -0.6345 0.7327
vn -0.4776 -0.8692 -0.1284
vn -0.4275 -0.8939 -0.1349
vn -0.4570 -0.7700 -0.4453
vn -0.5285 -0.7167 -0.4550
vn -0.8027 -0.5393 -0.2549
vn -0.2058 -0.9393 0.2747
vn 0.0748 -0.9900 0.1200
vn 0.1245 -0.5192 -0.8455
vn 0.1247 -0.6992 -0.7040
vn 0.5766 0.1615 -0.8009
vn -0.0578 0.0899 -0.9943
vn 0.0064 0.1146 -0.9934
vn 0.0103 -0.0386 -0.9992
vn -0.3564 -0.3047 -0.8833
vn 0.2532 0.2276 -0.9402
vn 0.6497 -0.0601 -0.7578
vn -0.2182 -0.1448 -0.9651
vn 0.2506 -0.0941 -0.9635
vn 0.2956 0.5776 -0.7609
vn 0.1390 0.4824 -0.8649
vn -0.4845 0.5740 -0.6601
vn -0.4626 0.4274 -0.7767
vn -0.7674 0.3325 -0.5482
vn -0.2968 0.7019 -0.6475
vn -0.4957 0.1216 -0.8599
vn -0.2870 0.4516 -0.8448
vn -0.2973 0.9518 -0.0757
vn -0.4123 0.9035 0.1167
vn -0.4633 0.8390 0.2854
vn 0.2197 0.9209 -0.3219
vn 0.1011 0.9945 0.0288
vn 0.7192 0.6854 -0.1134
vn 0.6039 0.7887 -0.1151
vn 0.5875 0.8087 -0.0278
vn 0.0137 0.9995 -0.0272
vn 0.1081 0.9938 0.0239
vn -0.1582 0.9812 -0.1107
vn -0.0140 0.9938 -0.1101
vn -0.5444 0.8387 -0.0157
vn -0.5909 0.7453 0.3089
vn -0.5338 0.7955 0.2867
vn -0.2893 0.8001 -0.5255
vn -0.4214 0.8822 -0.2099
vn -0.1892 0.9519 -0.2411
vn -0.4281 0.8803 -0.2043
vn -0.5960 0.5795 0.5559
vn -0.9337 0.2448 0.2615
vn -0.8626 0.2442 0.4431
vn -0.8451 0.4139 0.3384
vn -0.5430 0.3234 0.7749
vn -0.4242 0.5287 0.7352
vn -0.1427 0.2801 0.9493
vn -0.5457 -0.8266 0.1375
vn -0.6477 -0.6854 0.3327
vn -0.5444 -0.5889 0.5973
vn -0.2483 -0.8636 -0.4389
vn -0.2614 -0.9453 -0.1951
vn -0.6019 -0.7913 -0.1072
vn -0.3186 -0.9449 0.0759
vn -0.8484 -0.5259 -0.0601
vn -0.7700 -0.6279 -0.1132
vn -0.4457 -0.7456 -0.4953
vn -0.5859 -0.7665 -0.2631
vn -0.5648 -0.7822 -0.2632
vn -0.3959 -0.8128 -0.4273
vn -0.0237 0.5510 -0.8342
vn 0.1148 0.6921 -0.7126
vn -0.4016 0.3737 -0.8361
vn -0.0199 -0.1266 -0.9918
vn -0.5527 0.2424 -0.7974
vn -0.3139 0.4371 -0.8429
vn -0.5768 0.0523 -0.8152
vn -0.5302 -0.2813 -0.7998
vn -0.2350 -0.1601 -0.9587
vn -0.8559 0.0955 -0.5082
vn -0.6674 -0.4009 -0.6275
vn -0.4585 -0.3644 -0.8105
vn -0.1975 0.3822 -0.9027
vn -0.7844 0.2430 -0.5707
vn -0.9516 0.1367 -0.2754
vn -0.7879 -0.2043 -0.5810
vn -0.8101 0.4087 -0.4204
vn -0.8203 0.2579 -0.5105
vn -0.8349 0.2771 -0.4755
vn -0.9402 0.0296 -0.3393
vn -0.8116 0.1322 -0.5691
vn -0.6188 -0.3887 -0.6826
vn -0.6929 0.4026 -0.5982
vn -0.7182 0.4055 -0.5655
vn -0.6435 0.3336 -0.6889
vn -0.2920 0.5322 -0.7946
vn -0.3936 0.1215 -0.9112
vn -0.5823 -0.6342 -0.5086
vn -0.2972 0.2777 -0.9135
vn 0.0308 0.4555 -0.8897
vn 0.3107 0.1711 -0.9350
vn 0.2030 -0.2320 -0.9513
vn -0.4390 -0.0558 -0.8968
vn -0.4546 0.0520 -0.8892
vn -0.2127 0.3801 -0.9002
vn 0.1875 0.7486 -0.6359
vn -0.4268 0.9035 0.0393
vn -0.3536 0.8046 -0.4770
vn 0.0480 0.5725 -0.8185
vn 0.3233 0.9358 -0.1403
vn 0.3173 0.8470 -0.4266
vn 0.1763 0.9091 -0.3774
vn -0.0290 0.9988 0.0406
vn -0.2517 0.8302 -0.4975
vn 0.5045 0.6178 -0.6031
vn -0.4396 0.8781 -0.1892
vn 0.1671 0.2418 -0.9558
vn -0.3021 0.6745 -0.6736
vn 0.1275 0.6805 -0.7216
vn 0.1342 0.7572 -0.6392
vn -0.3345 0.8039 0.4918
vn -0.1233 0.9842 0.1273
vn 0.0325 0.9966 -0.0758
vn -0.4936 0.5104 0.7042
vn -0.6722 0.1244 0.7298
vn -0.8867 0.4582 -0.0626
vn -0.8255 0.5620 0.0523
vn 0.3537 0.8946 -0.2730
vn -0.4319 0.5545 0.7113
vn -0.6707 0.2086 0.7117
vn -0.9039 0.1013 0.4156
vn -0.8862 -0.2841 0.3659
vn -0.9050 -0.3974 -0.1520
vn -0.7712 -0.6348 0.0486
vn -0.5050 -0.7748 -0.3804
vn -0.6496 -0.3820 -0.6573
vn -0.0242 -0.0530 -0.9983
vn -0.0703 -0.3137 -0.9469
vn 0.1672 -0.0097 -0.9859
vn -0.2298 -0.1215 -0.9656
vn -0.2435 -0.1378 -0.9601
vn -0.2939 0.6749 -0.6769
vn 0.2511 0.6478 -0.7193
vn 0.3607 0.0569 -0.9309
vn 0.3382 0.1070 -0.9350
vn -0.2895 -0.5649 -0.7727
vn -0.0682 -0.5519 -0.8311
vn -0.5699 -0.3513 -0.7428
vn -0.1750 -0.3810 -0.9079
vn -0.4580 -0.5757 -0.6773
vn -0.4213 -0.8986 -0.1229
vn -0.2499 -0.9508 0.1832
vn -0.4180 -0.9065 0.0601
vn -0.4221 -0.7534 -0.5042
vn -0.6977 -0.4986 -0.5144
vn -0.5589 -0.8231 -0.1007
vn -0.7692 -0.6258 0.1291
vn -0.3041 -0.9406 -0.1510
vn -0.5720 -0.3745 -0.7298
vn -0.5707 -0.3859 -0.7249
vn -0.5921 -0.1942 -0.7821
vn -0.0329 -0.1248 -0.9916
vn 0.0191 0.7476 -0.6639
vn 0.1236 0.7414 -0.6596
vn -0.1912 0.6281 -0.7543
vn -0.1697 0.5403 -0.8242
vn 0.0058 0.7558 -0.6548
vn -0.0382 0.9077 -0.4178
vn -0.2792 0.9503 -0.1379
vn -0.4370 0.8937 0.1014
vn -0.0030 0.9572 0.2895
vn 0.1725 0.9554 0.2396
vn -0.3650 0.9138 0.1780
vn -0.8447 0.5200 -0.1267
vn 0.7077 -0.3426 -0.6178
vn -0.3474 0.9034 0.2513
vn -0.2038 0.7772 0.5953
vn -0.1572 0.4547 0.8767
vn -0.0144 0.4475 0.8942
vn 0.1149 0.2104 0.9708
vn -0.3844 0.7958 0.4678
vn -0.4059 0.2711 0.8728
vn -0.1048 0.9945 -0.0092
vn -0.7814 0.6232 0.0318
vn -0.1984 0.9733 0.1150
vn -0.9271 0.2052 0.3138
vn -0.9784 -0.1129 0.1732
vn -0.9142 -0.2863 0.2868
vn -0.9864 0.1296 0.1006
vn -0.9689 -0.2460 0.0276
vn -0.4917 -0.8324 -0.2557
vn -0.7717 -0.6360 -0.0042
vn -0.9763 -0.0729 -0.2036
vn -0.9182 -0.1697 -0.3580
vn -0.9341 -0.1914 -0.3014
vn -0.9844 -0.1373 -0.1100
vn -0.9912 0.0882 0.0991
vn -0.9050 0.3628 0.2221
vn -0.8960 0.3610 0.2585
vn -0.6256 0.5181 0.5833
vn -0.0611 0.7306 0.6801
vn -0.2819 0.8652 0.4147
vn 0.0942 0.6928 0.7150
vn -0.2331 0.7279 0.6448
vn -0.2901 0.3525 0.8897
vn -0.4227 0.3567 0.8331
vn -0.9180 0.1715 0.3576
vn 0.1332 0.5807 0.8032
vn -0.1630 0.6689 0.7252
vn -0.8600 0.5007 0.0988
vn -0.8502 0.5205 0.0793
vn -0.5651 0.7589 -0.3235
vn -0.6295 0.7769 0.0104
vn -0.8486 0.4475 -0.2823
vn -0.8822 0.4272 -0.1981
vn -0.9261 -0.0806 -0.3687
vn -0.8066 0.3020 -0.5081
vn -0.9847 0.1666 -0.0521
vn -0.6877 -0.2336 -0.6874
vn -0.4267 -0.0976 -0.8991
vn -0.3670 -0.3035 -0.8793
vn -0.2848 0.5720 -0.7692
vn 0.0663 0.7006 -0.7104
vn 0.0860 0.7043 -0.7047
vn -0.3550 0.9181 -0.1765
vn 0.1318 0.9906 0.0358
vn -0.1740 0.8499 0.4975
vn -0.8213 0.5704 -0.0108
vn -0.7231 0.5883 -0.3620
vn -0.7251 0.3093 -0.6153
vn -0.6256 0.2157 -0.7497
vn -0.3803 0.6338 -0.6735
vn -0.3586 0.9029 -0.2371
vn -0.3452 0.9341 -0.0910
vn -0.6520 0.6367 -0.4117
vn -0.6092 0.5283 -0.5915
vn 0.1245 0.8945 -0.4294
vn -0.7425 0.6627 -0.0979
vn -0.9922 -0.0792 -0.0965
vn -0.0513 0.9804 -0.1903
vn 0.2602 0.9127 -0.3151
vn -0.3457 0.8996 -0.2668
vn -0.5649 -0.7970 -0.2137
vn -0.3553 -0.7779 -0.5183
vn 0.3670 0.0670 -0.9278
vn 0.2211 0.9175 -0.3306
vn 0.3256 0.7587 -0.5643
vn 0.0501 0.6552 -0.7538
vn 0.1888 0.4565 -0.8695
vn -0.3421 0.3135 -0.8859
vn -0.5414 0.4692 -0.6977
vn -0.8104 0.2081 -0.5477
vn -0.2529 0.7412 -0.6218
vn 0.4159 0.7250 -0.5490
vn 0.4474 0.8511 -0.2748
vn 0.2102 0.6895 -0.6931
vn 0.7001 0.5385 -0.4689
vn -0.2111 0.8742 0.4372
vn -0.6327 0.7077 -0.3146
vn -0.1443 0.9880 0.0545
vn -0.2771 0.9608 -0.0124
vn -0.3579 0.8404 0.4071
vn -0.1116 0.8325 -0.5426
vn -0.0841 0.9946 0.0614
vn 0.1788 0.9259 0.3328
vn -0.2230 0.8737 0.4324
vn -0.3743 0.8190 0.4348
vn -0.4254 0.8991 0.1027
vn -0.2745 0.9616 -0.0033
vn 0.4871 0.8477 -0.2102
vn 0.4194 0.8936 0.1597
vn 0.4404 0.8563 -0.2698
vn 0.3168 0.8984 -0.3040
vn 0.4380 0.7826 -0.4423
vn -0.1038 0.3663 -0.9247
vn 0.5013 0.8199 -0.2765
vn 0.4612 0.8872 -0.0109
vn 0.4906 0.8399 0.2320
vn -0.2046 0.9483 0.2427
vn -0.1971 0.9520 -0.2342
vn -0.4976 0.6697 0.5513
vn -0.6318 0.5172 0.5773
vn 0.3080 0.8067 -0.5044
vn 0.2888 0.8044 -0.5192
vn -0.2979 0.7427 -0.5997
vn -0.7465 0.1211 -0.6542
vn -0.4819 0.3423 -0.8066
vn -0.7584 0.3166 -0.5697
vn -0.7059 0.2425 -0.6655
vn 0.2100 -0.0739 0.9749
vn 0.0612 -0.1486 0.9870
vn -0.5066 0.8131 0.2869
vn 0.0065 0.9299 0.3676
vn -0.3452 0.5131 -0.7859
vn -0.8348 0.5505 -0.0094
vn -0.7608 0.5969 -0.2548
vn -0.4711 0.8783 -0.0812
vn -0.5012 0.7911 -0.3507
vn -0.6858 0.0080 0.7278
vn -0.5227 0.0806 0.8487
vn -0.4293 0.1934 0.8822
vn -0.5715 0.1722 0.8023
vn -0.3047 0.4150 0.8573
vn -0.4021 0.2912 0.8681
vn -0.2375 0.5491 0.8013
vn -0.1042 0.6506 0.7522
vn -0.3019 0.5660 0.7672
vn -0.5844 0.5996 0.5468
vn -0.5028 0.1248 0.8554
vn -0.5005 0.1562 0.8515
vn -0.1643 -0.5240 0.8357
vn -0.1264 -0.2476 0.9606
vn -0.4900 0.1148 0.8641
vn -0.1684 0.1459 0.9749
vn -0.6088 0.3148 0.7282
vn -0.4536 0.1438 0.8795
vn -0.2646 0.3437 0.9010
vn -0.2036 0.4902 0.8475
vn -0.5258 0.3371 0.7810
vn -0.5194 0.1195 0.8461
vn -0.0270 0.5839 0.8113
vn 0.0432 0.9589 -0.2805
vn -0.2530 0.9569 -0.1425
vn -0.2843 0.9344 -0.2148
vn -0.4264 0.9036 -0.0403
vn -0.5149 0.8275 -0.2238
vn -0.3872 0.8915 -0.2351
vn -0.3712 0.8924 -0.2567
vn -0.5000 0.8381 0.2182
vn -0.4216 0.5839 0.6938
vn 0.1538 0.8430 0.5154
vn 0.2197 0.8315 0.5103
vn -0.0741 0.7202 0.6898
vn -0.5680 0.7545 -0.3287
vn -0.1792 0.2446 0.9529
vn -0.3993 0.6594 0.6370
vn 0.0339 -0.9918 -0.1233
vn 0.6750 -0.7360 0.0509
vn 0.8812 -0.4524 -0.1368
vn -0.2391 0.9692 -0.0591
vn -0.5669 0.8144 -0.1242
vn 0.3026 0.9398 -0.1588
vn 0.3755 0.9209 -0.1043
vn -0.3544 -0.8108 -0.4658
vn 0.1095 0.5506 -0.8276
vn -0.1532 0.8646 -0.4786
vn -0.4516 0.6972 -0.5568
vn -0.1757 0.7178 -0.6737
vn -0.4451 0.7772 -0.4447
vn -0.1097 0.9543 -0.2779
vn -0.5920 0.5192 -0.6164
vn -0.1421 0.5953 -0.7908
vn -0.0826 0.9934 -0.0793
vn -0.0873 0.9927 -0.0832
vn -0.2291 0.9679 -0.1031
vn -0.3548 -0.9349 0.0104
vn -0.1381 -0.9896 0.0406
vn -0.1230 -0.9207 0.3704
vn 0.5659 0.4497 -0.6911
vn 0.8677 0.3740 -0.3274
vn -0.4237 0.8367 -0.3470
vn -0.0081 0.7983 -0.6023
vn -0.2321 0.7443 -0.6262
vn -0.2891 0.9402 -0.1800
vn 0.0609 0.7267 -0.6842
vn 0.5664 0.3579 -0.7424
vn 0.7667 -0.0657 -0.6386
vn 0.7562 0.0257 -0.6538
vn 0.7948 0.2165 -0.5670
vn 0.7759 0.2269 -0.5887
vn 0.4105 0.3291 -0.8504
vn 0.2333 0.0902 -0.9682
vn 0.3841 0.4841 -0.7862
vn -0.0476 0.2763 -0.9599
vn 0.8403 -0.1696 -0.5149
vn 0.8540 0.1308 -0.5035
vn 0.8844 -0.0409 -0.4650
vn 0.5130 0.6973 -0.5007
vn -0.0738 0.8478 -0.5251
vn -0.4669 0.2446 -0.8498
vn -0.2597 0.1695 -0.9507
vn 0.9562 0.1908 0.2218
vn 0.8297 0.0932 -0.5504
vn 0.7182 0.6950 0.0346
vn 0.3891 0.0797 -0.9177
vn 0.8366 -0.4096 0.3639
vn 0.8623 0.4371 -0.2557
vn 0.6145 0.3748 -0.6942
vn -0.4982 -0.2565 -0.8283
vn -0.4387 -0.0240 -0.8983
vn -0.4204 -0.1738 -0.8905
vn 0.1150 -0.8447 -0.5228
vn 0.2688 -0.6596 -0.7019
vn 0.4496 -0.6079 -0.6544
vn -0.0651 0.9726 0.2231
vn 0.4915 0.3437 0.8002
vn 0.8753 -0.4608 -0.1465
vn -0.7626 0.2807 0.5828
vn 0.0358 -0.4827 -0.8751
vn -0.7719 -0.3056 -0.5575
vn -0.8440 -0.0626 0.5328
vn -0.5800 -0.1061 0.8077
vn -0.8121 0.0958 0.5756
vn -0.9088 -0.3037 0.2860
vn -0.6670 -0.5876 0.4580
vn -0.6570 -0.5664 0.4976
vn 0.2350 -0.7857 0.5723
vn -0.7811 -0.5746 -0.2443
vn -0.3949 -0.9187 0.0062
vn 0.5357 -0.6111 0.5827
vn -0.2294 -0.0933 0.9688
vn -0.0875 0.0059 0.9962
vn -0.4871 -0.1906 0.8523
vn -0.0069 -0.3317 0.9434
vn 0.9401 -0.1331 0.3140
vn -0.5966 -0.0925 0.7972
vn -0.0556 -0.9661 0.2520
vn 0.3432 -0.8705 0.3527
vn -0.0906 -0.9122 -0.3997
vn 0.2342 -0.1152 0.9653
vn 0.2350 0.3035 0.9234
vn 0.5786 0.6761 0.4563
vn 0.9304 0.3451 0.1233
vn 0.6887 -0.0579 0.7228
vn 0.3868 -0.9117 -0.1385
vn 0.5897 -0.6392 0.4937
vn 0.8532 -0.5081 0.1177
vn 0.7064 -0.6729 -0.2198
vn 0.7081 -0.5238 0.4735
vn 0.2523 -0.2510 -0.9345
vn 0.8229 -0.2540 -0.5083
vn 0.4419 -0.3511 -0.8255
vn 0.3061 -0.7593 -0.5743
vn 0.6707 -0.0082 -0.7417
vn 0.6809 -0.6794 -0.2735
vn 0.7495 -0.2118 -0.6272
vn 0.9918 -0.0179 0.1269
vn -0.0377 0.9950 0.0920
vn -0.8450 -0.0657 0.5308
vn -0.9575 0.2460 -0.1502
vn -0.9688 -0.1197 -0.2172
vn -0.3305 0.4283 0.8410
vn 0.0693 0.8118 -0.5799
vn -0.4229 0.5521 -0.7186
vn 0.2363 0.9686 0.0774
vn 0.2346 0.8279 0.5095
vn -0.4659 0.8278 -0.3125
vn -0.0050 0.8677 -0.4970
vn -0.2362 0.5260 -0.8170
vn -0.0740 0.5150 -0.8540
vn 0.4017 0.7551 -0.5182
vn 0.3586 0.8252 -0.4364
vn 0.0050 0.6841 0.7293
vn 0.1970 0.4287 0.8817
vn 0.4991 0.3361 0.7987
vn -0.0948 0.2560 0.9620
vn -0.0272 0.9911 -0.1305
vn 0.7514 0.4397 -0.4921
vn -0.3660 0.8496 0.3797
vn 0.0144 0.8783 0.4779
vn 0.2689 0.7064 0.6548
vn 0.2706 0.7100 0.6501
vn -0.5300 0.7844 -0.3223
vn -0.7149 0.5719 -0.4023
vn 0.4974 0.8669 -0.0344
vn 0.8796 0.3934 -0.2673
vn -0.1294 0.9904 -0.0479
vn -0.6998 0.6239 -0.3479
vn 0.1190 0.9691 -0.2161
vn 0.3353 0.8674 -0.3677
vn 0.3396 0.9352 0.1010
vn -0.6889 0.7204 -0.0799
vn -0.7541 0.3294 -0.5682
vn 0.0946 0.9636 0.2499
vn -0.4633 -0.8470 -0.2608
vn 0.6056 0.6932 -0.3908
vn 0.4380 0.4749 -0.7633
vn -0.6591 0.5807 0.4778
vn 0.4467 0.8747 -0.1880
vn -0.2628 -0.9392 -0.2210
vn -0.6391 -0.7085 -0.2993
vn -0.0231 -0.5828 -0.8123
vn 0.0188 -0.8453 -0.5340
vn -0.3219 -0.6627 -0.6762
vn 0.3715 -0.5437 -0.7526
vn -0.3769 0.0307 -0.9258
vn -0.1619 -0.7129 -0.6824
vn -0.0383 -0.8642 -0.5018
vn 0.0638 -0.9377 0.3416
vn 0.4985 0.4227 0.7568
vn 0.5100 -0.2216 -0.8312
vn -0.7857 0.2343 -0.5725
vn 0.0662 0.0763 -0.9949
vn 0.0333 -0.6085 -0.7928
vn 0.1816 -0.4999 -0.8468
vn 0.0614 -0.8911 -0.4496
vn 0.2037 -0.5566 -0.8054
vn 0.4783 -0.1103 -0.8712
vn 0.0924 -0.5273 -0.8446
vn 0.5653 -0.8238 -0.0423
vn 0.0721 -0.7774 -0.6249
vn 0.3532 -0.6668 -0.6562
vn 0.1301 -0.3858 -0.9133
vn 0.3597 -0.6108 -0.7053
vn -0.1751 -0.6329 -0.7542
vn 0.2299 -0.7051 -0.6708
vn 0.0232 -0.4838 -0.8748
vn 0.2351 -0.9707 0.0502
vn 0.2320 -0.9687 -0.0882
vn -0.3592 -0.8056 -0.4712
vn 0.2697 -0.9391 -0.2130
vn 0.0732 -0.8391 -0.5390
vn 0.3482 -0.8632 -0.3656
vn 0.2910 -0.8317 -0.4729
vn 0.0425 -0.8901 -0.4538
vn 0.0289 -0.6621 -0.7488
vn 0.7969 -0.3294 -0.5064
vn 0.7178 -0.6538 -0.2393
vn 0.5539 -0.8278 -0.0888
vn 0.4505 -0.8844 -0.1221
vn 0.3618 -0.9213 -0.1425
vn -0.0425 -0.7484 -0.6619
vn 0.1647 -0.7208 -0.6732
vn 0.3229 -0.3386 -0.8838
vn 0.3411 -0.5969 -0.7262
vn 0.4154 -0.4460 -0.7928
vn 0.6418 -0.6716 -0.3702
vn 0.3891 -0.6611 -0.6415
vn 0.3289 -0.7369 -0.5906
vn 0.1200 -0.8608 -0.4947
vn 0.2354 -0.7013 -0.6728
vn -0.0519 -0.9740 -0.2205
vn -0.0805 -0.7443 -0.6630
vn -0.0043 -0.1232 -0.9924
vn 0.2836 -0.4335 -0.8554
vn -0.5404 -0.7183 -0.4382
vn 0.0391 -0.9546 -0.2952
vn 0.5830 -0.7732 -0.2494
vn 0.7648 -0.4934 -0.4142
vn 0.5515 -0.8102 -0.1985
vn -0.0602 -0.9474 0.3142
vn -0.0002 -0.5374 -0.8433
vn 0.6706 -0.4481 -0.5912
vn 0.6113 -0.6456 -0.4576
vn 0.6356 -0.4040 -0.6579
vn 0.1201 -0.5224 -0.8442
vn 0.7020 -0.4140 -0.5795
vn 0.7155 -0.2119 -0.6657
vn 0.4026 -0.6785 -0.6145
vn 0.8662 -0.4898 -0.0992
vn 0.9505 -0.2328 -0.2056
vn 0.8793 0.1950 -0.4345
vn 0.8237 -0.5071 -0.2538
vn 0.1998 -0.9433 0.2651
vn 0.1675 -0.9723 0.1628
vn -0.1761 -0.9680 -0.1787
vn 0.3127 -0.8818 0.3531
vn 0.3159 -0.9456 0.0775
vn 0.4308 -0.8929 -0.1310
vn -0.4078 -0.8771 -0.2536
vn -0.4185 -0.6192 -0.6644
vn -0.5495 -0.3413 -0.7626
vn -0.6429 -0.5274 -0.5555
vn -0.3710 -0.8694 -0.3263
vn -0.1436 -0.1445 -0.9790
vn -0.1383 -0.4848 -0.8636
vn 0.3831 -0.7038 -0.5983
vn 0.3782 -0.6985 -0.6075
vn 0.3685 -0.7567 -0.5399
vn 0.4861 -0.7982 -0.3558
vn 0.6204 -0.6770 -0.3961
vn 0.6493 -0.6599 -0.3780
vn 0.7959 -0.3048 -0.5231
vn 0.7902 -0.2770 -0.5467
vn 0.7348 -0.4713 -0.4878
vn 0.4107 -0.4724 -0.7798
vn 0.0030 0.4093 -0.9124
vn 0.0262 0.1857 -0.9823
vn 0.5788 -0.8134 -0.0583
vn 0.8795 -0.3881 -0.2753
vn 0.0514 -0.2147 -0.9753
vn 0.8513 -0.3601 -0.3816
vn 0.8442 -0.3561 -0.4006
vn 0.9984 -0.0531 0.0187
vn 0.6862 0.1314 -0.7155
vn 0.8839 -0.4634 0.0636
vn 0.6168 -0.3648 -0.6975
vn 0.8637 -0.2725 -0.4239
vn 0.4941 -0.6959 -0.5211
vn 0.6079 -0.7905 -0.0748
vn 0.9489 -0.3110 0.0539
vn 0.9269 0.1465 -0.3456
vn 0.9285 0.2384 -0.2848
vn 0.9501 -0.0668 -0.3047
vn 0.7784 -0.5241 0.3455
vn 0.6297 -0.6539 0.4195
vn 0.8000 -0.4901 0.3462
vn -0.1014 -0.9949 0.0007
vn -0.2074 -0.4710 0.8574
vn -0.3234 -0.9088 0.2636
vn 0.0438 -0.9741 0.2217
vn -0.6825 -0.6444 -0.3449
vn -0.7698 -0.2781 -0.5746
vn -0.5202 -0.0748 -0.8507
vn -0.5951 -0.4175 -0.6866
vn -0.3277 -0.3553 -0.8754
vn -0.4352 -0.7867 -0.4379
vn -0.4740 -0.8573 0.2009
vn -0.6016 -0.7723 0.2039
vn 0.0139 -0.5964 -0.8026
vn -0.0000 -0.6196 -0.7849
vn -0.3689 0.0609 -0.9275
vn -0.0301 0.0605 -0.9977
vn -0.4192 -0.0044 -0.9079
vn -0.3356 0.2408 -0.9107
vn -0.0774 0.1019 -0.9918
vn -0.3166 -0.1056 -0.9427
vn 0.2191 -0.9667 0.1325
vn -0.3949 0.2838 -0.8738
vn -0.3075 -0.1627 -0.9375
vn 0.0349 0.1571 -0.9870
vn -0.2041 0.0742 -0.9761
vn -0.5558 -0.0270 -0.8309
vn -0.3609 0.2356 -0.9023
vn 0.0243 -0.0013 -0.9997
vn 0.2421 -0.1509 -0.9584
vn -0.0802 -0.1572 -0.9843
vn -0.3206 0.0624 -0.9452
vn 0.1556 -0.1190 -0.9806
vn 0.5811 -0.4981 -0.6437
vn 0.4831 -0.8306 -0.2770
vn 0.9513 -0.1939 -0.2396
vn 0.7340 -0.0826 -0.6741
vn 0.6606 -0.0676 -0.7477
vn 0.5952 -0.2075 -0.7764
vn 0.3415 -0.4520 -0.8241
vn 0.1573 0.2682 -0.9504
vn 0.3658 0.8336 -0.4140
vn 0.7980 0.6019 0.0308
vn 0.9006 0.0495 -0.4318
vn 0.7374 -0.4284 -0.5222
vn 0.9471 0.0716 -0.3128
vn 0.8581 -0.4726 -0.2008
vn 0.4310 -0.6459 -0.6301
vn 0.8098 -0.4925 -0.3188
vn 0.5537 -0.7838 -0.2812
vn 0.9960 0.0760 -0.0460
vn 0.9405 0.3169 -0.1224
vn 0.9785 0.0531 -0.1992
vn 0.9457 0.3181 0.0665
vn 0.9277 0.1457 -0.3436
vn 0.7816 -0.5445 0.3045
vn 0.6283 -0.6657 0.4026
vn 0.0266 -0.9017 0.4316
vn -0.5898 -0.0975 -0.8016
vn 0.1760 -0.9356 -0.3060
vn -0.0920 -0.8849 -0.4566
vn -0.6971 -0.6741 -0.2441
vn -0.4659 -0.7329 0.4957
vn -0.3453 -0.8996 -0.2674
vn -0.4785 -0.8240 0.3035
vn 0.2206 -0.7755 0.5915
vn -0.0855 -0.9043 0.4183
vn -0.1498 -0.8617 0.4848
vn -0.2509 -0.9204 -0.2998
vn -0.3285 -0.9193 -0.2167
vn -0.2886 -0.9360 -0.2016
vn -0.2147 -0.1978 -0.9564
vn -0.5241 -0.5109 -0.6814
vn 0.1522 0.1976 -0.9684
vn -0.5490 -0.4628 -0.6960
vn -0.2555 -0.6048 -0.7542
vn -0.2623 -0.7275 -0.6340
vn -0.1863 -0.8696 -0.4573
vn -0.1207 -0.9869 0.1072
vn -0.1765 -0.9524 -0.2487
vn -0.1820 -0.7536 -0.6316
vn -0.0967 -0.1761 -0.9796
vn 0.2420 -0.1936 -0.9508
vn 0.1808 0.4489 -0.8751
vn -0.1713 0.2911 -0.9412
vn -0.1146 0.5411 -0.8331
vn 0.4600 -0.4568 -0.7614
vn -0.0049 0.6805 -0.7327
vn -0.3208 0.6618 -0.6776
vn -0.5455 0.4745 -0.6908
vn -0.2775 0.4935 -0.8243
vn 0.0739 0.7439 -0.6642
vn 0.1233 0.8686 -0.4800
vn 0.2629 0.9057 -0.3326
vn -0.2111 0.7973 -0.5655
vn -0.3412 0.9353 -0.0936
vn 0.5347 0.6423 -0.5491
vn 0.1667 0.7645 -0.6227
vn 0.8018 0.5707 -0.1773
vn 0.7487 0.5925 -0.2974
vn 0.9262 0.1130 0.3597
vn 0.9992 -0.0033 -0.0405
vn 0.9989 0.0219 0.0412
vn 0.8649 0.4973 0.0683
vn 0.8003 0.5981 -0.0416
vn 0.5102 0.8210 -0.2563
vn 0.8171 0.5722 0.0706
vn 0.7794 0.6227 -0.0685
vn 0.1930 0.6612 -0.7249
vn 0.2257 0.6990 -0.6786
vn 0.5585 0.7354 -0.3838
vn 0.4420 0.8641 0.2409
vn 0.5780 0.7855 0.2213
vn 0.4098 0.9094 0.0714
vn 0.5619 0.8132 0.1517
vn 0.7214 0.6713 -0.1701
vn 0.5908 0.7911 -0.1586
vn 0.8796 0.3914 0.2705
vn 0.9514 0.3081 0.0028
vn 0.9528 0.3031 0.0192
vn 0.7969 0.2775 -0.5367
vn 0.6948 -0.3020 -0.6527
vn 0.7294 0.0463 -0.6826
vn 0.7515 0.2716 -0.6013
vn 0.6563 -0.0866 -0.7495
vn 0.7459 -0.0749 -0.6619
vn 0.8688 0.2453 -0.4301
vn 0.9597 -0.1474 -0.2391
vn 0.7682 -0.3798 -0.5153
vn 0.8795 -0.4238 0.2166
vn 0.8287 -0.5394 0.1493
vn 0.7010 -0.5140 0.4944
vn 0.9023 -0.2842 0.3241
vn 0.9984 -0.0471 -0.0322
vn 0.9411 -0.0021 -0.3380
vn 0.5743 -0.0673 -0.8159
vn 0.8594 -0.3351 -0.3862
vn 0.8377 -0.4390 -0.3248
vn 0.5454 -0.8263 -0.1405
vn 0.2957 -0.9376 0.1831
vn 0.4578 -0.8674 0.1950
vn 0.5996 -0.7989 -0.0478
vn 0.6597 -0.7184 -0.2207
vn 0.7198 -0.6536 0.2340
vn 0.7373 -0.5649 0.3705
vn 0.8735 -0.2145 0.4370
vn 0.8840 -0.3641 0.2930
vn 0.1044 -0.5609 0.8213
vn 0.5858 -0.7674 0.2604
vn 0.6309 -0.7305 0.2615
vn -0.0434 -0.9730 0.2269
vn -0.1894 -0.9798 -0.0637
vn -0.0391 -0.9992 -0.0118
vn -0.4411 -0.8552 -0.2723
vn -0.3632 -0.8667 -0.3419
vn 0.0092 -0.8455 0.5339
vn 0.2652 -0.4805 0.8359
vn -0.3278 -0.9181 -0.2228
vn -0.0334 -0.6126 0.7897
vn 0.0341 -0.6414 0.7665
vn 0.4809 -0.7610 0.4355
vn 0.2531 -0.7755 0.5784
vn -0.5333 0.4625 -0.7083
vn -0.6284 -0.7116 -0.3141
vn -0.7871 -0.6144 -0.0544
vn -0.1427 -0.9214 0.3615
vn 0.2150 -0.8772 0.4294
vn 0.3660 -0.6830 0.6321
vn 0.1216 -0.9845 0.1262
vn 0.2875 -0.9454 0.1537
vn 0.1282 -0.8758 0.4654
vn 0.1088 -0.8730 0.4754
vn -0.0898 -0.9248 0.3698
vn -0.2128 -0.9359 0.2809
vn 0.2608 -0.8880 -0.3788
vn 0.0709 -0.8408 -0.5367
vn 0.0546 -0.9944 -0.0909
vn 0.0605 -0.8403 -0.5387
vn -0.4033 -0.8531 0.3311
vn -0.6647 -0.4159 -0.6206
vn -0.0781 0.1939 -0.9779
vn 0.1913 0.2836 -0.9397
vn 0.0528 0.2385 -0.9697
vn -0.1290 0.8584 -0.4965
vn -0.3772 0.6042 -0.7019
vn -0.6883 0.1191 0.7156
vn 0.5277 0.8012 -0.2822
vn 0.1148 0.9098 -0.3989
vn 0.4112 0.6715 -0.6165
vn 0.2837 0.8981 -0.3361
vn -0.1802 0.9339 -0.3087
vn -0.5519 0.8169 -0.1676
vn 0.2659 0.7819 0.5638
vn 0.0968 0.8437 0.5280
vn -0.3436 0.8917 0.2945
vn 0.2579 -0.9495 0.1787
vn 0.0910 0.9442 -0.3166
vn 0.4415 0.8006 -0.4050
vn 0.9227 0.3034 0.2379
vn 0.8023 0.5951 0.0465
vn 0.8589 0.1920 0.4748
vn 0.8285 -0.1545 0.5383
vn 0.9238 0.1621 0.3469
vn 0.9885 -0.0624 0.1379
vn 0.4190 0.5970 -0.6841
vn 0.4020 0.3803 -0.8329
vn 0.0855 0.1351 -0.9871
vn 0.5849 0.4960 -0.6418
vn 0.6254 0.4313 -0.6503
vn 0.4132 0.2318 -0.8807
vn 0.2896 -0.0823 -0.9536
vn 0.6784 -0.0422 -0.7334
vn 0.6374 -0.5289 -0.5603
vn 0.7043 -0.4596 -0.5410
vn 0.5081 -0.4974 -0.7032
vn 0.8089 -0.5506 -0.2064
vn 0.6439 -0.6319 -0.4315
vn 0.9310 -0.2628 0.2533
vn 0.9580 0.2129 -0.1924
vn 0.9475 0.2257 -0.2266
vn 0.5929 -0.7183 -0.3639
vn 0.7772 -0.5570 -0.2927
vn 0.9879 -0.0230 -0.1535
vn 0.9285 0.1620 -0.3342
vn 0.9354 -0.1888 -0.2990
vn 0.3517 -0.6921 0.6304
vn 0.5656 -0.8198 -0.0893
vn 0.5818 -0.8109 -0.0632
vn 0.5669 -0.8226 0.0429
vn 0.8480 -0.5031 0.1665
vn 0.6944 -0.7157 0.0754
vn 0.9078 -0.3420 -0.2430
vn 0.4441 -0.8618 0.2450
vn 0.0901 -0.9918 0.0908
vn -0.3849 -0.8962 0.2207
vn -0.3171 -0.9467 0.0557
vn -0.2038 -0.7945 -0.5720
vn -0.1380 -0.8975 -0.4188
vn 0.2821 -0.7798 0.5589
vn 0.0976 -0.9054 0.4132
vn 0.2704 -0.8468 0.4580
vn 0.0978 -0.7937 0.6004
vn 0.4764 -0.8749 0.0871
vn 0.4951 -0.8654 0.0775
vn 0.3905 -0.8829 -0.2607
vn -0.4350 -0.6360 -0.6374
vn -0.4848 -0.8559 -0.1801
vn -0.5976 -0.7997 0.0579
vn -0.8589 -0.5108 0.0372
vn -0.1203 -0.9359 0.3311
vn -0.0592 -0.8248 0.5622
vn -0.0981 0.9910 0.0916
vn -0.2955 -0.8870 0.3549
vn -0.1407 -0.9644 0.2239
vn 0.0537 -0.9877 0.1468
vn -0.1228 -0.4596 -0.8796
vn 0.1595 -0.4091 -0.8984
vn -0.1153 -0.7920 -0.5995
vn 0.3000 -0.8186 -0.4899
vn 0.3504 -0.8808 -0.3186
vn 0.4504 -0.6691 -0.5912
vn 0.5550 -0.6817 -0.4766
vn -0.0734 -0.7869 -0.6127
vn -0.2649 -0.9195 -0.2905
vn -0.5655 -0.8003 -0.1993
vn -0.6108 -0.6252 -0.4859
vn -0.6118 -0.6288 -0.4800
vn -0.1167 -0.4367 -0.8920
vn 0.0294 -0.2113 -0.9770
vn 0.2712 0.3527 -0.8956
vn 0.4944 0.1728 -0.8519
vn 0.2496 0.1503 -0.9566
vn 0.1843 0.8728 -0.4518
vn -0.0309 0.6223 -0.7821
vn -0.3350 0.6533 -0.6790
vn -0.3905 0.7755 -0.4961
vn 0.1308 0.9907 -0.0382
vn -0.2511 0.9665 -0.0533
vn 0.4232 0.8422 0.3340
vn 0.7371 0.6758 -0.0018
vn 0.5695 0.7927 0.2174
vn -0.4264 0.8621 -0.2738
vn -0.5523 0.8018 -0.2281
vn -0.4215 0.8943 -0.1499
vn -0.4198 0.6771 0.6044
vn -0.3845 0.6122 0.6909
vn -0.4264 0.5747 0.6985
vn -0.5430 0.6035 0.5840
vn -0.0049 -0.0055 1.0000
vn 0.0778 -0.4509 0.8892
vn -0.1607 -0.2016 0.9662
vn -0.4560 -0.3103 0.8341
vn -0.4471 0.1062 0.8881
vn -0.7778 0.0083 0.6284
vn -0.6728 0.0509 0.7381
vn -0.7395 0.0828 0.6680
vn -0.4637 -0.3055 0.8317
vn -0.4754 -0.6434 0.6001
vn -0.2229 -0.6830 0.6956
vn -0.0679 -0.3768 0.9238
vn 0.0346 -0.1360 0.9901
vn 0.0555 -0.1530 0.9867
vn 0.0265 -0.3458 0.9379
vn -0.4432 -0.7717 0.4562
vn -0.4400 -0.7771 0.4500
vn -0.2551 -0.7465 0.6145
vn -0.1482 -0.5270 0.8368
vn -0.0876 -0.1963 0.9766
vn -0.0579 -0.1003 0.9933
vn -0.5493 -0.5634 0.6172
vn -0.4948 -0.3202 0.8079
vn -0.5851 -0.5794 0.5674
vn 0.1903 -0.0555 0.9802
vn -0.2055 0.5876 0.7826
vn -0.2821 0.7814 0.5566
vn -0.5194 0.6590 0.5440
vn -0.4625 0.6494 0.6037
vn 0.1335 0.8288 0.5434
vn -0.1030 0.8350 0.5405
vn -0.2759 0.9312 -0.2382
vn -0.0184 0.8003 -0.5993
vn 0.1932 0.8323 -0.5196
vn -0.2164 0.7745 -0.5945
vn 0.0406 0.9304 -0.3642
vn 0.6242 0.7406 -0.2488
vn 0.6972 0.6374 0.3279
vn 0.4430 0.6793 0.5851
vn 0.1045 0.8826 0.4583
vn -0.0486 0.9986 0.0185
vn 0.2014 0.9391 -0.2783
vn 0.2781 0.9606 0.0036
vn 0.1895 0.7056 0.6828
vn 0.3532 0.8175 0.4549
vn 0.4344 0.8220 -0.3683
vn -0.2813 0.8861 -0.3682
vn -0.2993 0.8802 -0.3684
vn -0.8861 0.4344 0.1617
vn -0.5295 0.8107 0.2498
vn -0.2687 0.2735 0.9236
vn -0.3957 0.9082 0.1362
vn -0.4424 0.8942 0.0685
vn 0.0506 0.9733 -0.2241
vn 0.3927 0.9193 0.0259
vn 0.8422 0.4686 0.2668
vn -0.0443 0.9312 0.3618
vn -0.0538 0.9582 0.2810
vn -0.4233 0.8847 0.1951
vn -0.5492 0.7500 -0.3685
vn 0.2031 0.9521 -0.2285
vn -0.2452 0.9498 -0.1941
vn -0.1288 0.9426 -0.3082
vn 0.4141 0.8873 -0.2032
vn 0.7520 0.4086 0.5172
vn 0.1681 0.8622 0.4779
vn -0.0022 0.8559 0.5172
vn -0.2312 0.2558 0.9387
vn 0.4960 0.1512 0.8551
vn -0.4775 -0.0900 0.8740
vn 0.4374 -0.4883 0.7551
vn -0.5175 -0.0083 0.8556
vn 0.0960 -0.5771 0.8110
vn -0.4334 -0.4574 0.7765
vn 0.0590 -0.9450 0.3217
vn -0.3796 -0.9229 -0.0643
vn -0.1950 -0.8890 0.4144
vn -0.0264 -0.4414 0.8969
vn 0.0139 -0.2588 0.9658
vn 0.2214 -0.5159 0.8276
vn -0.3830 -0.0645 0.9215
vn -0.7616 -0.2623 0.5926
vn 0.1511 0.1028 0.9832
vn 0.4029 -0.2592 0.8778
vn 0.0989 -0.1039 0.9897
vn 0.2883 0.3315 0.8983
vn 0.2134 0.7168 0.6638
vn 0.1759 0.7473 0.6408
vn 0.1341 0.5023 0.8542
vn -0.0672 0.6552 0.7525
vn 0.1117 0.9562 0.2706
vn 0.0630 0.8785 0.4736
vn 0.0912 0.4214 0.9023
vn -0.0015 0.9970 0.0775
vn -0.3092 0.8544 -0.4177
vn -0.1938 0.8500 -0.4899
vn -0.2504 0.9602 0.1241
vn 0.0560 0.9599 -0.2745
vn 0.7299 0.4372 0.5254
vn 0.8025 0.4020 0.4410
vn 0.5471 0.7509 0.3700
vn 0.4352 0.4853 0.7584
vn 0.0319 -0.2354 0.9714
vn -0.2322 -0.2637 0.9363
vn 0.2899 0.4254 0.8573
vn 0.0154 0.4240 0.9055
vn 0.1978 -0.4240 0.8838
vn 0.5503 0.4655 0.6932
vn 0.4625 0.5993 0.6534
vn 0.0970 0.3365 0.9367
vn 0.5995 0.2473 0.7612
vn 0.3470 0.3248 0.8798
vn 0.3314 -0.1565 0.9304
vn -0.0256 0.0488 0.9985
vn 0.2729 0.3221 0.9065
vn 0.2707 0.3278 0.9052
vn 0.5582 0.0469 0.8284
vn 0.2099 0.5343 0.8188
vn 0.5148 0.2827 0.8094
vn 0.1032 0.1922 0.9759
vn -0.3668 0.3940 0.8428
vn 0.1168 0.1327 0.9842
vn -0.2796 0.4131 0.8667
vn 0.2636 0.8450 -0.4652
vn -0.4204 0.8572 -0.2976
vn 0.8850 0.4578 -0.0848
vn 0.1414 0.6508 0.7459
vn -0.2983 0.8535 -0.4273
vn -0.4295 0.3397 -0.8367
vn 0.2069 0.4832 -0.8507
vn 0.6250 0.5649 -0.5388
vn 0.1423 0.9690 0.2021
vn 0.5373 0.0085 0.8433
vn -0.3204 0.9473 -0.0078
vn -0.6152 0.6668 -0.4206
vn -0.4857 0.7365 -0.4709
vn -0.7881 0.5720 -0.2273
vn -0.7137 0.6962 0.0773
vn 0.4775 0.8753 0.0761
vn -0.5752 0.8177 -0.0244
vn -0.5075 0.8315 -0.2260
vn 0.2243 0.7541 0.6173
vn 0.0806 0.9226 -0.3773
vn -0.1606 0.9702 -0.1813
vn 0.5176 -0.0300 0.8551
vn 0.4244 -0.0516 0.9040
vn -0.6580 -0.1177 0.7437
vn 0.2688 -0.0593 0.9614
vn -0.4669 -0.2233 0.8557
vn -0.6242 -0.5020 0.5986
vn -0.5009 -0.4425 0.7438
vn -0.0608 -0.8921 0.4477
vn 0.1244 -0.4305 0.8940
vn -0.6053 -0.1948 0.7718
vn -0.6982 -0.3962 0.5963
vn 0.2158 0.7908 0.5728
vn -0.7056 -0.2864 0.6482
vn 0.1406 -0.9077 0.3953
vn -0.4054 -0.8757 0.2623
vn 0.1805 -0.1123 0.9771
vn 0.3161 -0.2282 0.9209
vn -0.0854 -0.5001 0.8618
vn -0.4118 -0.5499 0.7267
vn 0.1139 0.0806 0.9902
vn 0.2858 0.1184 0.9510
vn 0.0585 0.4711 0.8801
vn 0.3889 0.4733 0.7904
vn 0.2718 -0.9453 -0.1802
vn 0.2934 0.5585 0.7758
vn 0.6275 0.6146 0.4781
vn 0.1878 0.6156 0.7654
vn 0.6024 0.1170 0.7896
vn 0.3445 -0.0088 0.9388
vn 0.5861 0.6660 0.4614
vn 0.2178 0.8400 -0.4969
vn 0.5208 0.5386 0.6624
vn 0.6420 0.2885 0.7104
vn 0.4930 0.7015 0.5146
vn 0.9325 -0.1987 0.3015
vn 0.4188 -0.0677 0.9056
vn 0.8024 -0.3065 0.5120
vn 0.3752 -0.2479 0.8932
vn 0.1533 -0.3640 0.9187
vn 0.5020 -0.1079 0.8581
vn 0.0994 -0.9771 0.1881
vn 0.0096 -0.9991 0.0404
vn 0.1774 -0.9813 0.0750
vn -0.0701 -0.7770 0.6256
vn 0.2070 -0.9727 -0.1046
vn 0.0446 -0.7641 0.6435
vn -0.1790 -0.9345 0.3078
vn 0.0580 -0.8783 -0.4746
vn -0.4636 -0.8755 -0.1361
vn -0.0609 -0.9976 -0.0329
vn -0.0107 -0.8065 -0.5911
vn 0.1663 -0.9802 0.1074
vn -0.0364 -0.9468 -0.3197
vn -0.5237 -0.8519 0.0004
vn -0.2156 -0.8036 -0.5547
vn 0.0915 -0.9561 -0.2785
vn -0.1644 -0.8798 -0.4461
vn -0.2429 -0.8535 -0.4609
vn 0.1117 -0.9936 -0.0141
vn -0.2642 -0.9422 -0.2061
vn 0.0891 -0.9960 -0.0092
vn -0.1381 -0.9854 -0.0999
vn 0.1966 -0.9451 0.2609
vn -0.1315 -0.7830 0.6079
vn 0.0138 -0.7491 0.6623
vn 0.3802 0.5502 0.7434
vn -0.3611 -0.8811 0.3056
vn -0.2096 -0.8173 0.5367
vn 0.2694 -0.9552 -0.1222
vn 0.1472 -0.9795 -0.1375
vn -0.1244 -0.9846 -0.1229
vn -0.3129 -0.9496 0.0202
vn 0.1378 -0.7547 0.6415
vn -0.1427 -0.8794 0.4543
vn 0.3191 -0.8512 0.4166
vn 0.3719 -0.4920 0.7872
vn 0.7029 0.1454 0.6963
vn 0.6940 -0.0597 0.7175
vn -0.2170 -0.5193 0.8265
vn -0.4042 -0.6454 0.6481
vn -0.1730 -0.4440 0.8792
vn -0.0548 -0.7303 0.6809
vn 0.0729 -0.5913 0.8031
vn -0.3389 -0.5337 0.7748
vn 0.2782 -0.3001 0.9124
vn -0.3924 -0.2295 0.8907
vn -0.3228 -0.1160 0.9393
vn -0.1268 0.0186 0.9918
vn 0.0106 -0.0182 0.9998
vn 0.1947 -0.6805 0.7064
vn 0.5041 0.2688 0.8208
vn 0.0689 -0.3212 0.9445
vn 0.2546 -0.1091 0.9609
vn 0.4341 0.4994 0.7498
vn -0.2020 0.8574 0.4734
vn 0.2147 0.7020 0.6790
vn 0.2097 0.3841 0.8992
vn 0.0488 0.7641 0.6433
vn 0.0819 0.6416 0.7627
vn 0.5393 0.1683 0.8251
vn 0.1593 0.6856 0.7103
vn -0.1021 0.6108 0.7851
vn 0.4638 0.3667 0.8065
vn 0.0962 0.0378 0.9946
vn 0.0486 0.5506 0.8334
vn -0.0098 0.9273 0.3742
vn -0.0447 0.5129 0.8573
vn -0.1298 0.4570 0.8799
vn -0.5027 0.5823 0.6389
vn 0.4818 0.6890 0.5414
vn 0.0097 0.5264 0.8502
vn 0.1834 0.7371 0.6504
vn 0.5270 0.5074 0.6817
vn 0.8052 0.3259 0.4955
vn 0.8322 -0.2874 0.4742
vn 0.7960 -0.3285 0.5085
vn 0.8328 -0.0754 0.5484
vn 0.4433 0.8136 0.3762
vn 0.5275 -0.0096 0.8495
vn 0.0191 0.4641 0.8856
vn 0.1977 0.4782 0.8557
vn 0.2542 0.5600 0.7885
vn -0.0658 0.0775 0.9948
vn 0.0722 0.0154 0.9973
vn 0.0726 0.1685 0.9830
vn 0.1270 0.8802 0.4573
vn 0.6451 0.5640 0.5156
vn 0.5805 0.5781 0.5735
vn 0.1124 0.6867 0.7182
vn 0.6897 0.4868 0.5360
vn 0.6144 0.6536 0.4419
vn 0.3244 -0.5063 0.7990
vn 0.2006 -0.3141 0.9280
vn 0.1496 -0.3790 0.9132
vn 0.4910 -0.2679 0.8289
vn 0.9314 0.0230 0.3632
vn 0.7177 -0.5578 0.4170
vn 0.6699 -0.4773 0.5686
vn 0.9528 -0.1239 0.2771
vn 0.8056 -0.2221 0.5492
vn 0.0343 -0.3324 0.9425
vn 0.3758 0.5458 0.7489
vn 0.2669 -0.2857 0.9204
vn 0.3307 -0.0553 0.9421
vn 0.2088 0.1002 0.9728
vn -0.2840 -0.9588 0.0110
vn 0.3174 -0.2149 0.9236
vn 0.7820 0.0703 0.6194
vn 0.7625 0.0925 0.6404
vn 0.6852 -0.3655 0.6300
vn 0.3120 -0.5794 0.7529
vn 0.6334 -0.4325 0.6417
vn 0.4525 -0.7674 0.4542
vn 0.5818 -0.8113 -0.0569
vn 0.9017 -0.2348 0.3631
vn 0.4945 -0.8512 0.1759
vn 0.4987 -0.8447 0.1941
vn 0.8491 -0.5266 -0.0405
vn 0.9833 -0.1544 0.0969
vn 0.8271 -0.3168 -0.4643
vn 0.9474 -0.3012 0.1082
vn 0.8291 -0.3154 -0.4615
vn 0.9317 -0.3213 0.1692
vn 0.6673 -0.7234 -0.1775
vn 0.6464 -0.7404 0.1840
vn 0.9171 -0.3417 -0.2052
vn 0.8570 -0.4565 0.2390
vn 0.8481 0.0427 0.5282
vn 0.5392 0.1316 0.8318
vn 0.1097 -0.5762 0.8099
vn 0.5551 -0.6398 0.5314
vn 0.5798 -0.6787 0.4507
vn 0.8005 -0.4057 0.4412
vn 0.5349 -0.2067 0.8193
vn 0.3614 -0.5794 0.7305
vn 0.3504 -0.8499 0.3935
vn 0.7388 -0.6061 -0.2946
vn 0.7836 -0.6109 -0.1127
vn 0.4188 -0.5927 0.6880
vn 0.5576 -0.5304 0.6386
vn 0.8185 0.0550 0.5719
vn 0.6026 -0.7981 -0.0024
vn 0.8328 -0.4431 0.3318
vn 0.9308 -0.3269 -0.1635
vn 0.7302 -0.6752 0.1048
vn 0.9390 -0.2520 0.2339
vn 0.9878 0.0545 0.1456
vn 0.8684 -0.4441 0.2208
vn 0.8455 -0.4969 0.1953
vn 0.7836 -0.6035 0.1476
vn 0.9570 -0.2888 0.0269
vn 0.7808 0.2768 0.5601
vn 0.7891 0.1328 0.5997
vn 0.5485 -0.0309 0.8356
vn 0.4071 -0.2838 0.8682
vn 0.3731 -0.4756 0.7966
vn 0.9089 0.1255 0.3976
vn 0.7352 -0.0736 0.6738
vn 0.9904 0.0305 0.1348
vn 0.8463 0.1726 0.5040
vn 0.8391 -0.3403 0.4244
vn 0.2164 -0.1415 0.9660
vn 0.8402 -0.1841 0.5101
vn 0.9172 -0.1761 0.3574
vn 0.5730 0.6704 0.4715
vn 0.3779 0.9211 0.0937
vn 0.1470 0.9075 -0.3935
vn 0.4025 0.7978 -0.4489
vn 0.6738 0.6988 -0.2400
vn -0.0626 0.9719 -0.2270
vn 0.3658 0.7970 -0.4806
vn -0.4097 -0.2554 0.8757
vn 0.1800 -0.5946 0.7836
vn -0.3050 -0.6204 0.7226
vn -0.3531 -0.1856 0.9170
vn -0.1550 -0.7363 0.6587
vn 0.0086 -0.5520 0.8338
vn 0.1545 -0.6200 0.7692
vn -0.1031 -0.6361 0.7647
vn 0.1438 -0.4731 0.8692
vn -0.4386 -0.4141 0.7976
vn -0.3089 -0.0319 0.9506
vn -0.3812 -0.4369 0.8148
vn -0.0788 -0.4015 0.9125
vn -0.0447 -0.8167 0.5753
vn -0.3385 -0.5892 0.7337
vn -0.3281 -0.5891 0.7384
vn -0.3712 -0.5814 0.7240
vn -0.3648 -0.6644 0.6523
vn -0.5247 -0.8481 -0.0740
vn -0.4622 -0.8158 -0.3477
vn -0.2999 -0.9500 0.0864
vn 0.1902 -0.3519 -0.9165
vn -0.6703 -0.5286 -0.5208
vn 0.1718 -0.6654 -0.7265
vn 0.7837 -0.1187 -0.6097
vn 0.4163 -0.6690 -0.6158
vn 0.7137 -0.5649 -0.4141
vn 0.3996 -0.8629 -0.3093
vn 0.2478 -0.8619 -0.4425
vn 0.2497 -0.8604 -0.4442
vn 0.4408 -0.6726 -0.5944
vn 0.3905 -0.6155 -0.6845
vn 0.3625 -0.8309 -0.4222
vn 0.6666 -0.6930 -0.2744
vn 0.4372 -0.8747 -0.2094
vn 0.6734 -0.7241 -0.1493
vn 0.7248 -0.6882 -0.0321
vn 0.7196 -0.6935 -0.0341
vn -0.3204 -0.8102 -0.4908
vn -0.2449 0.5664 0.7869
vn -0.2379 -0.7745 -0.5861
vn -0.1758 0.1334 -0.9753
vn 0.2998 0.3053 -0.9038
vn 0.1526 0.5883 -0.7941
vn 0.3702 0.7819 -0.5016
vn -0.1047 0.8371 -0.5370
vn -0.4205 0.6709 -0.6109
vn 0.0317 0.9434 -0.3301
vn 0.0535 0.9809 -0.1870
vn -0.2806 0.7538 -0.5941
vn -0.7430 0.6502 -0.1590
vn -0.5778 0.7766 -0.2512
vn -0.4701 0.7524 -0.4613
vn -0.2432 0.7971 -0.5527
vn 0.1909 0.9805 -0.0468
vn 0.3905 0.9192 0.0514
vn -0.0676 0.9299 0.3615
vn -0.1888 0.8514 0.4894
vn 0.1479 0.9581 0.2454
vn -0.1890 0.2239 0.9561
vn -0.1486 0.6557 0.7403
vn -0.1492 0.7288 0.6683
vn -0.2078 0.7846 0.5841
vn -0.1724 0.9650 0.1976
vn -0.4643 0.8388 0.2843
vn -0.4868 0.8105 0.3257
vn 0.0917 -0.0680 0.9935
vn -0.2618 -0.1204 -0.9576
vn -0.0462 0.4235 0.9047
vn -0.0146 0.2960 0.9551
vn 0.3339 -0.2382 0.9120
vn -0.4179 0.0426 0.9075
vn -0.4174 0.1868 0.8893
vn -0.5651 0.0996 0.8190
vn -0.4888 -0.2930 0.8217
vn -0.5764 -0.2211 0.7867
vn -0.6338 -0.6287 0.4506
vn -0.6492 -0.7231 0.2360
vn -0.7739 -0.6329 0.0202
vn -0.7588 -0.6465 0.0799
vn -0.5752 -0.7220 -0.3846
vn -0.5905 -0.7480 -0.3030
vn -0.4557 -0.7755 -0.4370
vn -0.7881 -0.2916 -0.5422
vn -0.6182 -0.5572 -0.5544
vn -0.8128 -0.5649 -0.1426
vn -0.1037 -0.2922 -0.9507
vn -0.1018 -0.2926 -0.9508
vn -0.5063 0.7913 0.3428
vn 0.3609 -0.5823 -0.7285
vn -0.6220 -0.1985 -0.7574
vn -0.5640 0.0960 -0.8202
vn -0.3761 0.4178 -0.8270
vn 0.3721 0.7825 -0.4992
vn -0.2137 0.9759 0.0448
vn -0.4146 0.9080 0.0605
vn -0.2295 0.7784 0.5843
vn -0.3542 0.9042 0.2386
vn -0.0442 0.8361 -0.5468
vn -0.0892 0.7300 -0.6776
vn -0.1144 0.8382 -0.5332
vn 0.0500 0.8219 -0.5674
vn 0.1949 0.8449 -0.4981
vn 0.2829 0.9356 -0.2114
vn -0.0322 0.9786 -0.2032
vn -0.5610 -0.8272 0.0325
vn -0.3312 -0.3586 0.8728
vn 0.3989 -0.0105 0.9169
vn -0.2211 0.3371 0.9151
vn 0.1743 0.0896 0.9806
vn -0.7543 -0.3487 0.5563
vn -0.8834 -0.4534 0.1184
vn -0.7361 -0.3668 0.5688
vn -0.7319 -0.4922 0.4712
vn -0.5239 -0.2477 0.8150
vn -0.5512 -0.6441 0.5303
vn -0.5133 0.4843 0.7085
vn -0.5878 0.0876 0.8042
vn -0.4239 0.1730 0.8890
vn -0.3841 0.0925 0.9186
vn 0.2221 0.3307 0.9172
vn 0.1105 0.0983 0.9890
vn -0.2256 -0.0178 0.9741
vn -0.3882 0.0873 0.9174
vn -0.4336 0.1968 0.8793
vn -0.4647 0.1593 0.8710
vn -0.4604 -0.5353 0.7081
vn -0.4800 -0.7019 0.5263
vn -0.2981 -0.8451 0.4438
vn -0.5901 -0.3724 0.7163
vn -0.7227 -0.5542 0.4130
vn -0.7358 -0.5614 0.3788
vn -0.6365 -0.6995 -0.3248
vn -0.5079 -0.7433 -0.4353
vn -0.2584 -0.7559 -0.6016
vn -0.4573 -0.7703 -0.4443
vn -0.6978 -0.5989 -0.3930
vn -0.4523 -0.8905 -0.0503
vn -0.1405 -0.9900 -0.0147
vn -0.7197 -0.5736 -0.3911
vn -0.1358 0.8496 0.5096
vn -0.4336 -0.7661 -0.4744
vn -0.0001 -0.4494 -0.8933
vn 0.3829 -0.5340 -0.7538
vn 0.2672 -0.2866 -0.9200
vn -0.6557 0.1672 -0.7363
vn -0.6494 -0.3036 -0.6972
vn -0.7319 0.4795 -0.4842
vn -0.5215 0.5698 -0.6351
vn 0.2853 0.8254 -0.4871
vn 0.1503 0.9652 -0.2142
vn -0.0610 0.9942 -0.0885
vn 0.4936 0.8242 -0.2776
vn 0.1696 0.9431 0.2860
vn 0.2119 -0.9624 -0.1699
vn 0.2844 0.9571 -0.0556
vn 0.3649 0.9307 0.0254
vn 0.1257 0.9786 -0.1632
vn -0.3831 0.9234 -0.0260
vn -0.5937 0.7795 -0.1996
vn -0.6879 0.6805 0.2524
vn -0.7719 0.6115 0.1740
vn -0.8167 0.5410 0.2009
vn -0.6689 0.6555 0.3505
vn -0.5910 0.6487 0.4796
vn -0.7255 -0.0090 0.6882
vn -0.6626 -0.3938 0.6371
vn -0.6002 0.4050 0.6897
vn -0.1066 -0.3626 0.9258
vn -0.3790 -0.5150 0.7689
vn -0.3469 -0.6051 0.7166
vn -0.5608 -0.6702 0.4863
vn -0.1875 -0.7643 0.6170
vn -0.1341 -0.7837 0.6065
vn -0.4898 -0.3578 0.7950
vn -0.3671 -0.8535 0.3699
vn -0.3764 -0.8614 0.3410
vn -0.4781 -0.8685 -0.1309
vn -0.2746 -0.9577 0.0860
vn -0.2191 -0.9757 0.0059
vn -0.3567 -0.9319 0.0657
vn -0.2750 0.3800 -0.8832
vn 0.2229 -0.7465 -0.6269
vn 0.1123 -0.7203 -0.6845
vn 0.2015 -0.4874 -0.8496
vn 0.4082 -0.1476 -0.9009
vn 0.3235 0.0360 -0.9456
vn 0.4592 -0.0923 -0.8835
vn 0.5707 -0.0101 -0.8211
vn 0.4340 -0.1866 -0.8814
vn 0.3861 -0.0197 -0.9223
vn 0.1230 0.3022 -0.9453
vn -0.3060 -0.2192 -0.9265
vn -0.8288 -0.2295 0.5103
vn -0.1803 0.5416 -0.8211
vn -0.3335 0.6072 -0.7212
vn -0.3244 0.1639 -0.9316
vn -0.6677 0.3567 -0.6534
vn -0.4974 0.6325 -0.5938
vn -0.7398 0.6086 0.2867
vn -0.3040 0.9514 0.0486
vn -0.5208 0.7903 0.3227
vn 0.2712 0.9308 0.2451
vn 0.0330 0.9272 -0.3731
vn 0.1926 0.9368 -0.2921
vn 0.2123 0.9603 0.1808
vn 0.4792 0.8522 -0.2101
vn 0.7472 -0.2326 -0.6225
vn -0.3769 0.9262 -0.0109
vn -0.4089 0.9126 0.0084
vn -0.4939 0.5067 0.7066
vn -0.5149 0.6406 0.5696
vn -0.8686 0.4914 0.0642
vn -0.7564 0.5820 0.2986
vn -0.4072 0.2743 0.8712
vn -0.5271 0.1170 0.8417
vn -0.6360 -0.7273 -0.2577
vn -0.9350 -0.2224 0.2763
vn -0.7208 -0.5707 0.3933
vn -0.8246 -0.5232 0.2152
vn -0.4672 -0.7824 0.4118
vn -0.2287 -0.9670 -0.1127
vn -0.1478 -0.1549 -0.9768
vn 0.0656 -0.9932 -0.0966
vn -0.3592 -0.8902 -0.2804
vn -0.8159 -0.5754 0.0567
vn -0.7341 -0.6763 -0.0614
vn -0.3756 -0.8445 -0.3816
vn -0.4530 -0.8661 -0.2112
vn -0.2989 -0.7236 -0.6222
vn -0.4473 -0.0861 -0.8902
vn -0.3796 -0.2275 -0.8968
vn -0.2035 -0.5138 -0.8335
vn 0.3537 -0.0845 -0.9315
vn -0.1446 -0.2952 -0.9444
vn 0.0003 0.4594 -0.8882
vn 0.1421 0.4245 -0.8942
vn -0.1285 0.2407 -0.9620
vn -0.4836 0.0147 -0.8752
vn -0.3726 0.1266 -0.9193
vn 0.1628 -0.2622 -0.9512
vn 0.4131 -0.5190 -0.7484
vn 0.4916 -0.3745 -0.7862
vn 0.3154 0.1677 -0.9340
vn -0.6038 -0.2233 -0.7652
vn -0.1541 -0.5039 -0.8499
vn -0.2777 0.6646 -0.6936
vn -0.4939 0.3091 -0.8127
vn -0.6513 -0.1511 -0.7436
vn -0.5215 -0.4334 -0.7349
vn -0.0384 -0.7019 -0.7113
vn -0.2034 -0.6734 -0.7108
vn 0.1989 0.0104 -0.9800
vn 0.2848 0.1657 -0.9442
vn -0.2307 0.3874 -0.8926
vn -0.5803 0.5956 -0.5555
vn 0.2643 0.0382 -0.9637
vn -0.8610 0.4194 -0.2878
vn -0.8366 -0.4478 -0.3156
vn -0.5154 -0.6913 -0.5063
vn -0.6193 0.0604 -0.7828
vn -0.8268 0.4093 -0.3858
vn -0.9052 -0.0601 -0.4208
vn -0.5175 0.6704 -0.5317
vn -0.1713 0.0093 -0.9852
vn -0.1460 0.5618 -0.8143
vn -0.4887 -0.4156 -0.7671
vn -0.2376 -0.2675 -0.9338
vn -0.1849 0.8539 -0.4864
vn -0.1858 -0.3381 -0.9226
vn 0.4946 0.7597 -0.4222
vn 0.5672 -0.3351 -0.7523
vn -0.3489 0.0159 -0.9370
vn 0.0089 0.7783 -0.6278
vn -0.7243 0.6070 -0.3269
vn -0.7161 0.6766 -0.1712
vn -0.4111 0.9099 0.0554
vn 0.6055 0.6941 -0.3893
vn 0.4947 0.6188 -0.6102
vn 0.4438 0.6169 -0.6499
vn 0.2462 0.9014 -0.3561
vn 0.1306 0.9330 -0.3355
vn 0.5676 0.7816 -0.2587
vn 0.4929 0.6873 -0.5336
vn -0.0573 0.9978 -0.0323
vn -0.2176 0.8575 -0.4663
vn 0.2111 0.6452 -0.7342
vn 0.1823 0.5974 -0.7809
vn 0.1957 0.6399 -0.7432
vn -0.0476 0.9054 -0.4220
vn 0.3784 0.8424 -0.3836
vn -0.4970 0.4469 0.7438
vn 0.3328 0.5335 -0.7776
vn -0.5068 0.8460 0.1654
vn -0.4309 0.8958 0.1086
vn 0.0256 0.9996 -0.0155
vn 0.0316 0.9747 0.2215
vn -0.5334 0.4776 0.6981
vn -0.6022 0.5888 0.5392
vn -0.4448 0.8596 0.2514
vn -0.7519 0.6538 -0.0843
vn -0.7258 0.6259 0.2854
vn -0.4107 0.6938 0.5916
vn -0.6152 -0.4885 -0.6188
vn -0.5664 0.2423 0.7877
vn -0.7762 0.1091 0.6209
vn -0.6712 -0.6891 -0.2731
vn -0.1857 -0.9586 -0.2157
vn -0.8015 -0.4481 -0.3960
vn -0.8465 -0.5324 0.0036
vn -0.6525 -0.7415 0.1562
vn -0.6317 -0.6953 -0.3428
vn -0.7305 -0.4141 -0.5430
vn -0.5923 -0.2255 -0.7735
vn -0.0987 -0.3467 -0.9328
vn -0.0482 -0.6406 -0.7664
vn 0.5200 -0.3206 -0.7917
vn 0.5023 -0.2648 -0.8232
vn 0.2340 0.0715 -0.9696
vn -0.0526 0.5807 -0.8124
vn 0.1945 0.5024 -0.8425
vn -0.4814 -0.4693 -0.7402
vn -0.1839 -0.3792 -0.9069
vn -0.0144 -0.3475 -0.9376
vn -0.4065 -0.7747 -0.4844
vn -0.3092 -0.8939 -0.3246
vn -0.3593 -0.8994 0.2490
vn -0.4237 -0.9038 -0.0603
vn -0.5006 -0.8557 -0.1313
vn -0.9253 -0.3763 -0.0473
vn -0.5276 -0.6444 -0.5535
vn -0.6391 -0.7640 0.0888
vn -0.4505 0.6887 0.5681
vn -0.7996 -0.5979 -0.0567
vn -0.6339 -0.7669 0.0999
vn -0.4943 -0.8280 -0.2649
vn -0.4945 -0.8316 -0.2528
vn -0.7573 -0.6531 -0.0065
vn -0.7100 -0.6124 -0.3476
vn -0.4472 -0.2762 -0.8507
vn -0.2133 0.1900 -0.9583
vn -0.1061 0.6404 -0.7607
vn -0.4161 0.6873 -0.5954
vn 0.2147 0.9589 0.1857
vn -0.4174 0.8815 0.2209
vn -0.2223 0.8857 0.4076
vn -0.1234 0.9831 0.1355
vn 0.1948 0.9808 -0.0049
vn -0.5263 0.8482 0.0593
vn -0.3435 0.8015 0.4894
vn -0.3869 0.2891 0.8756
vn 0.1323 0.6162 0.7764
vn -0.9691 -0.2416 -0.0507
vn -0.4375 0.8728 0.2165
vn -0.3597 0.9004 0.2449
vn -0.2172 0.9754 -0.0389
vn 0.0117 0.8453 0.5341
vn -0.2944 0.8531 0.4308
vn -0.3589 0.9090 0.2121
vn -0.9113 0.0358 0.4102
vn -0.9212 -0.0640 0.3838
vn -0.8336 0.1664 0.5267
vn -0.9933 -0.0614 0.0984
vn -0.9163 -0.2912 0.2749
vn -0.8251 0.1357 0.5485
vn -0.9279 0.2353 0.2892
vn -0.9504 0.2832 0.1287
vn -0.9114 -0.4106 -0.0291
vn -0.8816 -0.4411 -0.1680
vn -0.7807 -0.6248 0.0047
vn -0.8027 -0.3259 -0.4994
vn -0.9176 -0.1720 -0.3583
vn -0.7781 -0.0793 -0.6231
vn -0.9856 -0.1467 0.0845
vn -0.8268 0.5519 0.1086
vn -0.9744 -0.1056 0.1982
vn -0.9911 0.0944 -0.0935
vn -0.2011 0.7823 0.5895
vn 0.0171 0.7212 0.6926
vn 0.2927 0.7813 0.5513
vn -0.1936 0.6649 0.7214
vn 0.0579 0.9110 0.4083
vn -0.5711 0.3142 0.7584
vn -0.6601 0.2300 0.7151
vn -0.6421 0.4070 0.6497
vn -0.8582 0.4858 0.1658
vn -0.9847 0.1593 -0.0713
vn -0.8138 0.5676 -0.1246
vn -0.9937 -0.0585 -0.0954
vn -0.9258 0.1161 -0.3598
vn -0.5711 -0.2886 -0.7685
vn -0.5802 -0.0342 -0.8137
vn -0.3371 0.3908 -0.8565
vn 0.0105 0.7137 -0.7004
vn -0.3463 0.9172 -0.1971
vn 0.1510 0.9809 0.1224
vn -0.0649 0.9963 0.0563
vn 0.4347 0.8143 -0.3846
vn -0.7189 0.5990 -0.3528
vn -0.6914 0.2531 -0.6767
vn -0.0532 0.8552 -0.5155
vn -0.3199 0.9412 -0.1088
vn 0.1914 0.9215 -0.3378
vn -0.9307 0.3265 -0.1651
vn -0.9704 0.1480 0.1908
vn -0.9069 -0.4021 -0.1261
vn 0.1496 0.9403 -0.3059
vn 0.1011 0.7370 -0.6682
vn 0.2480 0.7747 -0.5816
vn -0.2872 0.9059 -0.3114
vn 0.4651 -0.0194 -0.8850
vn 0.2637 0.7409 -0.6177
vn 0.3251 0.5321 -0.7818
vn 0.1339 0.7237 -0.6770
vn -0.2637 0.4899 -0.8309
vn -0.4451 0.8255 -0.3471
vn 0.3577 0.8817 -0.3077
vn 0.4735 0.8780 -0.0700
vn 0.1020 0.9096 -0.4028
vn -0.7576 0.1316 0.6393
vn 0.6239 0.7811 0.0234
vn 0.2474 0.9524 0.1781
vn 0.0954 0.9812 0.1677
vn -0.4911 0.7228 -0.4863
vn -0.4020 0.9117 -0.0851
vn -0.3899 0.8869 -0.2476
vn -0.0308 0.8269 -0.5615
vn -0.0686 0.9829 0.1709
vn -0.2004 0.9763 0.0820
vn 0.6002 0.7814 -0.1710
vn 0.5175 0.8476 -0.1175
vn -0.0910 0.7361 -0.6707
vn -0.3809 0.8548 -0.3525
vn -0.6366 0.7522 -0.1699
vn -0.7871 0.2217 0.5756
vn 0.5421 0.8136 -0.2103
vn 0.4733 0.8739 -0.1108
vn -0.3985 0.8612 -0.3154
vn 0.1738 0.0352 -0.9842
vn -0.2153 -0.1419 -0.9662
vn -0.4951 0.3627 -0.7895
vn -0.7312 0.1310 -0.6695
vn -0.8159 -0.2678 -0.5125
vn -0.9335 -0.1016 -0.3437
vn -0.9019 -0.0916 -0.4222
vn -0.8131 0.3943 -0.4283
vn -0.7749 0.1965 -0.6008
vn -0.8489 0.1656 -0.5019
vn -0.4192 0.5001 -0.7577
vn -0.2782 0.1174 0.9533
vn -0.6096 0.3110 0.7291
vn -0.7627 0.1883 0.6188
vn -0.3659 0.3617 0.8575
vn 0.0074 0.9920 0.1261
vn -0.0676 0.9300 0.3613
vn 0.4327 0.8978 -0.0818
vn 0.0450 0.9109 -0.4102
vn -0.2122 0.9419 -0.2605
vn -0.3933 0.9006 -0.1850
vn -0.3113 0.7379 -0.5989
vn -0.6782 0.7191 0.1514
vn -0.6952 0.7180 -0.0354
vn -0.5936 0.6188 -0.5145
vn -0.6116 0.5901 -0.5270
vn 0.3976 -0.5452 -0.7381
vn 0.0831 -0.4227 -0.9024
vn 0.2335 -0.4477 -0.8632
vn -0.8132 -0.0277 0.5813
vn -0.6727 0.1168 0.7307
vn -0.1191 -0.3453 0.9309
vn -0.5727 0.4036 0.7136
vn -0.5136 -0.0145 0.8579
vn -0.4631 0.1584 0.8720
vn -0.1757 0.3347 0.9258
vn -0.0385 0.4392 0.8976
vn 0.4756 0.3584 0.8033
vn -0.5121 0.3310 0.7925
vn -0.0569 0.8647 0.4991
vn -0.1138 0.7415 0.6612
vn -0.3918 0.3164 0.8639
vn -0.5089 0.6476 0.5672
vn -0.3673 0.6983 0.6144
vn -0.0620 0.9528 0.2972
vn -0.1038 -0.2477 0.9633
vn -0.0583 -0.3928 0.9178
vn 0.1650 -0.5891 0.7910
vn -0.6210 0.0803 0.7797
vn -0.5116 0.1327 0.8489
vn -0.5033 0.2038 0.8398
vn -0.1521 0.1897 0.9700
vn -0.3538 0.6311 0.6904
vn -0.5434 0.5874 0.5997
vn 0.0571 0.7608 -0.6465
vn 0.1323 0.9029 0.4089
vn -0.2477 0.9328 -0.2618
vn -0.4431 0.8692 -0.2194
vn -0.4190 0.8706 -0.2579
vn -0.6722 0.4342 0.5997
vn -0.1485 0.6992 0.6993
vn -0.4239 0.5839 0.6923
vn -0.1454 0.8654 0.4795
vn 0.4641 -0.2357 -0.8539
vn 0.2870 0.5700 -0.7699
vn 0.8228 0.1770 0.5401
vn -0.1185 0.9005 -0.4184
vn -0.5760 0.8044 -0.1455
vn -0.0936 0.9955 0.0164
vn 0.2095 0.9719 -0.1075
vn 0.3450 0.8262 -0.4454
vn 0.0325 0.4990 -0.8660
vn -0.0019 0.9361 -0.3516
vn -0.1243 0.8640 -0.4878
vn -0.0528 0.8498 -0.5244
vn -0.0965 0.8290 -0.5509
vn -0.0924 0.7735 -0.6271
vn 0.0623 0.6176 -0.7840
vn -0.3083 0.8470 -0.4331
vn -0.1178 0.9376 -0.3271
vn -0.0406 0.9266 -0.3738
vn -0.0758 0.7097 -0.7004
vn -0.1298 0.8585 -0.4962
vn -0.2118 0.6397 -0.7389
vn -0.4753 0.8002 -0.3658
vn -0.3498 -0.8338 -0.4271
vn -0.3532 -0.8291 0.4333
vn -0.2017 -0.9713 -0.1262
vn 0.9555 -0.1494 -0.2544
vn 0.9407 -0.0031 -0.3392
vn -0.0878 0.3408 -0.9360
vn 0.9735 0.2015 -0.1083
vn 0.8898 0.3204 -0.3250
vn 0.7956 0.5521 -0.2493
vn 0.6944 0.6879 -0.2111
vn 0.8363 0.5482 0.0099
vn 0.7902 0.4963 0.3594
vn 0.4748 0.8500 0.2281
vn 0.2881 0.9513 -0.1094
vn 0.0986 0.8499 -0.5177
vn 0.2256 0.9299 -0.2905
vn 0.2347 0.9159 -0.3255
vn 0.2917 0.9505 -0.1074
vn -0.2675 0.9559 -0.1215
vn -0.3781 0.9062 -0.1893
vn -0.1959 0.8253 -0.5296
vn -0.7689 0.6308 -0.1045
vn 0.4337 0.8405 -0.3248
vn -0.2364 0.5868 -0.7745
vn -0.4280 0.7306 -0.5321
vn -0.1138 0.9457 -0.3043
vn -0.0686 0.9119 -0.4047
vn 0.4712 0.5600 -0.6815
vn 0.4874 0.3417 -0.8035
vn 0.5685 0.0896 -0.8178
vn 0.7208 0.2046 -0.6622
vn 0.5615 -0.2983 -0.7718
vn 0.5934 -0.2074 -0.7777
vn 0.4633 0.0844 -0.8822
vn -0.0040 0.4102 -0.9120
vn 0.5743 0.2593 -0.7765
vn 0.5257 -0.2589 -0.8103
vn 0.2511 0.8437 -0.4745
vn -0.5428 -0.2390 -0.8051
vn -0.3857 0.1570 -0.9092
vn -0.6842 0.2955 -0.6667
vn 0.1698 0.1646 -0.9716
vn -0.1211 0.2359 -0.9642
vn 0.3857 -0.0202 -0.9224
vn 0.0186 -0.0519 -0.9985
vn 0.3495 -0.3203 -0.8805
vn -0.2263 -0.9654 0.1293
vn -0.3757 -0.8338 0.4046
vn 0.9946 -0.0933 0.0461
vn 0.9431 0.3269 -0.0607
vn 0.9615 -0.1113 -0.2511
vn 0.9580 -0.1129 -0.2636
vn 0.8645 0.1593 -0.4766
vn 0.8733 0.4224 -0.2427
vn 0.7858 -0.1987 -0.5857
vn -0.1342 0.2877 -0.9483
vn -0.4585 0.0936 -0.8837
vn -0.4736 0.0635 -0.8785
vn -0.7285 -0.0428 -0.6837
vn -0.5541 -0.6485 -0.5219
vn -0.6613 -0.4801 -0.5764
vn 0.9833 0.1106 -0.1445
vn 0.2600 -0.2108 -0.9423
vn -0.1891 -0.2525 -0.9489
vn -0.4655 -0.7728 -0.4314
vn -0.5248 -0.7611 -0.3812
vn 0.1450 -0.8342 -0.5320
vn 0.3334 -0.6203 -0.7100
vn 0.4903 -0.6903 -0.5322
vn 0.1590 -0.7256 -0.6695
vn -0.0355 -0.9907 -0.1315
vn -0.8025 -0.1200 0.5844
vn -0.7577 -0.3089 0.5748
vn 0.8694 0.4891 -0.0702
vt 0.164757 0.375378
vt 0.182851 0.347552
vt 0.181855 0.372769
vt 0.909513 0.643427
vt 0.920490 0.656884
vt 0.901940 0.671185
vt 0.933336 0.643784
vt 0.928335 0.681567
vt 0.297293 0.497721
vt 0.248756 0.487133
vt 0.277264 0.480571
vt 0.957245 0.730749
vt 0.970273 0.680999
vt 0.981956 0.690047
vt 0.357740 0.730823
vt 0.379340 0.709694
vt 0.397938 0.733674
vt 0.388832 0.744130
vt 0.318480 0.445936
vt 0.308625 0.467863
vt 0.296822 0.451548
vt 0.283761 0.847117
vt 0.296365 0.831650
vt 0.296279 0.845430
vt 0.364610 0.679343
vt 0.377667 0.690581
vt 0.340964 0.700150
vt 0.895583 0.311384
vt 0.886115 0.302206
vt 0.918127 0.312298
vt 0.225495 0.218659
vt 0.206972 0.236136
vt 0.187167 0.223232
vt 0.128747 0.041917
vt 0.134168 0.032165
vt 0.146069 0.033390
vt 0.772455 0.837148
vt 0.792985 0.840409
vt 0.776906 0.848335
vt 0.062586 0.212528
vt 0.030820 0.206978
vt 0.047045 0.190479
vt 0.052066 0.141904
vt 0.062799 0.158093
vt 0.041741 0.144899
vt 0.076032 0.132244
vt 0.089988 0.129020
vt 0.075660 0.146247
vt 0.167069 0.292426
vt 0.149626 0.278477
vt 0.152717 0.265604
vt 0.164487 0.251313
vt 0.297754 0.179107
vt 0.285602 0.171388
vt 0.293510 0.158598
vt 0.274733 0.155287
vt 0.273712 0.133097
vt 0.304614 0.148679
vt 0.284608 0.108153
vt 0.290701 0.091068
vt 0.308899 0.105873
vt 0.140345 0.055846
vt 0.115414 0.051227
vt 0.746590 0.522238
vt 0.729089 0.517771
vt 0.739091 0.505750
vt 0.640711 0.850277
vt 0.649023 0.835158
vt 0.655194 0.852507
vt 0.662115 0.859571
vt 0.625790 0.870262
vt 0.743874 0.568254
vt 0.730196 0.580048
vt 0.711249 0.580501
vt 0.806035 0.590549
vt 0.781267 0.565968
vt 0.816650 0.578483
vt 0.602262 0.853355
vt 0.595250 0.873525
vt 0.588107 0.857853
vt 0.750533 0.642586
vt 0.752641 0.651271
vt 0.735244 0.647079
vt 0.899963 0.614303
vt 0.888419 0.611395
vt 0.896870 0.602287
vt 0.396318 0.105767
vt 0.370913 0.129280
vt 0.367378 0.111421
vt 0.423398 0.145283
vt 0.427001 0.163514
vt 0.410479 0.153409
vt 0.483675 0.206879
vt 0.485988 0.225630
vt 0.460005 0.213280
vt 0.180436 0.876106
vt 0.194546 0.882308
vt 0.179967 0.893049
vt 0.675126 0.485906
vt 0.687150 0.501759
vt 0.662121 0.518216
vt 0.201910 0.572601
vt 0.234695 0.564030
vt 0.205151 0.589977
vt 0.490503 0.315040
vt 0.515613 0.313127
vt 0.514549 0.340479
vt 0.319896 0.187248
vt 0.330020 0.163806
vt 0.341843 0.188459
vt 0.707884 0.246597
vt 0.693850 0.265738
vt 0.675833 0.252054
vt 0.708600 0.183763
vt 0.703975 0.203488
vt 0.677926 0.182522
vt 0.543555 0.130579
vt 0.505409 0.119947
vt 0.545870 0.117165
vt 0.582990 0.109426
vt 0.589744 0.117203
vt 0.575014 0.125302
vt 0.623605 0.128755
vt 0.643983 0.143248
vt 0.638156 0.167036
vt 0.640628 0.122957
vt 0.627065 0.103959
vt 0.813939 0.108321
vt 0.841142 0.099137
vt 0.822412 0.127020
vt 0.799323 0.113561
vt 0.804910 0.096725
vt 0.656643 0.132741
vt 0.660187 0.121085
vt 0.653781 0.269689
vt 0.641673 0.258328
vt 0.666825 0.257891
vt 0.651255 0.247611
vt 0.629676 0.245908
vt 0.630964 0.222601
vt 0.654050 0.230147
vt 0.902738 0.060398
vt 0.891640 0.046057
vt 0.914449 0.050018
vt 0.759064 0.176407
vt 0.772573 0.160251
vt 0.774398 0.179033
vt 0.586996 0.083793
vt 0.594469 0.059741
vt 0.617927 0.086414
vt 0.606762 0.099482
vt 0.579196 0.098159
vt 0.800656 0.045530
vt 0.813982 0.082371
vt 0.844372 0.736895
vt 0.810877 0.735852
vt 0.827811 0.713866
vt 0.850490 0.713790
vt 0.307934 0.222457
vt 0.288010 0.208826
vt 0.289154 0.198328
vt 0.311059 0.207543
vt 0.362798 0.249209
vt 0.344444 0.248802
vt 0.347858 0.234924
vt 0.801195 0.729693
vt 0.806686 0.718907
vt 0.932222 0.465206
vt 0.941635 0.464109
vt 0.930117 0.477069
vt 0.394841 0.259722
vt 0.380985 0.236731
vt 0.410769 0.235055
vt 0.872325 0.444291
vt 0.853642 0.468363
vt 0.836285 0.415978
vt 0.786307 0.489618
vt 0.792203 0.480358
vt 0.802560 0.498113
vt 0.126106 0.938183
vt 0.120573 0.964569
vt 0.115200 0.951032
vt 0.349914 0.195217
vt 0.325244 0.204509
vt 0.364725 0.235748
vt 0.581651 0.367342
vt 0.590496 0.379006
vt 0.559689 0.390201
vt 0.592510 0.359156
vt 0.607804 0.376146
vt 0.535944 0.662400
vt 0.523057 0.643370
vt 0.539270 0.648238
vt 0.479902 0.375672
vt 0.499137 0.379246
vt 0.503844 0.399291
vt 0.424535 0.377284
vt 0.404033 0.406042
vt 0.383315 0.390416
vt 0.411449 0.367388
vt 0.627460 0.730024
vt 0.609076 0.699875
vt 0.640800 0.709331
vt 0.633094 0.689752
vt 0.713276 0.762201
vt 0.686470 0.765402
vt 0.688800 0.742025
vt 0.661898 0.767468
vt 0.530571 0.484779
vt 0.524861 0.502784
vt 0.493955 0.501823
vt 0.487561 0.488235
vt 0.706016 0.689883
vt 0.687752 0.691242
vt 0.720051 0.668598
vt 0.116169 0.661985
vt 0.126109 0.643598
vt 0.136187 0.666958
vt 0.540580 0.606583
vt 0.551667 0.622200
vt 0.541503 0.629882
vt 0.504354 0.754786
vt 0.528510 0.759651
vt 0.501137 0.766936
vt 0.912796 0.497156
vt 0.901015 0.489663
vt 0.912788 0.481808
vt 0.191496 0.557464
vt 0.181426 0.563139
vt 0.653802 0.333732
vt 0.673926 0.336517
vt 0.672496 0.363706
vt 0.680863 0.350019
vt 0.067171 0.775429
vt 0.092941 0.772945
vt 0.109582 0.774521
vt 0.089370 0.868527
vt 0.101354 0.841346
vt 0.126337 0.858517
vt 0.032244 0.760950
vt 0.042040 0.784580
vt 0.024485 0.776470
vt 0.726444 0.375086
vt 0.735118 0.397375
vt 0.707126 0.379413
vt 0.748660 0.368989
vt 0.461200 0.869381
vt 0.500705 0.880547
vt 0.463554 0.884006
vt 0.386840 0.559853
vt 0.371124 0.543742
vt 0.390629 0.534182
vt 0.339915 0.608456
vt 0.326925 0.619153
vt 0.326796 0.599392
vt 0.481094 0.918931
vt 0.454665 0.924897
vt 0.458764 0.899379
vt 0.252553 0.711933
vt 0.234171 0.717783
vt 0.260472 0.687137
vt 0.400813 0.574931
vt 0.409833 0.583783
vt 0.391168 0.604179
vt 0.214014 0.685066
vt 0.220360 0.652482
vt 0.238669 0.661233
vt 0.438450 0.612941
vt 0.442005 0.625211
vt 0.421434 0.629551
vt 0.821288 0.163531
vt 0.791743 0.169348
vt 0.797699 0.162543
vt 0.702400 0.881511
vt 0.727882 0.885465
vt 0.712775 0.891310
vt 0.703561 0.410666
vt 0.726507 0.415517
vt 0.712012 0.425695
vt 0.727613 0.444658
vt 0.682184 0.806413
vt 0.709994 0.798387
vt 0.711455 0.818143
vt 0.661953 0.834425
vt 0.619618 0.830416
vt 0.646336 0.815821
vt 0.662175 0.802539
vt 0.677704 0.789243
vt 0.734581 0.473883
vt 0.716076 0.453812
vt 0.684686 0.457471
vt 0.682977 0.429856
vt 0.691188 0.396188
vt 0.710856 0.354163
vt 0.746503 0.856279
vt 0.759730 0.886941
vt 0.745409 0.888854
vt 0.712547 0.850094
vt 0.693524 0.829451
vt 0.686362 0.847080
vt 0.681947 0.823540
vt 0.692699 0.861947
vt 0.678120 0.884555
vt 0.688001 0.889604
vt 0.638561 0.805788
vt 0.642337 0.789480
vt 0.729195 0.501869
vt 0.717001 0.493951
vt 0.707416 0.464647
vt 0.663328 0.398787
vt 0.678144 0.401889
vt 0.664868 0.379450
vt 0.695737 0.342799
vt 0.452188 0.822413
vt 0.437031 0.826523
vt 0.425788 0.821514
vt 0.735239 0.903558
vt 0.721136 0.919202
vt 0.699377 0.915771
vt 0.671629 0.895506
vt 0.603904 0.880435
vt 0.620214 0.847855
vt 0.611495 0.823831
vt 0.629967 0.803651
vt 0.757629 0.524098
vt 0.774179 0.536280
vt 0.766852 0.545501
vt 0.786797 0.540535
vt 0.796950 0.546930
vt 0.781550 0.549715
vt 0.802549 0.559889
vt 0.809639 0.554263
vt 0.602298 0.839312
vt 0.863215 0.607524
vt 0.850901 0.602363
vt 0.867576 0.573918
vt 0.847316 0.574170
vt 0.763736 0.554394
vt 0.746689 0.541021
vt 0.706568 0.514098
vt 0.673206 0.461435
vt 0.666693 0.435279
vt 0.486721 0.818950
vt 0.494000 0.812936
vt 0.445643 0.842084
vt 0.424895 0.838125
vt 0.415808 0.867021
vt 0.391184 0.851877
vt 0.408467 0.836145
vt 0.382136 0.858989
vt 0.389595 0.881153
vt 0.206159 0.731039
vt 0.202445 0.664094
vt 0.224482 0.629646
vt 0.246312 0.652645
vt 0.640121 0.905359
vt 0.670869 0.906805
vt 0.618858 0.900413
vt 0.644361 0.879936
vt 0.560991 0.261115
vt 0.556313 0.227399
vt 0.566943 0.227475
vt 0.477007 0.269649
vt 0.490672 0.250227
vt 0.512913 0.281638
vt 0.422751 0.206894
vt 0.431360 0.189187
vt 0.437530 0.204558
vt 0.502936 0.230583
vt 0.519810 0.270708
vt 0.529696 0.279786
vt 0.519364 0.289046
vt 0.529753 0.230188
vt 0.528356 0.242856
vt 0.461596 0.228905
vt 0.519642 0.215276
vt 0.541810 0.242767
vt 0.537671 0.260605
vt 0.563002 0.214448
vt 0.824577 0.598441
vt 0.817280 0.610056
vt 0.786759 0.614427
vt 0.783337 0.591298
vt 0.773723 0.612343
vt 0.767169 0.590023
vt 0.766937 0.565553
vt 0.745135 0.594936
vt 0.714624 0.525421
vt 0.693339 0.528503
vt 0.638965 0.518301
vt 0.659127 0.509771
vt 0.182671 0.912730
vt 0.204263 0.902759
vt 0.203845 0.913176
vt 0.194145 0.925411
vt 0.652683 0.390194
vt 0.640178 0.363437
vt 0.642860 0.329070
vt 0.636148 0.344000
vt 0.629622 0.335931
vt 0.551448 0.825533
vt 0.530314 0.836020
vt 0.532816 0.813833
vt 0.505154 0.828375
vt 0.509174 0.816553
vt 0.484470 0.851171
vt 0.455539 0.850796
vt 0.434983 0.854381
vt 0.396586 0.882889
vt 0.402616 0.908618
vt 0.211834 0.740941
vt 0.207558 0.703115
vt 0.164375 0.682979
vt 0.163378 0.651726
vt 0.181490 0.667536
vt 0.146403 0.652448
vt 0.109486 0.620871
vt 0.114662 0.607383
vt 0.149096 0.631822
vt 0.137820 0.558871
vt 0.153505 0.554896
vt 0.155779 0.567601
vt 0.386550 0.366297
vt 0.365782 0.378574
vt 0.376859 0.354107
vt 0.179951 0.582013
vt 0.136530 0.592787
vt 0.153570 0.583813
vt 0.169783 0.600342
vt 0.203176 0.647852
vt 0.178116 0.647393
vt 0.174654 0.619192
vt 0.188993 0.597789
vt 0.216909 0.608586
vt 0.210709 0.629593
vt 0.639956 0.927374
vt 0.595289 0.907239
vt 0.593397 0.892712
vt 0.326093 0.398173
vt 0.304257 0.379374
vt 0.329850 0.379803
vt 0.543821 0.275349
vt 0.562517 0.277198
vt 0.539136 0.287421
vt 0.535578 0.305119
vt 0.509638 0.289765
vt 0.473769 0.309999
vt 0.491120 0.288688
vt 0.504342 0.298807
vt 0.461860 0.273069
vt 0.469658 0.286645
vt 0.414064 0.219360
vt 0.436817 0.238733
vt 0.470273 0.172955
vt 0.483075 0.185598
vt 0.461325 0.194760
vt 0.507065 0.198911
vt 0.554479 0.208828
vt 0.545387 0.217534
vt 0.533535 0.206642
vt 0.819653 0.629691
vt 0.800215 0.633740
vt 0.710464 0.561373
vt 0.736772 0.551822
vt 0.681474 0.546217
vt 0.659136 0.540979
vt 0.645083 0.536881
vt 0.224083 0.941435
vt 0.216262 0.925759
vt 0.232893 0.925094
vt 0.256241 0.943531
vt 0.293195 0.933074
vt 0.302412 0.940637
vt 0.278225 0.945380
vt 0.323344 0.927189
vt 0.396461 0.677742
vt 0.405448 0.682892
vt 0.393364 0.701920
vt 0.411843 0.725719
vt 0.412336 0.739260
vt 0.408892 0.761557
vt 0.417017 0.777533
vt 0.400601 0.780686
vt 0.387314 0.786071
vt 0.379483 0.764551
vt 0.301990 0.712100
vt 0.312778 0.677009
vt 0.321273 0.727248
vt 0.317481 0.748770
vt 0.298264 0.738306
vt 0.291651 0.737878
vt 0.292210 0.715529
vt 0.280218 0.696535
vt 0.293125 0.687739
vt 0.553723 0.836519
vt 0.548048 0.849210
vt 0.434783 0.876361
vt 0.420504 0.883485
vt 0.421803 0.924553
vt 0.197438 0.752213
vt 0.129795 0.731119
vt 0.140638 0.698803
vt 0.163057 0.732473
vt 0.118880 0.703746
vt 0.433507 0.367591
vt 0.451683 0.385696
vt 0.434023 0.445836
vt 0.403228 0.455238
vt 0.418172 0.427898
vt 0.947242 0.504798
vt 0.964258 0.491628
vt 0.971579 0.516191
vt 0.983129 0.515017
vt 0.990492 0.480809
vt 0.991907 0.497090
vt 0.987841 0.494714
vt 0.357977 0.259137
vt 0.365456 0.280959
vt 0.350087 0.278098
vt 0.338508 0.265073
vt 0.344960 0.222743
vt 0.330034 0.217972
vt 0.369350 0.207294
vt 0.373505 0.220400
vt 0.360487 0.223776
vt 0.361190 0.197951
vt 0.377903 0.265185
vt 0.421747 0.305479
vt 0.405148 0.296033
vt 0.423610 0.280055
vt 0.441008 0.312200
vt 0.396749 0.196242
vt 0.376422 0.197444
vt 0.373900 0.179614
vt 0.401344 0.177949
vt 0.414565 0.190738
vt 0.417568 0.173811
vt 0.405392 0.166552
vt 0.840911 0.667959
vt 0.821392 0.662175
vt 0.836212 0.654437
vt 0.857879 0.647740
vt 0.879182 0.631593
vt 0.871662 0.654105
vt 0.845903 0.640452
vt 0.836281 0.620555
vt 0.436315 0.115508
vt 0.408164 0.111325
vt 0.418387 0.095686
vt 0.723931 0.622023
vt 0.756819 0.605346
vt 0.756293 0.642069
vt 0.691558 0.586220
vt 0.688661 0.567361
vt 0.667365 0.555085
vt 0.655851 0.558937
vt 0.022594 0.155617
vt 0.020913 0.180593
vt 0.003408 0.163376
vt 0.202488 0.864470
vt 0.231401 0.896964
vt 0.232097 0.908717
vt 0.335394 0.912697
vt 0.309998 0.895930
vt 0.324647 0.862387
vt 0.355221 0.890713
vt 0.309381 0.879030
vt 0.357768 0.858339
vt 0.362379 0.865902
vt 0.043626 0.374806
vt 0.043093 0.386054
vt 0.013444 0.366073
vt 0.413736 0.688891
vt 0.417674 0.686192
vt 0.415347 0.707502
vt 0.352209 0.764007
vt 0.331277 0.761318
vt 0.297292 0.769753
vt 0.564118 0.837180
vt 0.526416 0.868904
vt 0.506756 0.865271
vt 0.494358 0.908276
vt 0.508496 0.893521
vt 0.491012 0.923111
vt 0.335398 0.587686
vt 0.352939 0.586553
vt 0.342368 0.639343
vt 0.325699 0.644268
vt 0.367149 0.670469
vt 0.349958 0.674901
vt 0.144866 0.737341
vt 0.102001 0.673553
vt 0.089251 0.677373
vt 0.099686 0.706687
vt 0.075176 0.692146
vt 0.072616 0.669684
vt 0.057429 0.664861
vt 0.076294 0.652645
vt 0.514642 0.373939
vt 0.516452 0.392719
vt 0.495311 0.466084
vt 0.480384 0.447973
vt 0.522241 0.445641
vt 0.465583 0.466026
vt 0.440811 0.470801
vt 0.461186 0.492572
vt 0.444949 0.496689
vt 0.446187 0.506493
vt 0.429717 0.500632
vt 0.386141 0.280882
vt 0.384256 0.294361
vt 0.344727 0.289902
vt 0.327069 0.283821
vt 0.318534 0.267270
vt 0.322173 0.246408
vt 0.315567 0.173285
vt 0.346747 0.146500
vt 0.350046 0.168969
vt 0.364634 0.150259
vt 0.371443 0.163963
vt 0.366491 0.186144
vt 0.413727 0.138139
vt 0.398238 0.147100
vt 0.403617 0.135390
vt 0.430724 0.124197
vt 0.452870 0.152577
vt 0.449851 0.133651
vt 0.786413 0.645351
vt 0.796912 0.650858
vt 0.366207 0.137351
vt 0.388291 0.167156
vt 0.374977 0.141302
vt 0.388122 0.138182
vt 0.395539 0.155449
vt 0.380272 0.150356
vt 0.348597 0.138121
vt 0.349150 0.124904
vt 0.365069 0.091725
vt 0.366171 0.078196
vt 0.390224 0.082717
vt 0.372085 0.055231
vt 0.351237 0.047062
vt 0.370002 0.029210
vt 0.714004 0.635861
vt 0.694227 0.622851
vt 0.351937 0.024308
vt 0.675227 0.621308
vt 0.665312 0.619020
vt 0.665423 0.600746
vt 0.683665 0.599315
vt 0.670428 0.582364
vt 0.678642 0.573003
vt 0.646062 0.568657
vt 0.634552 0.542334
vt 0.306386 0.543471
vt 0.306524 0.509630
vt 0.323610 0.526846
vt 0.327633 0.511586
vt 0.330766 0.490589
vt 0.439913 0.768939
vt 0.425278 0.784466
vt 0.400718 0.797284
vt 0.367480 0.779241
vt 0.339972 0.783538
vt 0.286629 0.775233
vt 0.534370 0.888391
vt 0.573438 0.856488
vt 0.533114 0.875398
vt 0.535421 0.851462
vt 0.524702 0.878403
vt 0.348011 0.568849
vt 0.333093 0.581927
vt 0.371704 0.611453
vt 0.372435 0.595381
vt 0.362452 0.627862
vt 0.382062 0.643345
vt 0.397862 0.661907
vt 0.380202 0.669090
vt 0.107917 0.728094
vt 0.089162 0.725772
vt 0.068685 0.708842
vt 0.064022 0.679855
vt 0.050538 0.686685
vt 0.537072 0.373894
vt 0.543732 0.407452
vt 0.557038 0.421752
vt 0.542741 0.434919
vt 0.122934 0.879376
vt 0.141289 0.877564
vt 0.119307 0.895319
vt 0.144747 0.896684
vt 0.782799 0.450233
vt 0.808888 0.448527
vt 0.801264 0.468634
vt 0.775900 0.405213
vt 0.811562 0.410089
vt 0.789779 0.415951
vt 0.785815 0.386586
vt 0.104448 0.481280
vt 0.098640 0.501054
vt 0.076176 0.471630
vt 0.077119 0.503816
vt 0.060184 0.492542
vt 0.077701 0.520482
vt 0.066419 0.508567
vt 0.138611 0.531913
vt 0.157370 0.539128
vt 0.137230 0.547795
vt 0.211933 0.300918
vt 0.193044 0.325362
vt 0.193064 0.294364
vt 0.159765 0.324456
vt 0.166591 0.313963
vt 0.097367 0.373656
vt 0.108458 0.360505
vt 0.114464 0.382954
vt 0.280239 0.552197
vt 0.305055 0.554436
vt 0.293948 0.560327
vt 0.116340 0.348495
vt 0.123572 0.358368
vt 0.114511 0.318108
vt 0.143298 0.329008
vt 0.134941 0.311796
vt 0.135022 0.293994
vt 0.150210 0.308343
vt 0.150111 0.292927
vt 0.197629 0.262899
vt 0.228728 0.253403
vt 0.113745 0.534577
vt 0.107995 0.564908
vt 0.090381 0.548781
vt 0.829830 0.401922
vt 0.823427 0.429074
vt 0.817139 0.468075
vt 0.818019 0.501155
vt 0.170934 0.907283
vt 0.156086 0.919092
vt 0.160390 0.906849
vt 0.127860 0.907886
vt 0.113338 0.918980
vt 0.093154 0.904333
vt 0.103248 0.923489
vt 0.092726 0.952447
vt 0.104696 0.938566
vt 0.110392 0.945001
vt 0.112261 0.936440
vt 0.093962 0.928293
vt 0.077295 0.933127
vt 0.126959 0.922795
vt 0.099429 0.967463
vt 0.096823 0.979026
vt 0.097448 0.987726
vt 0.079567 0.985839
vt 0.136791 0.978216
vt 0.124126 0.988349
vt 0.902440 0.467648
vt 0.905002 0.445148
vt 0.918342 0.457481
vt 0.927498 0.497716
vt 0.940017 0.480480
vt 0.969495 0.472497
vt 0.964422 0.479629
vt 0.342515 0.304276
vt 0.332798 0.292845
vt 0.323164 0.318767
vt 0.306280 0.337191
vt 0.310805 0.307119
vt 0.287303 0.354553
vt 0.275806 0.353681
vt 0.291043 0.336290
vt 0.874867 0.773038
vt 0.879371 0.753448
vt 0.885037 0.756309
vt 0.849221 0.800377
vt 0.862240 0.762924
vt 0.836774 0.784039
vt 0.846510 0.809443
vt 0.824402 0.817774
vt 0.817969 0.807206
vt 0.806425 0.814228
vt 0.247957 0.193495
vt 0.198695 0.197584
vt 0.220832 0.174524
vt 0.178177 0.222440
vt 0.199437 0.210201
vt 0.160481 0.223303
vt 0.138480 0.231562
vt 0.131773 0.249352
vt 0.129002 0.265198
vt 0.116495 0.253152
vt 0.102994 0.276497
vt 0.100415 0.251798
vt 0.092908 0.259547
vt 0.085816 0.289586
vt 0.098137 0.293064
vt 0.077773 0.306821
vt 0.066448 0.343791
vt 0.052216 0.329857
vt 0.134513 0.281503
vt 0.184796 0.242934
vt 0.198616 0.243224
vt 0.066395 0.534868
vt 0.077308 0.556728
vt 0.059261 0.516742
vt 0.825976 0.380777
vt 0.841333 0.394943
vt 0.175090 0.932502
vt 0.170228 0.947023
vt 0.149751 0.943250
vt 0.171467 0.973621
vt 0.851259 0.537178
vt 0.859573 0.529612
vt 0.863475 0.554144
vt 0.861131 0.506539
vt 0.841865 0.513749
vt 0.834875 0.464131
vt 0.847058 0.437753
vt 0.872516 0.469400
vt 0.890563 0.468054
vt 0.839440 0.823198
vt 0.830783 0.833193
vt 0.239863 0.174650
vt 0.262969 0.247158
vt 0.243594 0.222315
vt 0.273947 0.215568
vt 0.277069 0.238034
vt 0.065990 0.552178
vt 0.050470 0.553496
vt 0.885227 0.373518
vt 0.881928 0.400824
vt 0.867947 0.396314
vt 0.851726 0.406486
vt 0.858159 0.381409
vt 0.869529 0.412576
vt 0.276939 0.205305
vt 0.267156 0.204063
vt 0.858854 0.849171
vt 0.853393 0.838534
vt 0.867086 0.839497
vt 0.872057 0.844433
vt 0.895466 0.405873
vt 0.869900 0.804466
vt 0.880971 0.807214
vt 0.866329 0.818630
vt 0.882455 0.821815
vt 0.879649 0.534574
vt 0.282865 0.364228
vt 0.293624 0.369543
vt 0.877050 0.555187
vt 0.868750 0.565882
vt 0.936950 0.409755
vt 0.956356 0.417196
vt 0.926387 0.430254
vt 0.952945 0.426132
vt 0.944713 0.453469
vt 0.949601 0.466357
vt 0.960093 0.455872
vt 0.959085 0.446916
vt 0.978841 0.441189
vt 0.948821 0.445968
vt 0.969321 0.434103
vt 0.978343 0.422658
vt 0.858325 0.493395
vt 0.872124 0.506200
vt 0.994156 0.438964
vt 0.980209 0.454095
vt 0.991840 0.463819
vt 0.871666 0.485389
vt 0.821113 0.459780
vt 0.116397 0.280414
vt 0.090401 0.280730
vt 0.081348 0.320216
vt 0.051204 0.354762
vt 0.067931 0.360986
vt 0.090135 0.360257
vt 0.092600 0.343727
vt 0.106238 0.291563
vt 0.093763 0.320506
vt 0.105756 0.332941
vt 0.061924 0.304417
vt 0.107950 0.235484
vt 0.120824 0.225703
vt 0.144335 0.207910
vt 0.175012 0.190850
vt 0.193158 0.179192
vt 0.212002 0.157579
vt 0.202944 0.151763
vt 0.204739 0.139065
vt 0.218866 0.144483
vt 0.215432 0.126886
vt 0.799109 0.796059
vt 0.815662 0.778376
vt 0.834667 0.759132
vt 0.866965 0.730487
vt 0.882257 0.744249
vt 0.887932 0.553825
vt 0.884142 0.529204
vt 0.301785 0.290591
vt 0.307223 0.264215
vt 0.300295 0.252811
vt 0.306223 0.252542
vt 0.765431 0.657455
vt 0.758869 0.676687
vt 0.752117 0.663356
vt 0.785402 0.657520
vt 0.780582 0.692592
vt 0.762199 0.703397
vt 0.772211 0.718161
vt 0.751696 0.716094
vt 0.765507 0.726736
vt 0.756165 0.741787
vt 0.734881 0.740474
vt 0.737795 0.714119
vt 0.222690 0.039819
vt 0.210141 0.036833
vt 0.221628 0.012911
vt 0.203396 0.039423
vt 0.199211 0.062767
vt 0.137656 0.117055
vt 0.167309 0.109049
vt 0.164235 0.125165
vt 0.123229 0.140427
vt 0.102217 0.145904
vt 0.077148 0.189352
vt 0.085057 0.174688
vt 0.092411 0.205754
vt 0.073862 0.209600
vt 0.087700 0.215660
vt 0.089045 0.231412
vt 0.078598 0.232349
vt 0.081808 0.250576
vt 0.076132 0.261941
vt 0.075861 0.286950
vt 0.081525 0.274854
vt 0.060398 0.287526
vt 0.029469 0.295605
vt 0.028187 0.311865
vt 0.008069 0.335032
vt 0.274177 0.887760
vt 0.291450 0.864699
vt 0.293994 0.884083
vt 0.256358 0.920289
vt 0.251869 0.903305
vt 0.245178 0.889150
vt 0.268238 0.873480
vt 0.034294 0.280185
vt 0.040345 0.254875
vt 0.060502 0.243553
vt 0.013754 0.234737
vt 0.033236 0.236014
vt 0.237430 0.876448
vt 0.273081 0.837555
vt 0.254888 0.845301
vt 0.260423 0.857985
vt 0.282793 0.830087
vt 0.026891 0.274804
vt 0.258665 0.835934
vt 0.061491 0.187260
vt 0.050083 0.164463
vt 0.045540 0.176662
vt 0.043173 0.348644
vt 0.028041 0.343090
vt 0.102920 0.217249
vt 0.120522 0.196374
vt 0.137083 0.183859
vt 0.176802 0.175411
vt 0.189196 0.160119
vt 0.193567 0.130934
vt 0.192233 0.139132
vt 0.101461 0.167057
vt 0.140327 0.162192
vt 0.141256 0.132315
vt 0.156630 0.151394
vt 0.191800 0.120471
vt 0.208571 0.109148
vt 0.217400 0.099901
vt 0.226353 0.126178
vt 0.790182 0.797084
vt 0.797425 0.777332
vt 0.815774 0.721101
vt 0.804980 0.676978
vt 0.816517 0.683436
vt 0.810172 0.699571
vt 0.285474 0.291968
vt 0.288135 0.305361
vt 0.277877 0.300377
vt 0.276054 0.334355
vt 0.264530 0.350649
vt 0.294340 0.278357
vt 0.292987 0.260210
vt 0.296472 0.242994
vt 0.220087 0.069783
vt 0.769271 0.784511
vt 0.765611 0.807318
vt 0.784592 0.730014
vt 0.795702 0.749321
vt 0.793541 0.717901
vt 0.790871 0.678704
vt 0.793865 0.665241
vt 0.804104 0.663158
vt 0.779939 0.741702
vt 0.744361 0.764606
vt 0.770599 0.753088
vt 0.224707 0.088994
vt 0.787942 0.765714
vt 0.182225 0.146276
vt 0.155343 0.074372
vt 0.136289 0.102171
vt 0.132181 0.071738
vt 0.168389 0.086430
vt 0.173517 0.048940
vt 0.187167 0.027200
vt 0.749440 0.687071
vt 0.743263 0.677011
vt 0.333828 0.123673
vt 0.346489 0.107600
vt 0.349714 0.075268
vt 0.024231 0.105512
vt 0.034715 0.118633
vt 0.020790 0.137579
vt 0.053723 0.122686
vt 0.063718 0.134682
vt 0.094808 0.110726
vt 0.110836 0.111940
vt 0.309387 0.061493
vt 0.293192 0.062782
vt 0.300680 0.044352
vt 0.152490 0.045589
vt 0.170311 0.015166
vt 0.297683 0.131282
vt 0.278120 0.122710
vt 0.183432 0.007710
vt 0.198070 0.009212
vt 0.321357 0.153928
vt 0.341310 0.090029
vt 0.337111 0.044753
vt 0.329876 0.017041
vt 0.342607 0.012994
vt 0.077251 0.078613
vt 0.055346 0.084330
vt 0.067185 0.065756
vt 0.064245 0.112234
vt 0.043576 0.096536
vt 0.092339 0.097100
vt 0.084168 0.113605
vt 0.090898 0.072954
vt 0.104153 0.085997
vt 0.117495 0.064047
vt 0.313244 0.083224
vt 0.296561 0.075379
vt 0.310993 0.234293
vt 0.308407 0.273095
vt 0.924890 0.515648
vt 0.903284 0.503815
vt 0.466495 0.509520
vt 0.486326 0.515618
vt 0.480350 0.524279
vt 0.475189 0.494457
vt 0.263306 0.516214
vt 0.279877 0.525425
vt 0.289786 0.537654
vt 0.153761 0.388348
vt 0.149115 0.354765
vt 0.157916 0.346458
vt 0.134567 0.388110
vt 0.138772 0.366900
vt 0.199751 0.338144
vt 0.184533 0.527672
vt 0.165803 0.522775
vt 0.204237 0.511002
vt 0.286543 0.467789
vt 0.260691 0.477206
vt 0.979513 0.611335
vt 0.973240 0.604308
vt 0.977829 0.601830
vt 0.978164 0.629168
vt 0.968059 0.613388
vt 0.325628 0.457069
vt 0.336669 0.471075
vt 0.420951 0.798258
vt 0.050819 0.757335
vt 0.351338 0.529687
vt 0.349502 0.549848
vt 0.338621 0.527348
vt 0.332705 0.548070
vt 0.328580 0.532682
vt 0.338703 0.547303
vt 0.027120 0.750275
vt 0.017820 0.761020
vt 0.562565 0.917766
vt 0.566196 0.891760
vt 0.583008 0.888402
vt 0.545169 0.909873
vt 0.373887 0.575543
vt 0.406636 0.636392
vt 0.031453 0.700408
vt 0.027363 0.690510
vt 0.548454 0.446864
vt 0.543108 0.476226
vt 0.530279 0.454660
vt 0.711128 0.743989
vt 0.716364 0.717613
vt 0.725624 0.745235
vt 0.093206 0.895073
vt 0.108984 0.888887
vt 0.717756 0.699091
vt 0.721796 0.685819
vt 0.702482 0.704620
vt 0.749626 0.430381
vt 0.748984 0.404573
vt 0.764455 0.411599
vt 0.542946 0.086670
vt 0.546336 0.070730
vt 0.568891 0.086082
vt 0.567716 0.040579
vt 0.547284 0.047209
vt 0.554039 0.024808
vt 0.520977 0.083315
vt 0.517255 0.051616
vt 0.530314 0.051320
vt 0.508705 0.079328
vt 0.148812 0.404202
vt 0.181051 0.395153
vt 0.175146 0.413020
vt 0.198415 0.419914
vt 0.184397 0.425776
vt 0.165191 0.438238
vt 0.189855 0.440229
vt 0.208245 0.446194
vt 0.260966 0.451140
vt 0.225864 0.467565
vt 0.278037 0.442936
vt 0.290100 0.443426
vt 0.967631 0.636617
vt 0.961000 0.627975
vt 0.322020 0.429069
vt 0.311392 0.438714
vt 0.331544 0.436721
vt 0.370349 0.811646
vt 0.363525 0.793774
vt 0.378892 0.793059
vt 0.324178 0.788270
vt 0.320056 0.815935
vt 0.302131 0.792313
vt 0.038052 0.815265
vt 0.027365 0.804181
vt 0.418437 0.579220
vt 0.409222 0.604027
vt 0.415504 0.653798
vt 0.104958 0.743830
vt 0.112125 0.749591
vt 0.091178 0.754689
vt 0.082958 0.738988
vt 0.059276 0.725841
vt 0.049628 0.707081
vt 0.565998 0.434192
vt 0.562627 0.464636
vt 0.545848 0.487395
vt 0.655638 0.742388
vt 0.652480 0.727642
vt 0.670013 0.725315
vt 0.659993 0.704738
vt 0.650810 0.683217
vt 0.674253 0.700412
vt 0.637371 0.624418
vt 0.638219 0.653018
vt 0.619923 0.643112
vt 0.608374 0.069081
vt 0.603021 0.117795
vt 0.600505 0.141004
vt 0.566197 0.107225
vt 0.490653 0.139818
vt 0.515667 0.146726
vt 0.209290 0.394651
vt 0.201031 0.385618
vt 0.200964 0.379059
vt 0.222704 0.433354
vt 0.275725 0.434533
vt 0.946978 0.374946
vt 0.949964 0.359634
vt 0.958627 0.374357
vt 0.948663 0.329918
vt 0.951965 0.347169
vt 0.900558 0.345256
vt 0.892598 0.362796
vt 0.870023 0.340216
vt 0.924082 0.343302
vt 0.926160 0.364558
vt 0.907020 0.327365
vt 0.932538 0.310278
vt 0.949428 0.671412
vt 0.941399 0.692350
vt 0.392858 0.824678
vt 0.391237 0.806436
vt 0.334647 0.811099
vt 0.327563 0.823238
vt 0.104004 0.807489
vt 0.079374 0.797414
vt 0.113172 0.792133
vt 0.373390 0.520604
vt 0.026046 0.820772
vt 0.032357 0.836188
vt 0.412882 0.556553
vt 0.421800 0.596363
vt 0.460516 0.639173
vt 0.454717 0.619314
vt 0.477882 0.642950
vt 0.467294 0.651685
vt 0.474128 0.662414
vt 0.592942 0.438917
vt 0.582055 0.428509
vt 0.604281 0.423707
vt 0.638223 0.668984
vt 0.589373 0.625194
vt 0.648971 0.110582
vt 0.656240 0.083038
vt 0.892259 0.158548
vt 0.878091 0.133166
vt 0.901782 0.148128
vt 0.897506 0.128798
vt 0.914160 0.136243
vt 0.632051 0.181946
vt 0.614267 0.163592
vt 0.564287 0.155410
vt 0.522226 0.158612
vt 0.506886 0.156032
vt 0.943804 0.249586
vt 0.944797 0.274821
vt 0.934802 0.283115
vt 0.942096 0.716705
vt 0.917957 0.706372
vt 0.903513 0.704720
vt 0.194941 0.803051
vt 0.172571 0.782734
vt 0.195434 0.770267
vt 0.189193 0.770930
vt 0.133165 0.811645
vt 0.132451 0.800311
vt 0.158741 0.778481
vt 0.354475 0.825714
vt 0.361553 0.832281
vt 0.130358 0.832463
vt 0.061707 0.828029
vt 0.056520 0.809104
vt 0.436560 0.543525
vt 0.444245 0.558165
vt 0.447306 0.569336
vt 0.443210 0.582659
vt 0.445328 0.595546
vt 0.462919 0.608967
vt 0.457637 0.582611
vt 0.479975 0.594724
vt 0.511431 0.584323
vt 0.497733 0.602302
vt 0.482342 0.628377
vt 0.504628 0.624966
vt 0.492727 0.643504
vt 0.604715 0.342390
vt 0.490273 0.671277
vt 0.494872 0.654002
vt 0.502747 0.669413
vt 0.618254 0.388891
vt 0.586174 0.406231
vt 0.625626 0.785933
vt 0.608572 0.780117
vt 0.641026 0.775622
vt 0.633980 0.752481
vt 0.588659 0.715260
vt 0.589349 0.694215
vt 0.596801 0.679257
vt 0.609534 0.671005
vt 0.571808 0.691802
vt 0.594763 0.651802
vt 0.568542 0.647963
vt 0.672971 0.100998
vt 0.866364 0.148350
vt 0.872206 0.143796
vt 0.882160 0.177994
vt 0.868556 0.108448
vt 0.885734 0.096492
vt 0.900878 0.109729
vt 0.653251 0.171642
vt 0.658378 0.191604
vt 0.640816 0.202118
vt 0.626763 0.195446
vt 0.564714 0.179883
vt 0.585086 0.164087
vt 0.870704 0.296238
vt 0.852617 0.324527
vt 0.848410 0.312896
vt 0.886278 0.289209
vt 0.907599 0.270947
vt 0.922444 0.271843
vt 0.934080 0.731973
vt 0.918217 0.729262
vt 0.894047 0.712419
vt 0.173165 0.812597
vt 0.158809 0.836498
vt 0.137779 0.842427
vt 0.814670 0.218791
vt 0.837892 0.202673
vt 0.839275 0.224175
vt 0.109759 0.867130
vt 0.074477 0.871611
vt 0.067247 0.859748
vt 0.053305 0.848384
vt 0.083610 0.837824
vt 0.048038 0.831842
vt 0.456270 0.558964
vt 0.462309 0.552808
vt 0.457202 0.571142
vt 0.468798 0.564140
vt 0.489493 0.570395
vt 0.493773 0.577922
vt 0.896982 0.859098
vt 0.905948 0.856065
vt 0.914389 0.862349
vt 0.949690 0.952815
vt 0.936011 0.942736
vt 0.972142 0.940668
vt 0.963175 0.954800
vt 0.031471 0.872214
vt 0.033994 0.861544
vt 0.054922 0.877513
vt 0.038143 0.846189
vt 0.453362 0.547039
vt 0.935477 0.859348
vt 0.920422 0.871954
vt 0.891803 0.871949
vt 0.898561 0.887754
vt 0.869826 0.885153
vt 0.861987 0.905733
vt 0.943023 0.923841
vt 0.945583 0.871554
vt 0.927138 0.890555
vt 0.950187 0.899871
vt 0.929376 0.909813
vt 0.963572 0.891205
vt 0.958684 0.869872
vt 0.949480 0.857945
vt 0.911841 0.899068
vt 0.448217 0.525518
vt 0.434399 0.531637
vt 0.975161 0.914131
vt 0.969624 0.929332
vt 0.922086 0.924510
vt 0.905506 0.910079
vt 0.069120 0.883118
vt 0.081777 0.895986
vt 0.077736 0.900161
vt 0.942212 0.965429
vt 0.916567 0.968361
vt 0.907948 0.938141
vt 0.919978 0.954023
vt 0.881582 0.939490
vt 0.861351 0.945231
vt 0.876187 0.918114
vt 0.849558 0.896652
vt 0.875349 0.869174
vt 0.860880 0.880430
vt 0.525469 0.575151
vt 0.516572 0.590564
vt 0.511306 0.609921
vt 0.555460 0.636936
vt 0.568783 0.630942
vt 0.563669 0.588533
vt 0.571763 0.582213
vt 0.566187 0.603839
vt 0.548130 0.587315
vt 0.531786 0.590773
vt 0.545533 0.572493
vt 0.527919 0.622528
vt 0.558825 0.566997
vt 0.508437 0.639280
vt 0.556504 0.552684
vt 0.568538 0.557302
vt 0.843874 0.111004
vt 0.836497 0.139288
vt 0.877651 0.077003
vt 0.890501 0.066228
vt 0.905925 0.090598
vt 0.657630 0.219054
vt 0.600307 0.190060
vt 0.574613 0.188662
vt 0.545665 0.168649
vt 0.840981 0.283387
vt 0.889820 0.256589
vt 0.897350 0.239126
vt 0.926705 0.223087
vt 0.917823 0.239748
vt 0.576877 0.296355
vt 0.583416 0.322499
vt 0.571765 0.312842
vt 0.941814 0.758574
vt 0.967148 0.750817
vt 0.968059 0.774767
vt 0.917985 0.749897
vt 0.893835 0.733386
vt 0.185639 0.843894
vt 0.188853 0.831756
vt 0.816966 0.183559
vt 0.842124 0.180098
vt 0.820757 0.151976
vt 0.923441 0.978015
vt 0.845197 0.914126
vt 0.843969 0.935843
vt 0.787960 0.065019
vt 0.782513 0.080887
vt 0.797370 0.034529
vt 0.793061 0.046110
vt 0.857578 0.971502
vt 0.840974 0.958437
vt 0.873797 0.972784
vt 0.786590 0.146427
vt 0.768443 0.137483
vt 0.774102 0.122833
vt 0.792466 0.181638
vt 0.804630 0.196012
vt 0.784962 0.214441
vt 0.778209 0.193755
vt 0.795359 0.234695
vt 0.815465 0.241614
vt 0.797300 0.261125
vt 0.807127 0.271731
vt 0.792544 0.279665
vt 0.734711 0.284049
vt 0.748727 0.264391
vt 0.763190 0.281078
vt 0.725208 0.258718
vt 0.752788 0.241225
vt 0.771925 0.237789
vt 0.748447 0.159830
vt 0.747976 0.126674
vt 0.751221 0.109127
vt 0.767096 0.111677
vt 0.812485 0.024437
vt 0.819369 0.045409
vt 0.830310 0.068911
vt 0.828261 0.089920
vt 0.843527 0.084559
vt 0.857998 0.091251
vt 0.864693 0.073138
vt 0.871688 0.055616
vt 0.868357 0.035878
vt 0.905962 0.024480
vt 0.886207 0.023752
vt 0.624764 0.268860
vt 0.610594 0.248239
vt 0.590154 0.232698
vt 0.619273 0.220453
vt 0.597583 0.201742
vt 0.581072 0.210845
vt 0.849949 0.263088
vt 0.834990 0.255135
vt 0.846745 0.241941
vt 0.859800 0.265740
vt 0.870205 0.281016
vt 0.869604 0.267306
vt 0.591944 0.311237
vt 0.700321 0.278180
vt 0.684469 0.225332
vt 0.731279 0.230867
vt 0.758092 0.218824
vt 0.762739 0.190139
vt 0.750798 0.198135
vt 0.732665 0.191871
vt 0.736644 0.170134
vt 0.745980 0.221476
vt 0.717482 0.216965
vt 0.639028 0.311601
vt 0.657505 0.296554
vt 0.658398 0.315856
vt 0.616318 0.289227
vt 0.609035 0.281881
vt 0.598623 0.268740
vt 0.585979 0.264281
vt 0.864653 0.251998
vt 0.868203 0.242956
vt 0.573196 0.262960
vt 0.575780 0.282673
vt 0.611295 0.306405
vt 0.595883 0.285680
vt 0.876576 0.232432
vt 0.668789 0.274913
vt 0.672131 0.292992
vt 0.682623 0.282181
vt 0.678669 0.291750
vt 0.682813 0.136626
vt 0.674878 0.165448
vt 0.662101 0.158055
vt 0.702556 0.132193
vt 0.708931 0.149691
vt 0.723867 0.159739
vt 0.727709 0.145368
vt 0.732693 0.131592
vt 0.736188 0.113666
vt 0.719103 0.115855
vt 0.709628 0.101884
vt 0.730422 0.100319
vt 0.841917 0.043152
vt 0.837774 0.053171
vt 0.872582 0.026789
vt 0.857797 0.022828
vt 0.871192 0.010718
vt 0.673442 0.123886
vt 0.690783 0.119075
vt 0.841055 0.028123
vt 0.852150 0.042035
vt 0.684998 0.101617
vt 0.888097 0.005890
vt 0.775976 0.261780
vt 0.868937 0.176128
vt 0.848226 0.161027
vt 0.523949 0.728103
vt 0.533636 0.746088
vt 0.552510 0.772995
vt 0.534355 0.767978
vt 0.555411 0.652055
vt 0.558003 0.767325
vt 0.537620 0.697182
vt 0.553737 0.696933
vt 0.870820 0.189825
vt 0.612784 0.718579
vt 0.587752 0.738817
vt 0.568757 0.741235
vt 0.586431 0.762185
vt 0.591908 0.785844
vt 0.568931 0.782805
vt 0.640481 0.384207
vt 0.631504 0.381586
vt 0.642474 0.381438
vt 0.627799 0.400825
vt 0.605471 0.405437
vt 0.599098 0.747043
vt 0.600657 0.758756
vt 0.584904 0.751806
vt 0.570459 0.762259
vt 0.588541 0.411746
vt 0.560707 0.672395
vt 0.552241 0.682605
vt 0.539602 0.731243
vt 0.578839 0.347222
vt 0.020684 0.698757
vt 0.018534 0.703265
vt 0.429307 0.640326
vt 0.034057 0.716716
vt 0.064212 0.749361
vt 0.243252 0.425617
vt 0.260650 0.431040
vt 0.580436 0.059602
vt 0.684600 0.710714
vt 0.677085 0.721813
vt 0.690627 0.725473
vt 0.167053 0.477593
vt 0.180255 0.454158
vt 0.200088 0.490501
vt 0.197840 0.502378
vt 0.218921 0.491429
vt 0.163149 0.510662
vt 0.140315 0.492868
vt 0.157193 0.467847
vt 0.157531 0.410224
vt 0.540547 0.030584
vt 0.529761 0.023529
vt 0.538580 0.013893
vt 0.766936 0.367914
vt 0.794377 0.373682
vt 0.763176 0.380723
vt 0.083318 0.453670
vt 0.116276 0.461218
vt 0.118703 0.516314
vt 0.131854 0.475053
vt 0.132223 0.445736
vt 0.103901 0.419328
vt 0.096741 0.437881
vt 0.086990 0.424102
vt 0.123311 0.437253
vt 0.526902 0.013380
vt 0.753464 0.391664
vt 0.773838 0.433368
vt 0.701931 0.654519
vt 0.719561 0.658929
vt 0.772027 0.464132
vt 0.571467 0.076693
vt 0.661492 0.670432
vt 0.711058 0.606164
vt 0.959719 0.540918
vt 0.940212 0.528196
vt 0.457571 0.439378
vt 0.499643 0.448273
vt 0.523303 0.431103
vt 0.502417 0.436297
vt 0.461570 0.429696
vt 0.478190 0.426118
vt 0.456756 0.367663
vt 0.084517 0.600590
vt 0.082710 0.622620
vt 0.070322 0.614715
vt 0.415824 0.485545
vt 0.445479 0.906601
vt 0.393324 0.220195
vt 0.468329 0.319509
vt 0.483338 0.330233
vt 0.462648 0.345030
vt 0.523071 0.320060
vt 0.536302 0.325372
vt 0.372933 0.433248
vt 0.386590 0.417893
vt 0.388203 0.452638
vt 0.501604 0.346408
vt 0.359411 0.352200
vt 0.216865 0.556081
vt 0.323470 0.340199
vt 0.339986 0.349317
vt 0.325296 0.353576
vt 0.341864 0.363738
vt 0.353778 0.409758
vt 0.367351 0.400819
vt 0.921952 0.571336
vt 0.932083 0.549248
vt 0.930504 0.566832
vt 0.918356 0.549694
vt 0.116943 0.577638
vt 0.102739 0.588265
vt 0.132884 0.576294
vt 0.452192 0.249684
vt 0.448573 0.227195
vt 0.469808 0.244836
vt 0.749180 0.828948
vt 0.759023 0.844888
vt 0.762820 0.861905
vt 0.501285 0.511906
vt 0.888889 0.576437
vt 0.167894 0.711027
vt 0.187431 0.715057
vt 0.857654 0.348036
vt 0.447482 0.786814
vt 0.447266 0.802778
vt 0.163098 0.094845
vt 0.627500 0.534880
vt 0.622185 0.515615
vt 0.286523 0.068393
vt 0.549739 0.225783
vt 0.238764 0.577281
vt 0.235325 0.609094
vt 0.853833 0.061268
vt 0.714381 0.256102
vt 0.738805 0.768434
vt 0.727354 0.769211
vt 0.720434 0.760736
vt 0.546083 0.564897
vt 0.901609 0.406577
vt 0.827917 0.695415
vt 0.842007 0.697226
vt 0.826126 0.685099
vt 0.303643 0.194355
vt 0.801718 0.435938
vt 0.878567 0.429533
vt 0.286148 0.790821
vt 0.104882 0.765191
vt 0.185097 0.743925
vt 0.415053 0.527876
vt 0.355043 0.916791
vt 0.344810 0.922836
vt 0.732750 0.838514
vt 0.726002 0.799087
vt 0.760458 0.899195
vt 0.746944 0.900084
vt 0.691894 0.796718
vt 0.710961 0.784498
vt 0.658049 0.785652
vt 0.663122 0.776250
vt 0.689071 0.777828
vt 0.698446 0.776917
vt 0.728920 0.352383
vt 0.766941 0.525233
vt 0.617312 0.812532
vt 0.852373 0.567998
vt 0.432798 0.864343
vt 0.261209 0.671385
vt 0.901974 0.561423
vt 0.916097 0.604293
vt 0.211501 0.936435
vt 0.516820 0.843652
vt 0.673830 0.534484
vt 0.313809 0.354428
vt 0.341401 0.400832
vt 0.446367 0.180608
vt 0.336055 0.721556
vt 0.412035 0.923589
vt 0.106038 0.637100
vt 0.099247 0.652574
vt 0.442955 0.418560
vt 0.471670 0.360956
vt 0.406715 0.275832
vt 0.992161 0.519945
vt 0.448985 0.323608
vt 0.435558 0.256549
vt 0.418604 0.257826
vt 0.853859 0.660985
vt 0.881158 0.647965
vt 0.764706 0.639136
vt 0.294741 0.900262
vt 0.009410 0.191707
vt 0.040070 0.361796
vt 0.011918 0.357125
vt 0.342299 0.500478
vt 0.335400 0.668803
vt 0.062737 0.634336
vt 0.057454 0.641599
vt 0.366446 0.294195
vt 0.352295 0.003024
vt 0.050685 0.386779
vt 0.053132 0.382322
vt 0.407241 0.675024
vt 0.311962 0.549896
vt 0.520065 0.901864
vt 0.511528 0.918923
vt 0.323601 0.659668
vt 0.073369 0.973575
vt 0.082650 0.961313
vt 0.078970 0.910982
vt 0.796295 0.358145
vt 0.817755 0.365098
vt 0.266097 0.538466
vt 0.314698 0.565732
vt 0.063977 0.384641
vt 0.056199 0.362922
vt 0.068454 0.372611
vt 0.840225 0.367238
vt 0.834709 0.496190
vt 0.834264 0.512678
vt 0.233384 0.150866
vt 0.242040 0.253894
vt 0.054947 0.504829
vt 0.163080 0.988266
vt 0.887937 0.432549
vt 0.870823 0.370498
vt 0.283680 0.222006
vt 0.895387 0.422413
vt 0.264947 0.184182
vt 0.805487 0.842283
vt 0.907196 0.400190
vt 0.306978 0.860660
vt 0.316052 0.838235
vt 0.886367 0.487615
vt 0.893986 0.514797
vt 0.206556 0.008622
vt 0.179621 0.100990
vt 0.018923 0.244967
vt 0.755700 0.819476
vt 0.269957 0.319850
vt 0.902111 0.532205
vt 0.898773 0.542932
vt 0.290420 0.268951
vt 0.751323 0.798479
vt 0.282407 0.195814
vt 0.216474 0.002472
vt 0.738220 0.699358
vt 0.271955 0.172020
vt 0.083173 0.059685
vt 0.046341 0.072520
vt 0.009880 0.128934
vt 0.308312 0.034071
vt 0.283241 0.093012
vt 0.147671 0.025023
vt 0.287609 0.058981
vt 0.226980 0.501268
vt 0.984157 0.606103
vt 0.345113 0.451915
vt 0.362628 0.562989
vt 0.275929 0.801862
vt 0.265485 0.794513
vt 0.335051 0.568937
vt 0.264655 0.783384
vt 0.537744 0.930844
vt 0.557200 0.349013
vt 0.724023 0.701978
vt 0.669832 0.658617
vt 0.681072 0.639740
vt 0.664025 0.634164
vt 0.737998 0.423482
vt 0.574697 0.029684
vt 0.570292 0.014034
vt 0.499044 0.112041
vt 0.190502 0.379116
vt 0.958662 0.367895
vt 0.412547 0.815725
vt 0.403764 0.818029
vt 0.585260 0.450857
vt 0.588073 0.017356
vt 0.871225 0.357194
vt 0.224016 0.408570
vt 0.988568 0.627979
vt 0.982713 0.650586
vt 0.965340 0.655320
vt 0.940901 0.339669
vt 0.944553 0.296266
vt 0.933939 0.371958
vt 0.906835 0.370464
vt 0.890133 0.683683
vt 0.887598 0.653391
vt 0.422956 0.815134
vt 0.333996 0.828194
vt 0.136017 0.782038
vt 0.306302 0.812487
vt 0.287023 0.813482
vt 0.403059 0.515580
vt 0.015494 0.713836
vt 0.598713 0.621659
vt 0.636539 0.075724
vt 0.516969 0.663997
vt 0.017562 0.847629
vt 0.971341 0.736737
vt 0.951138 0.742790
vt 0.515897 0.674796
vt 0.614980 0.357192
vt 0.596896 0.349760
vt 0.667454 0.092594
vt 0.886602 0.713300
vt 0.885927 0.721676
vt 0.197910 0.822741
vt 0.016081 0.858883
vt 0.140126 0.858264
vt 0.097990 0.877304
vt 0.429139 0.515588
vt 0.437637 0.513961
vt 0.885689 0.907203
vt 0.901978 0.918864
vt 0.474514 0.562360
vt 0.977191 0.929614
vt 0.490184 0.743324
vt 0.480194 0.753119
vt 0.476962 0.762288
vt 0.500154 0.732157
vt 0.837459 0.265038
vt 0.823019 0.255683
vt 0.943195 0.227961
vt 0.829954 0.244398
vt 0.889576 0.977253
vt 0.789005 0.023320
vt 0.777326 0.287533
vt 0.688994 0.271934
vt 0.601441 0.313475
vt 0.862075 0.232590
vt 0.564574 0.790595
vt 0.576926 0.791529
vt 0.681849 0.087539
vt 0.531004 0.671600
vt 0.439632 0.642904
vt 0.056174 0.739557
vt 0.072832 0.757650
vt 0.121580 0.408473
vt 0.519596 0.044295
vt 0.525921 0.033327
vt 0.775802 0.363051
vt 0.084591 0.442242
vt 0.089253 0.417133
vt 0.484592 0.407817
vt 0.760695 0.445742
vt 0.950353 0.548522
vt 0.443215 0.289548
vt 0.443930 0.332484
vt 0.925093 0.541867
vt 0.729033 0.912520
vt 0.394694 0.836973
vt 0.747049 0.381156
vt 0.935215 0.630973
vt 0.943523 0.634388
s 0
usemtl Asteroid_1e
f 29/1/1 48/2/1 28/3/1
f 1001/4/2 30/5/2 1051/6/2
f 31/7/3 30/5/3 1001/4/3
f 1050/8/4 30/5/4 31/7/4
f 593/9/5 33/10/5 34/11/5
f 1098/12/6 1048/13/6 36/14/6
f 514/15/7 38/16/7 416/17/7
f 416/17/8 419/18/8 514/15/8
f 942/19/9 39/20/9 939/21/9
f 41/22/10 42/23/10 828/24/10
f 413/25/11 414/26/11 3/27/11
f 45/28/12 1095/29/12 46/30/12
f 739/31/13 714/32/13 53/33/13
f 5/34/14 55/35/14 914/36/14
f 856/37/15 57/38/15 687/39/15
f 835/40/16 58/41/16 59/42/16
f 905/43/17 60/44/17 62/45/17
f 906/46/18 907/47/18 63/48/18
f 68/49/19 67/50/19 708/51/19
f 709/52/20 68/49/20 708/51/20
f 69/53/21 70/54/21 4/55/21
f 4/55/22 803/56/22 891/57/22
f 891/57/23 71/58/23 4/55/23
f 75/59/24 76/60/24 918/61/24
f 886/62/25 911/63/25 5/34/25
f 273/64/26 299/65/26 79/66/26
f 253/67/27 81/68/27 82/69/27
f 82/69/28 252/70/28 284/71/28
f 344/72/29 343/73/29 490/74/29
f 339/75/30 83/76/30 84/77/30
f 285/78/31 319/79/31 85/80/31
f 86/81/32 87/82/32 486/83/32
f 333/84/33 396/85/33 320/86/33
f 87/87/34 564/88/34 88/89/34
f 557/90/35 556/91/35 92/92/35
f 393/93/36 328/94/36 327/95/36
f 94/96/37 497/97/37 349/98/37
f 302/99/38 96/100/38 348/101/38
f 101/102/39 1395/103/39 100/104/39
f 1391/105/40 382/106/40 103/107/40
f 457/108/41 549/109/41 106/110/41
f 109/111/42 108/112/42 1286/113/42
f 8/114/43 111/115/43 1308/116/43
f 1093/117/44 991/118/44 9/119/44
f 134/120/45 115/121/45 1029/122/45
f 1089/123/46 1087/124/46 116/125/46
f 117/126/47 1089/123/47 1027/127/47
f 1087/124/48 1089/123/48 117/126/48
f 120/128/49 1325/129/49 119/130/49
f 121/131/50 1204/132/50 120/128/50
f 1087/124/51 117/126/51 10/133/51
f 10/133/52 117/126/52 1085/134/52
f 1273/135/53 127/136/53 1271/137/53
f 1271/137/54 127/136/54 1270/138/54
f 1274/139/55 1278/140/55 128/141/55
f 1219/142/56 1270/143/56 128/144/56
f 130/145/57 1249/146/57 1251/147/57
f 133/148/58 132/149/58 1083/150/58
f 135/151/59 115/121/59 11/152/59
f 1242/153/60 138/154/60 1204/132/60
f 792/155/61 859/156/61 142/157/61
f 863/158/62 792/155/62 142/157/62
f 144/159/63 147/160/63 892/161/63
f 548/162/64 144/159/64 892/161/64
f 149/163/65 463/164/65 148/165/65
f 859/156/66 162/166/66 882/167/66
f 761/168/67 151/169/67 672/170/67
f 1384/171/68 462/172/68 14/173/68
f 155/174/69 733/175/69 16/176/69
f 621/177/70 157/178/70 665/179/70
f 666/180/71 669/181/71 158/182/71
f 106/110/72 459/183/72 456/184/72
f 149/163/73 148/165/73 160/185/73
f 17/186/74 18/187/74 965/188/74
f 164/189/75 1127/190/75 18/187/75
f 166/191/76 1200/192/76 167/193/76
f 440/194/77 1380/195/77 168/196/77
f 444/197/78 172/198/78 1393/199/78
f 444/197/79 1393/199/79 365/200/79
f 1131/201/80 1134/202/80 19/203/80
f 1134/202/81 174/204/81 19/203/81
f 175/205/82 176/206/82 177/207/82
f 176/206/83 1020/208/83 177/207/83
f 183/209/84 659/210/84 186/211/84
f 186/211/85 184/212/85 183/209/85
f 187/213/86 972/214/86 621/215/86
f 435/216/87 1406/217/87 190/218/87
f 193/219/88 1202/220/88 1209/221/88
f 1212/222/89 1329/223/89 194/224/89
f 201/225/90 20/226/90 760/227/90
f 202/228/91 101/102/91 367/229/91
f 212/230/92 213/231/92 210/232/92
f 213/231/93 203/233/93 210/232/93
f 1060/234/94 238/235/94 1056/236/94
f 1238/237/95 207/238/95 1156/239/95
f 950/240/96 1005/241/96 216/242/96
f 218/243/97 217/244/97 262/245/97
f 218/243/98 263/246/98 217/244/98
f 220/247/99 518/248/99 219/249/99
f 1010/250/100 1009/251/100 223/252/100
f 226/253/101 522/254/101 225/255/101
f 225/256/102 522/257/102 1383/258/102
f 229/259/103 313/260/103 228/261/103
f 222/262/104 1011/263/104 231/264/104
f 228/261/105 358/265/105 315/266/105
f 315/266/106 317/267/106 228/261/106
f 1066/268/107 1067/269/107 235/270/107
f 1237/271/108 1248/272/108 239/273/108
f 243/274/109 244/275/109 24/276/109
f 260/277/110 245/278/110 259/279/110
f 245/278/111 246/280/111 259/279/111
f 250/281/112 256/282/112 248/283/112
f 80/284/113 82/69/113 81/68/113
f 288/285/114 254/286/114 81/68/114
f 254/286/115 80/284/115 81/68/115
f 272/287/116 250/281/116 80/284/116
f 293/288/117 250/281/117 272/287/117
f 246/280/118 257/289/118 258/290/118
f 258/290/119 259/279/119 246/280/119
f 258/290/120 303/291/120 259/279/120
f 259/279/121 275/292/121 260/277/121
f 260/277/122 211/293/122 262/245/122
f 262/245/123 245/278/123 260/277/123
f 211/293/124 210/232/124 262/245/124
f 262/245/125 277/294/125 218/243/125
f 1407/295/126 264/296/126 265/297/126
f 265/297/127 244/275/127 1407/295/127
f 244/275/128 243/274/128 266/298/128
f 249/299/129 268/300/129 251/301/129
f 251/301/130 268/300/130 80/284/130
f 267/302/131 252/70/131 268/300/131
f 269/303/132 252/70/132 281/304/132
f 272/287/133 271/305/133 295/306/133
f 79/66/134 274/307/134 257/289/134
f 274/307/135 258/290/135 257/289/135
f 258/290/136 300/308/136 301/309/136
f 301/309/137 303/291/137 258/290/137
f 275/292/138 304/310/138 261/311/138
f 210/232/139 211/293/139 209/312/139
f 276/313/140 277/294/140 203/233/140
f 278/314/141 279/315/141 263/316/141
f 280/317/142 229/318/142 24/276/142
f 24/276/143 228/319/143 281/304/143
f 281/304/144 243/274/144 24/276/144
f 281/304/145 267/302/145 243/274/145
f 268/300/146 266/298/146 267/302/146
f 282/320/147 269/303/147 281/304/147
f 284/71/148 374/321/148 270/322/148
f 287/323/149 289/324/149 288/285/149
f 292/325/150 291/326/150 294/327/150
f 294/327/151 273/64/151 292/325/151
f 291/328/152 290/329/152 294/330/152
f 297/331/153 290/329/153 295/332/153
f 286/333/154 285/78/154 85/80/154
f 397/334/155 337/335/155 286/336/155
f 296/337/156 84/77/156 297/331/156
f 83/338/157 298/339/157 273/64/157
f 273/64/158 294/327/158 83/338/158
f 347/340/159 300/308/159 299/65/159
f 258/290/160 274/307/160 300/308/160
f 96/100/161 302/99/161 301/309/161
f 301/309/162 302/99/162 303/291/162
f 302/99/163 350/341/163 303/291/163
f 351/342/164 275/292/164 303/291/164
f 304/310/165 209/312/165 261/311/165
f 306/343/166 278/314/166 276/344/166
f 278/314/167 307/345/167 279/315/167
f 224/346/168 279/315/168 307/345/168
f 311/347/169 312/348/169 310/349/169
f 229/350/170 312/348/170 313/351/170
f 313/260/171 234/352/171 358/265/171
f 358/265/172 241/353/172 315/266/172
f 315/266/173 314/354/173 317/267/173
f 314/354/174 316/355/174 317/267/174
f 318/356/175 282/320/175 316/357/175
f 98/358/176 283/359/176 318/356/176
f 374/321/177 319/79/177 285/78/177
f 378/360/178 334/361/178 321/362/178
f 386/363/179 323/364/179 330/365/179
f 388/366/180 390/367/180 93/368/180
f 328/94/181 332/369/181 323/364/181
f 329/370/182 330/365/182 323/364/182
f 330/365/183 102/371/183 381/372/183
f 332/369/184 331/373/184 91/374/184
f 325/375/185 327/95/185 328/94/185
f 328/94/186 395/376/186 331/373/186
f 331/373/187 332/369/187 328/94/187
f 91/374/188 90/377/188 335/378/188
f 335/378/189 329/370/189 91/374/189
f 334/361/190 320/379/190 321/362/190
f 84/77/191 83/76/191 297/331/191
f 339/75/192 84/77/192 338/380/192
f 339/75/193 399/381/193 484/382/193
f 340/383/194 341/384/194 83/76/194
f 83/76/195 339/75/195 340/383/195
f 83/76/196 342/385/196 344/386/196
f 343/73/197 344/72/197 342/387/197
f 346/388/198 299/65/198 298/339/198
f 299/65/199 273/64/199 298/339/199
f 346/388/200 401/389/200 347/340/200
f 348/101/201 349/390/201 95/391/201
f 95/392/202 406/393/202 407/394/202
f 407/394/203 302/395/203 95/392/203
f 410/396/204 411/397/204 210/232/204
f 210/232/205 209/312/205 410/396/205
f 353/398/206 305/399/206 352/400/206
f 353/401/207 424/402/207 212/403/207
f 354/404/208 213/405/208 424/402/208
f 426/406/209 355/407/209 306/343/209
f 220/247/210 308/408/210 355/407/210
f 356/409/211 429/410/211 313/351/211
f 234/352/212 313/260/212 429/411/212
f 357/412/213 358/265/213 234/352/213
f 360/413/214 359/414/214 242/415/214
f 360/413/215 361/416/215 359/414/215
f 438/417/216 1404/418/216 1405/419/216
f 365/420/217 366/421/217 364/422/217
f 1393/199/218 366/423/218 365/200/218
f 366/423/219 1397/424/219 367/425/219
f 367/229/220 364/422/220 366/421/220
f 367/229/221 368/426/221 364/422/221
f 362/427/222 363/428/222 371/429/222
f 188/430/223 370/431/223 369/432/223
f 372/433/224 369/432/224 371/429/224
f 101/102/225 100/104/225 368/426/225
f 373/434/226 314/354/226 189/435/226
f 98/358/227 318/356/227 314/436/227
f 98/358/228 99/437/228 374/321/228
f 374/321/229 99/437/229 375/438/229
f 378/439/230 321/440/230 377/441/230
f 322/442/231 379/443/231 1399/444/231
f 381/372/232 1399/444/232 380/445/232
f 382/106/233 383/446/233 381/372/233
f 385/447/234 104/448/234 384/449/234
f 1387/450/235 386/363/235 468/451/235
f 14/173/236 471/452/236 470/453/236
f 477/454/237 89/455/237 392/456/237
f 89/455/238 394/457/238 393/93/238
f 328/94/239 393/93/239 394/457/239
f 394/457/240 395/376/240 328/94/240
f 396/458/241 336/459/241 479/460/241
f 399/381/242 398/461/242 482/462/242
f 482/462/243 484/382/243 399/381/243
f 341/384/244 340/383/244 484/382/244
f 400/463/245 345/464/245 490/74/245
f 345/464/246 400/463/246 346/388/246
f 346/388/247 492/465/247 401/389/247
f 403/466/248 404/467/248 348/101/248
f 349/390/249 348/101/249 404/467/249
f 349/98/250 497/97/250 406/393/250
f 350/468/251 408/469/251 97/470/251
f 97/470/252 351/471/252 350/468/252
f 351/471/253 409/472/253 410/473/253
f 410/473/254 304/474/254 351/471/254
f 410/473/255 409/472/255 411/475/255
f 506/476/256 414/26/256 413/25/256
f 508/477/257 415/478/257 414/26/257
f 415/478/258 592/479/258 38/16/258
f 510/480/259 419/18/259 416/17/259
f 419/18/260 510/480/260 418/481/260
f 595/482/261 417/483/261 418/481/261
f 417/483/262 596/484/262 418/481/262
f 418/481/263 512/485/263 419/18/263
f 3/27/264 38/16/264 514/15/264
f 22/486/265 412/487/265 3/27/265
f 237/488/266 22/486/266 3/27/266
f 515/489/267 421/490/267 237/488/267
f 422/491/268 423/492/268 421/490/268
f 423/492/269 353/493/269 352/494/269
f 516/495/270 600/496/270 424/402/270
f 424/402/271 353/401/271 516/495/271
f 311/347/272 427/497/272 1382/498/272
f 230/499/273 356/409/273 1382/498/273
f 429/411/274 428/500/274 234/352/274
f 523/501/275 432/502/275 431/503/275
f 435/216/276 190/218/276 434/504/276
f 442/505/277 443/506/277 444/197/277
f 1371/507/278 446/508/278 445/509/278
f 449/510/279 540/511/279 450/512/279
f 466/513/280 450/512/280 540/511/280
f 541/514/281 451/515/281 465/516/281
f 453/517/282 542/518/282 543/519/282
f 546/520/283 453/517/283 543/519/283
f 456/184/284 159/521/284 455/522/284
f 473/523/285 460/524/285 161/525/285
f 161/525/286 461/526/286 473/523/286
f 161/525/287 159/521/287 461/526/287
f 460/524/288 462/172/288 160/185/288
f 160/185/289 161/525/289 460/524/289
f 149/163/290 160/185/290 462/172/290
f 453/517/291 546/520/291 463/164/291
f 542/518/292 453/517/292 1385/527/292
f 451/528/293 541/529/293 1386/530/293
f 468/451/294 385/447/294 467/531/294
f 105/532/295 474/533/295 553/534/295
f 553/534/296 554/535/296 105/532/296
f 554/535/297 389/536/297 105/532/297
f 475/537/298 554/535/298 555/538/298
f 556/91/299 390/367/299 475/537/299
f 477/539/300 476/540/300 558/541/300
f 478/542/301 479/543/301 394/544/301
f 480/545/302 481/546/302 397/334/302
f 483/547/303 560/548/303 485/549/303
f 486/83/304 488/550/304 86/81/304
f 488/550/305 341/551/305 86/81/305
f 485/552/306 86/81/306 341/551/306
f 577/553/307 491/554/307 490/74/307
f 493/555/308 580/556/308 403/466/308
f 495/557/309 496/558/309 94/559/309
f 582/560/310 497/97/310 94/96/310
f 584/561/311 407/394/311 406/393/311
f 584/561/312 498/562/312 407/394/312
f 498/562/313 408/469/313 407/394/313
f 501/563/314 411/475/314 500/564/314
f 822/565/315 412/566/315 502/567/315
f 503/568/316 412/566/316 822/565/316
f 503/568/317 413/569/317 412/566/317
f 505/570/318 506/571/318 413/572/318
f 507/573/319 508/477/319 590/574/319
f 507/573/320 509/575/320 508/477/320
f 592/479/321 415/478/321 509/575/321
f 512/485/322 418/481/322 596/484/322
f 597/576/323 598/577/323 514/15/323
f 514/15/324 419/18/324 597/576/324
f 599/578/325 421/490/325 515/489/325
f 516/495/326 353/401/326 423/579/326
f 602/580/327 518/248/327 214/581/327
f 518/248/328 426/406/328 214/581/328
f 519/582/329 518/248/329 604/583/329
f 519/582/330 520/584/330 225/256/330
f 520/585/331 607/586/331 225/255/331
f 522/254/332 226/253/332 521/587/332
f 521/587/333 230/588/333 522/254/333
f 521/587/334 610/589/334 431/590/334
f 610/591/335 523/501/335 431/503/335
f 192/592/336 434/504/336 191/593/336
f 191/593/337 612/594/337 613/595/337
f 613/595/338 525/596/338 191/593/338
f 526/597/339 527/598/339 525/596/339
f 528/599/340 529/600/340 1380/195/340
f 532/601/341 1373/602/341 531/603/341
f 532/601/342 184/212/342 1372/604/342
f 534/605/343 1372/604/343 535/606/343
f 182/607/344 534/605/344 535/606/344
f 537/608/345 538/609/345 182/607/345
f 465/516/346 466/513/346 540/511/346
f 452/610/347 541/529/347 674/611/347
f 677/612/348 544/613/348 543/519/348
f 546/520/349 543/519/349 544/613/349
f 545/614/350 546/520/350 544/613/350
f 454/615/351 546/520/351 545/614/351
f 548/162/352 456/184/352 144/159/352
f 893/616/353 549/109/353 457/108/353
f 549/109/354 550/617/354 458/618/354
f 551/619/355 567/620/355 458/618/355
f 567/620/356 552/621/356 458/618/356
f 461/526/357 552/621/357 473/523/357
f 474/533/358 473/523/358 552/621/358
f 557/90/359 92/92/359 561/622/359
f 569/623/360 562/624/360 561/622/360
f 561/622/361 559/625/361 557/90/361
f 559/625/362 476/626/362 557/90/362
f 482/627/363 476/626/363 559/625/363
f 482/462/364 558/541/364 476/540/364
f 483/628/365 482/462/365 559/629/365
f 550/617/366 565/630/366 551/619/366
f 552/621/367 567/620/367 568/631/367
f 553/534/368 552/621/368 568/631/368
f 570/632/369 564/88/369 563/633/369
f 570/632/370 565/630/370 564/88/370
f 571/634/371 566/635/371 569/623/371
f 550/617/372 895/636/372 565/630/372
f 895/636/373 107/637/373 565/630/373
f 564/88/374 565/630/374 107/637/374
f 88/89/375 564/88/375 107/637/375
f 572/638/376 573/639/376 486/640/376
f 487/641/377 574/642/377 7/643/377
f 487/644/378 7/645/378 488/550/378
f 575/646/379 7/643/379 574/642/379
f 575/647/380 900/648/380 576/649/380
f 578/650/381 576/649/381 903/651/381
f 579/652/382 577/553/382 578/650/382
f 577/553/383 579/652/383 491/554/383
f 491/554/384 579/652/384 492/465/384
f 580/556/385 902/653/385 405/654/385
f 405/654/386 404/467/386 580/556/386
f 582/560/387 406/393/387 497/97/387
f 931/655/388 591/656/388 509/657/388
f 509/657/389 591/656/389 592/658/389
f 591/656/390 593/9/390 592/658/390
f 1/659/391 593/9/391 39/20/391
f 511/660/392 594/661/392 595/482/392
f 944/662/393 596/484/393 417/483/393
f 513/663/394 947/664/394 597/576/394
f 947/664/395 598/577/395 597/576/395
f 515/489/396 598/577/396 599/578/396
f 954/665/397 422/491/397 599/578/397
f 957/666/398 600/496/398 422/667/398
f 422/667/399 600/496/399 423/579/399
f 423/579/400 600/496/400 516/495/400
f 601/668/401 602/580/401 517/669/401
f 518/248/402 602/580/402 603/670/402
f 606/671/403 607/586/403 221/672/403
f 959/673/404 607/586/404 608/674/404
f 609/675/405 610/589/405 521/587/405
f 609/675/406 960/676/406 610/589/406
f 960/676/407 961/677/407 523/678/407
f 523/678/408 610/589/408 960/676/408
f 611/679/409 434/504/409 523/501/409
f 612/594/410 611/679/410 962/680/410
f 962/680/411 963/681/411 612/594/411
f 963/681/412 613/595/412 612/594/412
f 525/596/413 524/682/413 964/683/413
f 964/683/414 526/597/414 525/596/414
f 529/600/415 528/599/415 614/684/415
f 614/684/416 615/685/416 529/600/416
f 965/188/417 615/685/417 614/684/417
f 615/685/418 966/686/418 616/687/418
f 183/209/419 184/212/419 532/601/419
f 970/688/420 621/689/420 197/690/420
f 197/690/421 621/689/421 665/691/421
f 623/692/422 656/693/422 622/694/422
f 625/695/423 15/696/423 152/697/423
f 625/695/424 626/698/424 15/696/424
f 1356/699/425 6/700/425 628/701/425
f 6/700/426 630/702/426 653/703/426
f 631/704/427 78/705/427 630/702/427
f 1360/706/428 49/707/428 633/708/428
f 633/709/429 49/710/429 712/711/429
f 48/2/430 636/712/430 634/713/430
f 645/714/431 647/715/431 640/716/431
f 645/717/432 643/718/432 644/719/432
f 648/720/433 638/721/433 647/715/433
f 650/722/434 637/723/434 648/720/434
f 706/724/435 707/725/435 635/726/435
f 707/725/436 40/727/436 635/726/436
f 40/727/437 68/49/437 634/713/437
f 711/728/438 715/729/438 712/711/438
f 633/709/439 712/711/439 715/729/439
f 632/730/440 633/708/440 715/731/440
f 715/731/441 651/732/441 632/730/441
f 654/733/442 16/176/442 15/696/442
f 15/696/443 16/176/443 655/734/443
f 656/693/444 723/735/444 622/694/444
f 723/735/445 156/736/445 157/178/445
f 724/737/446 657/738/446 156/739/446
f 658/740/447 662/741/447 197/690/447
f 662/741/448 619/742/448 197/690/448
f 199/743/449 619/742/449 662/741/449
f 660/744/450 663/745/450 200/746/450
f 199/743/451 662/741/451 661/747/451
f 198/748/452 659/749/452 199/743/452
f 663/745/453 660/744/453 659/749/453
f 658/740/454 665/691/454 664/750/454
f 657/738/455 664/750/455 665/691/455
f 666/180/456 661/747/456 664/750/456
f 667/751/457 660/744/457 158/182/457
f 668/752/458 670/753/458 20/754/458
f 669/181/459 730/755/459 668/752/459
f 730/755/460 139/756/460 668/752/460
f 670/757/461 760/227/461 20/226/461
f 139/758/462 671/759/462 670/757/462
f 539/760/463 672/170/463 673/761/463
f 770/762/464 541/514/464 771/763/464
f 676/764/465 150/765/465 677/612/465
f 676/764/466 758/766/466 150/765/466
f 758/766/467 757/767/467 13/768/467
f 756/769/468 679/770/468 796/771/468
f 681/772/469 141/773/469 753/774/469
f 681/772/470 682/775/470 793/776/470
f 683/777/471 793/776/471 682/775/471
f 682/775/472 736/778/472 683/777/472
f 736/778/473 686/779/473 684/780/473
f 684/780/474 686/779/474 685/781/474
f 686/779/475 57/38/475 685/781/475
f 752/782/476 690/783/476 688/784/476
f 691/785/477 690/783/477 54/786/477
f 53/33/478 691/785/478 54/786/478
f 692/787/479 709/52/479 693/788/479
f 773/789/480 774/790/480 694/791/480
f 695/792/481 781/793/481 694/791/481
f 695/792/482 839/794/482 781/793/482
f 697/795/483 778/796/483 699/797/483
f 704/798/484 700/799/484 699/797/484
f 650/722/485 707/725/485 706/724/485
f 67/50/486 40/727/486 775/800/486
f 775/800/487 40/727/487 707/725/487
f 67/50/488 68/49/488 40/727/488
f 710/801/489 712/711/489 68/49/489
f 68/49/490 709/52/490 710/801/490
f 713/802/491 714/32/491 711/728/491
f 717/803/492 631/704/492 716/804/492
f 652/805/493 78/705/493 717/803/493
f 654/733/494 629/806/494 719/807/494
f 725/808/495 727/809/495 657/738/495
f 727/809/496 728/810/496 657/738/496
f 728/810/497 664/750/497 657/738/497
f 728/810/498 666/180/498 664/750/498
f 729/811/499 728/810/499 727/809/499
f 730/755/500 728/810/500 729/811/500
f 727/812/501 726/813/501 729/814/501
f 732/815/502 726/813/502 725/816/502
f 733/175/503 732/815/503 721/817/503
f 721/817/504 720/818/504 733/175/504
f 720/818/505 16/176/505 733/175/505
f 155/174/506 680/819/506 733/175/506
f 155/174/507 681/820/507 680/819/507
f 686/779/508 736/778/508 737/821/508
f 737/821/509 751/822/509 686/779/509
f 738/823/510 752/782/510 688/784/510
f 54/786/511 690/783/511 752/782/511
f 752/782/512 739/31/512 54/786/512
f 713/802/513 53/33/513 714/32/513
f 710/801/514 691/785/514 53/33/514
f 709/52/515 691/785/515 710/801/515
f 716/824/516 740/825/516 741/826/516
f 741/826/517 742/827/517 716/824/517
f 742/828/518 717/803/518 716/804/518
f 742/828/519 747/829/519 717/803/519
f 717/830/520 748/831/520 743/832/520
f 153/833/521 719/807/521 718/834/521
f 743/832/522 744/835/522 153/833/522
f 750/836/523 741/826/523 745/837/523
f 741/838/524 750/839/524 746/840/524
f 746/840/525 747/841/525 741/838/525
f 748/831/526 717/830/526 747/842/526
f 735/843/527 734/844/527 749/845/527
f 749/845/528 750/839/528 736/778/528
f 737/821/529 736/778/529 750/839/529
f 750/839/530 751/822/530 737/821/530
f 747/841/531 746/840/531 749/845/531
f 748/846/532 747/841/532 749/845/532
f 57/38/533 686/779/533 751/822/533
f 736/778/534 682/775/534 735/843/534
f 682/775/535 681/772/535 735/843/535
f 732/815/536 678/847/536 726/813/536
f 755/848/537 756/769/537 731/849/537
f 755/850/538 731/851/538 729/814/538
f 757/852/539 758/853/539 140/854/539
f 758/853/540 759/855/540 140/854/540
f 765/856/541 151/169/541 761/168/541
f 772/857/542 151/169/542 765/856/542
f 765/856/543 762/858/543 772/857/543
f 763/859/544 768/860/544 762/858/544
f 763/859/545 764/861/545 766/862/545
f 764/861/546 140/854/546 759/855/546
f 765/856/547 671/759/547 140/854/547
f 758/853/548 766/862/548 759/855/548
f 766/862/549 758/853/549 676/863/549
f 679/770/550 756/769/550 755/848/550
f 732/815/551 754/864/551 767/865/551
f 675/866/552 769/867/552 768/860/552
f 763/859/553 766/862/553 768/860/553
f 770/762/554 772/857/554 762/858/554
f 151/169/555 772/857/555 673/761/555
f 769/867/556 674/868/556 770/762/556
f 765/856/557 764/861/557 763/859/557
f 753/869/558 767/865/558 754/864/558
f 723/735/559 722/870/559 732/815/559
f 719/807/560 153/833/560 16/176/560
f 694/791/561 774/790/561 776/871/561
f 776/871/562 695/792/562 694/791/562
f 778/796/563 696/872/563 695/792/563
f 704/798/564 699/797/564 698/873/564
f 779/874/565 700/799/565 704/798/565
f 704/798/566 703/875/566 779/874/566
f 704/798/567 646/876/567 703/875/567
f 705/877/568 646/876/568 704/798/568
f 777/878/569 776/871/569 707/725/569
f 776/871/570 775/800/570 707/725/570
f 777/878/571 695/792/571 776/871/571
f 67/50/572 775/800/572 774/790/572
f 705/877/573 25/879/573 649/880/573
f 780/881/574 699/797/574 700/799/574
f 781/793/575 782/882/575 694/791/575
f 782/882/576 783/883/576 694/791/576
f 692/787/577 693/788/577 785/884/577
f 786/885/578 691/785/578 785/884/578
f 785/884/579 691/785/579 692/787/579
f 786/885/580 787/886/580 690/783/580
f 689/887/581 690/783/581 787/886/581
f 844/888/582 52/889/582 689/887/582
f 687/890/583 689/887/583 52/889/583
f 687/890/584 52/889/584 845/891/584
f 684/780/585 685/781/585 789/892/585
f 790/893/586 791/894/586 683/777/586
f 793/776/587 683/777/587 791/894/587
f 791/894/588 792/155/588 793/776/588
f 141/773/589 794/895/589 767/896/589
f 679/897/590 678/847/590 795/898/590
f 796/771/591 797/899/591 13/768/591
f 13/768/592 757/767/592 796/771/592
f 928/900/593 799/901/593 798/902/593
f 800/903/594 147/904/594 144/905/594
f 867/906/595 869/907/595 800/903/595
f 869/907/596 147/904/596 800/903/596
f 801/908/597 147/904/597 869/907/597
f 870/909/598 802/910/598 801/908/598
f 871/911/599 802/910/599 870/909/599
f 872/912/600 804/913/600 803/914/600
f 873/915/601 805/916/601 804/917/601
f 806/918/602 805/916/602 807/919/602
f 808/920/603 51/921/603 852/922/603
f 907/47/604 808/920/604 810/923/604
f 810/923/605 811/924/605 907/47/605
f 811/924/606 63/48/606 907/47/606
f 812/925/607 813/926/607 851/927/607
f 851/927/608 815/928/608 812/925/608
f 851/927/609 814/929/609 815/928/609
f 815/928/610 840/930/610 816/931/610
f 817/932/611 818/933/611 816/931/611
f 819/934/612 818/933/612 838/935/612
f 820/936/613 780/881/613 42/937/613
f 821/938/614 700/799/614 822/939/614
f 826/940/615 827/941/615 587/942/615
f 499/943/616 585/944/616 826/940/616
f 825/945/617 824/946/617 826/940/617
f 41/22/618 827/941/618 824/946/618
f 834/947/619 820/936/619 42/937/619
f 818/933/620 829/948/620 830/949/620
f 831/950/621 58/41/621 836/951/621
f 824/946/622 825/945/622 583/952/622
f 833/953/623 41/22/623 832/954/623
f 41/22/624 831/955/624 832/954/624
f 41/22/625 833/953/625 834/956/625
f 833/957/626 829/948/626 834/947/626
f 829/958/627 833/953/627 832/954/627
f 835/40/628 836/951/628 58/41/628
f 60/44/629 63/48/629 812/925/629
f 837/959/630 61/960/630 60/44/630
f 581/961/631 61/960/631 837/959/631
f 700/799/632 701/962/632 588/963/632
f 819/934/633 699/797/633 780/881/633
f 838/935/634 697/795/634 819/934/634
f 840/930/635 782/882/635 781/793/635
f 783/883/636 841/964/636 784/965/636
f 784/965/637 850/966/637 785/884/637
f 850/966/638 842/967/638 786/885/638
f 786/885/639 785/884/639 850/966/639
f 842/967/640 843/968/640 689/887/640
f 843/968/641 844/888/641 689/887/641
f 846/969/642 845/891/642 52/889/642
f 52/889/643 853/970/643 846/969/643
f 850/966/644 50/971/644 849/972/644
f 851/927/645 841/964/645 814/929/645
f 817/932/646 840/930/646 839/794/646
f 818/933/647 817/932/647 839/794/647
f 810/923/648 809/973/648 848/974/648
f 848/974/649 849/972/649 810/923/649
f 852/922/650 848/974/650 809/973/650
f 852/922/651 854/975/651 853/970/651
f 853/970/652 854/975/652 846/969/652
f 846/969/653 854/975/653 845/891/653
f 855/976/654 876/977/654 856/978/654
f 788/979/655 858/980/655 789/892/655
f 859/156/656 163/981/656 142/157/656
f 861/982/657 862/983/657 860/984/657
f 861/985/658 865/986/658 862/987/658
f 864/988/659 679/770/659 795/989/659
f 864/988/660 865/986/660 796/771/660
f 797/899/661 796/771/661 865/986/661
f 866/990/662 928/900/662 797/899/662
f 799/901/663 866/990/663 867/991/663
f 800/992/664 799/901/664 867/991/664
f 872/912/665 802/910/665 871/911/665
f 874/993/666 805/916/666 873/915/666
f 874/993/667 807/919/667 805/916/667
f 807/919/668 874/993/668 855/976/668
f 874/993/669 876/977/669 855/976/669
f 877/994/670 788/979/670 857/995/670
f 880/996/671 162/166/671 73/997/671
f 881/998/672 882/167/672 162/166/672
f 868/999/673 861/982/673 860/984/673
f 883/1000/674 866/1001/674 861/982/674
f 73/997/675 879/1002/675 880/996/675
f 873/1003/676 872/912/676 878/1004/676
f 874/993/677 857/1005/677 876/977/677
f 873/1003/678 877/994/678 857/995/678
f 799/901/679 928/900/679 866/990/679
f 858/980/680 73/997/680 859/156/680
f 788/979/681 72/1006/681 858/980/681
f 810/923/682 50/971/682 811/924/682
f 849/972/683 843/968/683 842/967/683
f 842/967/684 850/966/684 849/972/684
f 853/970/685 844/888/685 847/1007/685
f 887/1008/686 884/1009/686 885/1010/686
f 885/1010/687 886/62/687 887/1008/687
f 888/1011/688 889/1012/688 807/919/688
f 889/1012/689 890/1013/689 807/919/689
f 890/1013/690 806/918/690 807/919/690
f 146/1014/691 801/908/691 802/910/691
f 892/1015/692 147/904/692 146/1014/692
f 107/637/693 895/636/693 897/1016/693
f 896/1017/694 107/637/694 897/1016/694
f 896/1017/695 572/638/695 88/89/695
f 898/1018/696 574/642/696 573/639/696
f 902/1019/697 904/1020/697 494/1021/697
f 924/1022/698 905/43/698 904/1020/698
f 925/1023/699 60/44/699 905/43/699
f 907/47/700 906/46/700 66/1024/700
f 66/1024/701 65/1025/701 907/47/701
f 927/1026/702 55/1027/702 5/1028/702
f 914/36/703 915/1029/703 886/62/703
f 889/1012/704 888/1011/704 915/1029/704
f 889/1012/705 916/1030/705 890/1013/705
f 74/1031/706 891/57/706 917/1032/706
f 74/1031/707 917/1032/707 75/59/707
f 75/1033/708 917/1034/708 890/1013/708
f 890/1013/709 916/1030/709 75/1033/709
f 894/1035/710 71/58/710 74/1031/710
f 893/616/711 4/55/711 894/1035/711
f 74/1031/712 897/1016/712 894/1035/712
f 918/61/713 896/1017/713 897/1016/713
f 918/61/714 919/1036/714 896/1017/714
f 920/1037/715 574/642/715 898/1018/715
f 920/1037/716 921/1038/716 899/1039/716
f 922/1040/717 901/1041/717 900/1042/717
f 926/1043/718 923/1044/718 901/1041/718
f 923/1044/719 904/1020/719 902/1019/719
f 926/1043/720 924/1022/720 923/1044/720
f 922/1040/721 64/1045/721 908/1046/721
f 921/1047/722 909/1048/722 64/1045/722
f 909/1048/723 921/1047/723 910/1049/723
f 921/1047/724 911/63/724 910/1049/724
f 912/1050/725 77/1051/725 927/1026/725
f 918/61/726 77/1051/726 912/1050/726
f 919/1036/727 918/61/727 912/1050/727
f 889/1012/728 915/1029/728 916/1030/728
f 884/1009/729 909/1048/729 910/1049/729
f 909/1048/730 884/1009/730 65/1025/730
f 808/920/731 65/1025/731 884/1009/731
f 547/1052/732 800/992/732 144/159/732
f 929/1053/733 545/614/733 544/613/733
f 537/1054/734 20/226/734 201/225/734
f 537/1054/735 536/1055/735 20/226/735
f 536/1056/736 930/1057/736 20/1058/736
f 535/606/737 533/1059/737 930/1057/737
f 533/1059/738 186/211/738 930/1057/738
f 930/1057/739 536/1056/739 535/606/739
f 184/212/740 186/211/740 533/1059/740
f 537/608/741 182/607/741 536/1056/741
f 593/9/742 932/1060/742 33/10/742
f 593/9/743 641/1061/743 932/1060/743
f 593/9/744 642/1062/744 641/1061/744
f 593/9/745 591/656/745 931/655/745
f 29/1/746 28/3/746 936/1063/746
f 933/1064/747 934/1065/747 29/1/747
f 934/1065/748 636/712/748 48/2/748
f 29/1/749 932/1066/749 639/1067/749
f 29/1/750 936/1063/750 932/1066/750
f 645/717/751 931/655/751 643/718/751
f 48/2/752 49/710/752 1359/1068/752
f 48/1069/753 1359/1070/753 28/1071/753
f 35/1072/754 34/11/754 938/1073/754
f 940/1074/755 942/1075/755 939/1076/755
f 941/1077/756 2/1078/756 940/1074/756
f 940/1074/757 2/1078/757 942/1075/757
f 943/1079/758 511/1080/758 39/20/758
f 1001/1081/759 944/662/759 594/661/759
f 204/1082/760 1005/241/760 950/240/760
f 216/1083/761 952/1084/761 950/1085/761
f 953/1086/762 956/1087/762 951/1088/762
f 956/1089/763 950/240/763 951/1090/763
f 956/1091/764 215/1092/764 954/1093/764
f 957/666/765 422/667/765 215/1092/765
f 957/666/766 601/668/766 600/496/766
f 955/1094/767 215/1092/767 956/1091/767
f 955/1094/768 957/666/768 215/1092/768
f 958/1095/769 222/262/769 608/674/769
f 959/673/770 231/264/770 609/675/770
f 960/676/771 1012/1096/771 961/677/771
f 1017/1097/772 1018/1098/772 964/683/772
f 1018/1098/773 526/597/773 964/683/773
f 965/188/774 966/686/774 615/685/774
f 616/687/775 966/686/775 967/1099/775
f 617/1100/776 183/209/776 968/1101/776
f 1345/1102/777 1346/1103/777 618/1104/777
f 619/742/778 1346/1105/778 620/1106/778
f 969/1107/779 187/213/779 970/1108/779
f 187/213/780 621/215/780 970/1108/780
f 187/213/781 971/1109/781 972/214/781
f 975/1110/782 978/1111/782 977/1112/782
f 1369/1113/783 984/1114/783 983/1115/783
f 981/1116/784 985/1117/784 196/1118/784
f 989/1119/785 988/1120/785 987/1121/785
f 989/1119/786 990/1122/786 988/1120/786
f 990/1123/787 992/1124/787 43/1125/787
f 43/1125/788 992/1124/788 1033/1126/788
f 43/1125/789 993/1127/789 1349/1128/789
f 26/1129/790 1349/1128/790 993/1127/790
f 993/1127/791 43/1125/791 1033/1126/791
f 994/1130/792 26/1129/792 1033/1126/792
f 997/1131/793 938/1073/793 995/1132/793
f 998/1133/794 35/1072/794 997/1131/794
f 998/1133/795 999/1134/795 35/1072/795
f 941/1077/796 1039/1135/796 37/1136/796
f 37/1137/797 942/19/797 2/1138/797
f 37/1137/798 32/1139/798 942/19/798
f 943/1079/799 942/19/799 32/1139/799
f 1003/1140/800 946/1141/800 945/1142/800
f 1004/1143/801 205/1144/801 948/1145/801
f 1006/1146/802 1007/1147/802 1005/241/802
f 958/1095/803 1010/250/803 222/262/803
f 222/262/804 1112/1148/804 1011/263/804
f 1065/1149/805 231/264/805 1011/263/805
f 231/264/806 1012/1096/806 960/676/806
f 1013/1150/807 961/677/807 1012/1096/807
f 1014/1151/808 961/1152/808 1013/1153/808
f 962/680/809 1014/1151/809 240/1154/809
f 962/680/810 1015/1155/810 963/681/810
f 963/681/811 1015/1155/811 1016/1156/811
f 17/186/812 965/188/812 614/684/812
f 18/187/813 966/686/813 965/188/813
f 18/187/814 1019/1157/814 966/686/814
f 176/1158/815 968/1101/815 967/1099/815
f 176/1158/816 175/1159/816 617/1100/816
f 1077/1160/817 1078/1161/817 1021/1162/817
f 1023/1163/818 181/1164/818 973/1165/818
f 1026/1166/819 1024/1167/819 1025/1168/819
f 1081/1169/820 1083/150/820 132/149/820
f 115/121/821 135/151/821 1028/1170/821
f 1028/1170/822 1091/1171/822 115/121/822
f 115/121/823 1091/1171/823 1029/122/823
f 1029/122/824 1030/1172/824 134/120/824
f 1030/1172/825 11/152/825 134/120/825
f 44/1173/826 991/118/826 1031/1174/826
f 1031/1174/827 991/118/827 1093/117/827
f 1032/1175/828 136/1176/828 44/1177/828
f 1032/1175/829 992/1124/829 136/1176/829
f 996/1178/830 997/1131/830 994/1130/830
f 998/1133/831 997/1131/831 1035/1179/831
f 998/1133/832 1035/1179/832 999/1134/832
f 1035/1180/833 1037/1181/833 999/1182/833
f 1037/1181/834 1038/1183/834 941/1184/834
f 31/7/835 37/1136/835 1039/1135/835
f 1043/1185/836 1044/1186/836 1045/1187/836
f 1046/1188/837 1042/1189/837 1043/1185/837
f 1046/1188/838 1043/1185/838 47/1190/838
f 47/1190/839 1047/1191/839 1046/1188/839
f 1049/1192/840 1048/13/840 1100/1193/840
f 1105/1194/841 1003/1140/841 1002/1195/841
f 1004/1143/842 947/664/842 1055/1196/842
f 1055/1196/843 205/1144/843 1004/1143/843
f 1056/1197/844 205/1144/844 1055/1196/844
f 1057/1198/845 1058/1199/845 206/1200/845
f 223/252/846 1009/251/846 1007/1201/846
f 223/1202/847 1006/1146/847 1061/1203/847
f 1112/1148/848 222/262/848 1063/1204/848
f 1112/1148/849 1064/1205/849 1011/263/849
f 1065/1149/850 1011/263/850 1064/1205/850
f 1064/1205/851 1066/268/851 1065/1149/851
f 1068/1206/852 1067/269/852 236/1207/852
f 1069/1208/853 1343/1209/853 1068/1206/853
f 1069/1208/854 1070/1210/854 1343/1209/854
f 17/186/855 164/189/855 18/187/855
f 1076/1211/856 1019/1157/856 1074/1212/856
f 1076/1211/857 176/1158/857 1019/1157/857
f 1074/1212/858 1075/1213/858 1076/1211/858
f 1023/1163/859 1021/1162/859 1078/1161/859
f 19/203/860 1023/1163/860 1078/1161/860
f 19/203/861 174/204/861 181/1164/861
f 181/1164/862 1023/1163/862 19/203/862
f 174/204/863 1079/1214/863 181/1164/863
f 1081/1215/864 1026/1166/864 1025/1168/864
f 1084/1216/865 1027/127/865 1137/1217/865
f 1085/134/866 117/126/866 1084/1216/866
f 1085/1218/867 124/1219/867 10/1220/867
f 124/1219/868 1086/1221/868 10/1220/868
f 1087/1222/869 10/1220/869 1086/1221/869
f 1089/123/870 116/125/870 1088/1223/870
f 1088/1223/871 1090/1224/871 1089/123/871
f 1091/1171/872 1089/123/872 1090/1224/872
f 1144/1225/873 1029/122/873 1091/1171/873
f 1093/117/874 1143/1226/874 1031/1174/874
f 1031/1174/875 1143/1226/875 1094/1227/875
f 1045/1187/876 45/28/876 1043/1185/876
f 1097/1228/877 1098/1229/877 1096/1230/877
f 1099/1231/878 1100/1193/878 1048/13/878
f 1050/8/879 1101/1232/879 1102/1233/879
f 1103/1234/880 1105/1235/880 1052/1236/880
f 1053/1237/881 1052/1236/881 1105/1235/881
f 1104/1238/882 1106/1239/882 1105/1235/882
f 1105/1235/883 1106/1239/883 1003/1240/883
f 1054/1241/884 1003/1140/884 1106/1242/884
f 1107/1243/885 1057/1198/885 1104/1238/885
f 1108/1244/886 1059/1245/886 1057/1198/886
f 1111/1246/887 1112/1148/887 1063/1204/887
f 1111/1246/888 1116/1247/888 1112/1148/888
f 1115/1248/889 1113/1249/889 1112/1148/889
f 1064/1205/890 1112/1148/890 1114/1250/890
f 1114/1250/891 1066/268/891 1064/1205/891
f 1114/1250/892 21/1251/892 1066/268/892
f 21/1251/893 236/1207/893 1066/268/893
f 1117/1252/894 1118/1253/894 21/1251/894
f 1117/1252/895 1113/1249/895 1115/1248/895
f 1198/1254/896 1119/1255/896 1118/1253/896
f 1121/1256/897 1118/1253/897 1119/1255/897
f 1121/1256/898 1119/1255/898 1120/1257/898
f 1122/1258/899 1121/1256/899 1120/1257/899
f 1127/190/900 164/189/900 1126/1259/900
f 1126/1260/901 1123/1261/901 1125/1262/901
f 1123/1261/902 1069/1208/902 1122/1258/902
f 1121/1256/903 1122/1258/903 1069/1208/903
f 1121/1256/904 1068/1206/904 236/1207/904
f 1069/1208/905 1068/1206/905 1121/1256/905
f 1128/1263/906 1072/1264/906 1127/190/906
f 1075/1265/907 1341/1266/907 1076/1267/907
f 1076/1267/908 1341/1266/908 1130/1268/908
f 1133/1269/909 1135/1270/909 1134/202/909
f 1136/1271/910 1080/1272/910 1134/202/910
f 1335/1273/911 195/1274/911 1136/1271/911
f 195/1274/912 1335/1273/912 1082/1275/912
f 1082/1275/913 1081/1215/913 195/1274/913
f 1139/1276/914 1085/134/914 1084/1216/914
f 1084/1216/915 1137/1217/915 1139/1276/915
f 1214/1277/916 1215/1278/916 1085/1218/916
f 1085/1218/917 1139/1279/917 1214/1277/917
f 124/1219/918 1085/1218/918 1215/1278/918
f 124/1219/919 1216/1280/919 1086/1221/919
f 1216/1280/920 1217/1281/920 1086/1221/920
f 1087/1222/921 1086/1221/921 1141/1282/921
f 116/125/922 1141/1283/922 1142/1284/922
f 1142/1284/923 1220/1285/923 1088/1223/923
f 1088/1223/924 116/125/924 1142/1284/924
f 1088/1223/925 1220/1285/925 1221/1286/925
f 118/1287/926 1144/1225/926 1092/1288/926
f 1225/1289/927 1095/29/927 1094/1290/927
f 1094/1290/928 1143/1291/928 1225/1289/928
f 1225/1289/929 1146/1292/929 1095/29/929
f 1146/1292/930 1147/1293/930 1095/29/930
f 1148/1294/931 1096/1230/931 46/30/931
f 1151/1295/932 1229/1296/932 1101/1232/932
f 1229/1296/933 1152/1297/933 1102/1233/933
f 1102/1233/934 1101/1232/934 1229/1296/934
f 1154/1298/935 1104/1238/935 1105/1235/935
f 1231/1299/936 1107/1243/936 1154/1298/936
f 1155/1300/937 1156/239/937 207/238/937
f 207/238/938 1107/1243/938 1155/1300/938
f 1234/1301/939 1157/1302/939 1156/1303/939
f 1157/1304/940 1238/237/940 1156/239/940
f 1193/1305/941 1192/1306/941 1238/237/941
f 1192/1306/942 1158/1307/942 208/1308/942
f 1158/1307/943 1108/1244/943 208/1308/943
f 1158/1307/944 1109/1309/944 1108/1244/944
f 1159/1310/945 232/1311/945 1160/1312/945
f 1161/1313/946 1117/1252/946 1160/1312/946
f 1161/1313/947 1175/1314/947 1162/1315/947
f 1198/1316/948 1162/1317/948 1175/1318/948
f 1169/1319/949 1168/1320/949 1170/1321/949
f 1170/1321/950 1171/1322/950 1169/1319/950
f 1181/1323/951 1172/1324/951 1170/1325/951
f 1110/1326/952 1158/1307/952 1172/1324/952
f 1182/1327/953 232/1311/953 1159/1310/953
f 1174/1328/954 1183/1329/954 1175/1318/954
f 1176/1330/955 1184/1331/955 1163/1332/955
f 1184/1331/956 1164/1333/956 1163/1332/956
f 1180/1334/957 1170/1321/957 1168/1320/957
f 1183/1329/958 1174/1328/958 1189/1335/958
f 1189/1335/959 1187/1336/959 1183/1329/959
f 1183/1329/960 1184/1331/960 1176/1330/960
f 1187/1336/961 1188/1337/961 1186/1338/961
f 1188/1337/962 1189/1335/962 1190/1339/962
f 1189/1335/963 1182/1340/963 1190/1339/963
f 1189/1335/964 232/1341/964 1182/1340/964
f 1186/1338/965 1185/1342/965 1187/1336/965
f 1190/1343/966 1182/1327/966 1173/1344/966
f 1181/1345/967 1191/1346/967 1188/1337/967
f 1188/1337/968 1190/1339/968 1181/1345/968
f 1191/1346/969 1180/1334/969 1188/1337/969
f 1180/1334/970 1179/1347/970 1186/1338/970
f 227/1348/971 1186/1338/971 1179/1347/971
f 1184/1331/972 1185/1342/972 227/1348/972
f 1171/1349/973 1237/1350/973 1194/1351/973
f 1194/1352/974 1169/1319/974 1171/1322/974
f 1195/1353/975 1166/1354/975 1167/1355/975
f 1240/1356/976 1241/1357/976 1165/1358/976
f 1163/1332/977 1164/1333/977 12/1359/977
f 1197/1360/978 1163/1332/978 1196/1361/978
f 1197/1362/979 1199/1363/979 1198/1254/979
f 1199/1363/980 1211/1364/980 1119/1255/980
f 1209/221/981 167/193/981 1200/192/981
f 167/193/982 1209/221/982 1330/1365/982
f 1329/1366/983 1330/1365/983 1202/220/983
f 1203/1367/984 121/1368/984 194/1369/984
f 1210/1370/985 1207/1371/985 1206/1372/985
f 1207/1371/986 1208/1373/986 1199/1363/986
f 1207/1371/987 193/219/987 1208/1373/987
f 1209/221/988 1202/220/988 1330/1365/988
f 1210/1370/989 1205/1374/989 1203/1367/989
f 1200/192/990 1211/1364/990 1208/1373/990
f 1211/1364/991 1124/1375/991 1120/1257/991
f 1205/1374/992 12/1376/992 1204/1377/992
f 119/130/993 1324/1378/993 1213/1379/993
f 1324/1378/994 1214/1277/994 1213/1379/994
f 1217/1281/995 1216/1280/995 1269/1380/995
f 1217/1281/996 1218/1381/996 1142/1382/996
f 1220/1285/997 1142/1284/997 1219/1383/997
f 1090/1224/998 1221/1286/998 1222/1384/998
f 1222/1384/999 1223/1385/999 1092/1288/999
f 118/1287/1000 1224/1386/1000 1144/1225/1000
f 1224/1387/1001 1225/1289/1001 1143/1291/1001
f 1146/1292/1002 1281/1388/1002 1282/1389/1002
f 1282/1389/1003 1147/1293/1003 1146/1292/1003
f 1284/1390/1004 1097/1228/1004 1283/1391/1004
f 1284/1392/1005 1226/1393/1005 1149/1394/1005
f 1227/1395/1006 1149/1396/1006 1226/1397/1006
f 1229/1296/1007 1151/1295/1007 1228/1398/1007
f 1230/1399/1008 1152/1297/1008 1229/1296/1008
f 1232/1400/1009 1231/1299/1009 1153/1401/1009
f 1236/1402/1010 1237/271/1010 1238/1403/1010
f 1237/271/1011 239/273/1011 1194/1404/1011
f 1195/1353/1012 1194/1352/1012 1239/1405/1012
f 137/1406/1013 1165/1358/1013 1243/1407/1013
f 137/1406/1014 1164/1333/1014 1165/1358/1014
f 137/1406/1015 12/1359/1015 1164/1333/1015
f 137/1408/1016 1204/132/1016 12/1409/1016
f 1262/1410/1017 1242/153/1017 1243/1411/1017
f 1241/1357/1018 1260/1412/1018 1244/1413/1018
f 1260/1412/1019 1241/1357/1019 1245/1414/1019
f 1239/1415/1020 1247/1416/1020 1246/1417/1020
f 1248/272/1021 1247/1416/1021 1239/1415/1021
f 1239/1415/1022 239/273/1022 1248/272/1022
f 1250/1418/1023 1248/272/1023 1236/1402/1023
f 1248/272/1024 1237/271/1024 1236/1402/1024
f 1236/1402/1025 1235/1419/1025 1250/1418/1025
f 1235/1419/1026 1252/1420/1026 1258/1421/1026
f 1252/1420/1027 1235/1419/1027 1234/1301/1027
f 1254/1422/1028 1233/1423/1028 1253/1424/1028
f 1253/1424/1029 1232/1425/1029 1230/1426/1029
f 1227/1427/1030 1256/1428/1030 1228/1429/1030
f 129/1430/1031 1291/1431/1031 1256/1428/1031
f 1257/1432/1032 1252/1420/1032 1254/1422/1032
f 1295/1433/1033 1259/1434/1033 1247/1416/1033
f 1247/1416/1034 1249/146/1034 1295/1433/1034
f 1247/1416/1035 1260/1435/1035 1246/1417/1035
f 1260/1435/1036 1245/1436/1036 1246/1417/1036
f 1262/1410/1037 1263/1437/1037 1264/1438/1037
f 1264/1438/1038 1242/153/1038 1262/1410/1038
f 138/154/1039 1242/153/1039 1264/1438/1039
f 1264/1438/1040 1265/1439/1040 138/154/1040
f 1326/1440/1041 138/154/1041 1265/1439/1041
f 1267/1441/1042 1326/1440/1042 1265/1439/1042
f 1266/1442/1043 1216/1280/1043 1325/129/1043
f 1269/1380/1044 1266/1442/1044 1268/1443/1044
f 1315/1444/1045 1218/1381/1045 1269/1380/1045
f 1218/1381/1046 1315/1444/1046 1270/143/1046
f 1316/1445/1047 1271/1446/1047 1270/143/1047
f 1316/1445/1048 1318/1447/1048 1271/1446/1048
f 1273/135/1049 1274/139/1049 127/136/1049
f 1273/135/1050 1299/1448/1050 1274/139/1050
f 1299/1448/1051 1300/1449/1051 1274/139/1051
f 1300/1449/1052 1301/1450/1052 1277/1451/1052
f 1276/1452/1053 1277/1451/1053 1301/1450/1053
f 1301/1450/1054 123/1453/1054 1276/1452/1054
f 1275/1454/1055 1223/1455/1055 123/1456/1055
f 123/1453/1056 1223/1385/1056 1276/1452/1056
f 1220/1285/1057 1219/1383/1057 1278/140/1057
f 1279/1457/1058 1145/1458/1058 1275/1454/1058
f 1279/1457/1059 1280/1459/1059 1145/1458/1059
f 1285/1460/1060 1226/1393/1060 1284/1392/1060
f 1226/1461/1061 108/112/1061 129/1430/1061
f 129/1430/1062 1227/1427/1062 1226/1461/1062
f 1288/1462/1063 109/111/1063 1286/113/1063
f 109/111/1064 1289/1463/1064 129/1430/1064
f 1292/1464/1065 1257/1432/1065 1291/1431/1065
f 1294/1465/1066 1292/1464/1066 1293/1466/1066
f 1293/1466/1067 1296/1467/1067 113/1468/1067
f 1293/1466/1068 130/145/1068 1294/1465/1068
f 1290/1469/1069 1289/1463/1069 1297/1470/1069
f 8/114/1070 1296/1467/1070 111/115/1070
f 1288/1471/1071 1298/1472/1071 111/1473/1071
f 1298/1472/1072 1287/1474/1072 1299/1448/1072
f 1287/1474/1073 1307/1475/1073 1299/1448/1073
f 1307/1475/1074 1305/1476/1074 1299/1448/1074
f 1305/1476/1075 1304/1477/1075 1300/1449/1075
f 1303/1478/1076 1275/1454/1076 123/1456/1076
f 1303/1478/1077 1302/1479/1077 1281/1388/1077
f 1302/1479/1078 1282/1389/1078 1281/1388/1078
f 1282/1480/1079 1304/1477/1079 1283/1481/1079
f 1304/1477/1080 1305/1476/1080 1283/1481/1080
f 1286/1482/1081 1306/1483/1081 1307/1475/1081
f 1304/1477/1082 1282/1480/1082 1301/1450/1082
f 1282/1389/1083 1302/1479/1083 1301/1484/1083
f 1273/135/1084 1272/1485/1084 1308/1486/1084
f 1308/1486/1085 1298/1472/1085 1273/135/1085
f 1272/1485/1086 126/1487/1086 125/1488/1086
f 1309/1489/1087 125/1490/1087 126/1491/1087
f 1309/1489/1088 1320/1492/1088 112/1493/1088
f 112/1493/1089 125/1490/1089 1309/1489/1089
f 112/1493/1090 114/1494/1090 8/114/1090
f 112/1493/1091 1320/1492/1091 1310/1495/1091
f 113/1468/1092 114/1494/1092 1310/1495/1092
f 1259/1434/1093 1295/1433/1093 1311/1496/1093
f 1259/1434/1094 1261/1497/1094 1260/1435/1094
f 1260/1435/1095 1247/1416/1095 1259/1434/1095
f 1321/1498/1096 1263/1499/1096 1244/1500/1096
f 1312/1501/1097 1264/1438/1097 1263/1437/1097
f 1312/1501/1098 1313/1502/1098 1264/1438/1098
f 1267/1441/1099 1265/1439/1099 1313/1502/1099
f 1315/1444/1100 1269/1380/1100 1268/1443/1100
f 1317/1503/1101 1318/1447/1101 1316/1445/1101
f 1319/1504/1102 1309/1505/1102 1317/1503/1102
f 1319/1506/1103 1323/1507/1103 1309/1489/1103
f 1321/1498/1104 1310/1495/1104 1320/1492/1104
f 1311/1496/1105 1321/1498/1105 1261/1497/1105
f 1321/1498/1106 1323/1507/1106 1263/1499/1106
f 1322/1508/1107 1319/1504/1107 122/1509/1107
f 122/1509/1108 1319/1504/1108 1316/1445/1108
f 1323/1507/1109 1319/1506/1109 1322/1510/1109
f 1323/1507/1110 1321/1498/1110 1320/1492/1110
f 1313/1502/1111 1312/1501/1111 122/1509/1111
f 126/1511/1112 1271/1446/1112 1318/1447/1112
f 1289/1463/1113 109/111/1113 1297/1470/1113
f 1324/1378/1114 1325/129/1114 1216/1280/1114
f 1325/129/1115 120/128/1115 1326/1440/1115
f 1216/1280/1116 1215/1278/1116 1324/1378/1116
f 1255/1512/1117 1257/1432/1117 1253/1424/1117
f 1253/1424/1118 1257/1432/1118 1254/1422/1118
f 1244/1413/1119 1243/1407/1119 1241/1357/1119
f 1139/1279/1120 1140/1513/1120 1214/1277/1120
f 1214/1277/1121 1140/1513/1121 1327/1514/1121
f 1327/1515/1122 1328/1516/1122 1212/222/1122
f 1328/1516/1123 1329/223/1123 1212/222/1123
f 1329/223/1124 1331/1517/1124 1330/1518/1124
f 1331/1519/1125 167/193/1125 1330/1365/1125
f 1331/1519/1126 166/191/1126 167/193/1126
f 1331/1517/1127 1329/223/1127 1332/1520/1127
f 1327/1515/1128 1140/1521/1128 1334/1522/1128
f 1140/1513/1129 1139/1279/1129 1334/1523/1129
f 1133/1269/1130 1132/1524/1130 1336/1525/1130
f 1336/1525/1131 169/1526/1131 1133/1269/1131
f 170/1527/1132 1339/1528/1132 1340/1529/1132
f 1340/1530/1133 165/1531/1133 166/1532/1133
f 1128/1263/1134 165/1531/1134 1339/1533/1134
f 1339/1533/1135 1075/1213/1135 1129/1534/1135
f 1339/1528/1136 1341/1266/1136 1075/1265/1136
f 1342/1535/1137 1132/1524/1137 1131/201/1137
f 1342/1535/1138 171/1536/1138 1337/1537/1138
f 1338/1538/1139 1337/1537/1139 170/1527/1139
f 171/1536/1140 1339/1528/1140 170/1527/1140
f 171/1536/1141 1341/1266/1141 1339/1528/1141
f 1075/1213/1142 1073/1539/1142 1129/1534/1142
f 1129/1534/1143 1128/1263/1143 1339/1533/1143
f 1133/1269/1144 1335/1273/1144 1135/1270/1144
f 1335/1273/1145 1136/1271/1145 1135/1270/1145
f 1334/1522/1146 1137/1540/1146 1335/1273/1146
f 1138/1541/1147 1137/1540/1147 1334/1522/1147
f 1133/1269/1148 169/1526/1148 1333/1542/1148
f 1119/1255/1149 1198/1254/1149 1199/1363/1149
f 1080/1272/1150 1136/1271/1150 195/1274/1150
f 1080/1272/1151 1079/1214/1151 174/204/1151
f 174/204/1152 1134/202/1152 1080/1272/1152
f 1074/1212/1153 1073/1539/1153 1075/1213/1153
f 18/187/1154 1127/190/1154 1072/1264/1154
f 1089/123/1155 1091/1171/1155 1028/1170/1155
f 1089/123/1156 1028/1170/1156 135/151/1156
f 17/186/1157 1018/1543/1157 164/189/1157
f 1018/1098/1158 1017/1097/1158 164/1544/1158
f 164/1544/1159 1017/1097/1159 1071/1545/1159
f 1344/1546/1160 1067/269/1160 1068/1206/1160
f 1070/1547/1161 1016/1156/1161 1015/1155/1161
f 1015/1155/1162 240/1154/1162 23/1548/1162
f 1065/1149/1163 235/270/1163 1012/1096/1163
f 1034/1549/1164 997/1131/1164 996/1178/1164
f 1036/1550/1165 997/1131/1165 1034/1549/1165
f 135/151/1166 1027/127/1166 1089/123/1166
f 132/149/1167 133/148/1167 980/1551/1167
f 973/1165/1168 179/1552/1168 1022/1553/1168
f 1022/1553/1169 178/1554/1169 177/207/1169
f 178/1554/1170 971/1109/1170 1345/1102/1170
f 1346/1103/1171 1345/1102/1171 971/1109/1171
f 971/1109/1172 178/1554/1172 179/1552/1172
f 1348/1555/1173 1349/1128/1173 27/1556/1173
f 1347/1557/1174 935/1558/1174 1348/1555/1174
f 937/1559/1175 935/1558/1175 1347/1557/1175
f 1358/1560/1176 1357/1561/1176 1348/1555/1176
f 1348/1555/1177 1363/1562/1177 1349/1128/1177
f 1349/1128/1178 1350/1563/1178 43/1125/1178
f 986/1564/1179 987/1121/1179 988/1120/1179
f 986/1564/1180 1351/1565/1180 1352/1566/1180
f 1353/1567/1181 1354/1568/1181 1352/1569/1181
f 627/1570/1182 1355/1571/1182 1356/699/1182
f 1357/1561/1183 6/700/1183 1356/699/1183
f 1357/1561/1184 1358/1560/1184 1361/1572/1184
f 935/1558/1185 1359/1070/1185 1358/1560/1185
f 1361/1572/1186 1360/706/1186 632/730/1186
f 6/700/1187 1357/1561/1187 1361/1572/1187
f 631/704/1188 6/700/1188 1361/1572/1188
f 1363/1562/1189 1357/1561/1189 1362/1573/1189
f 1349/1128/1190 1363/1562/1190 1364/1574/1190
f 131/1575/1191 1366/1576/1191 1353/1577/1191
f 1365/1578/1192 1366/1576/1192 131/1575/1192
f 1355/1571/1193 1365/1578/1193 1364/1574/1193
f 1364/1574/1194 1362/1573/1194 1355/1571/1194
f 1352/1566/1195 1351/1565/1195 1353/1579/1195
f 977/1112/1196 978/1111/1196 196/1580/1196
f 977/1112/1197 152/697/1197 1367/1581/1197
f 1367/1581/1198 975/1110/1198 977/1112/1198
f 1368/1582/1199 157/1583/1199 621/215/1199
f 621/215/1200 972/214/1200 1368/1582/1200
f 1368/1584/1201 622/694/1201 157/178/1201
f 623/692/1202 622/694/1202 1368/1584/1202
f 625/695/1203 152/697/1203 977/1112/1203
f 989/1119/1204 987/1121/1204 984/1114/1204
f 133/148/1205 11/152/1205 983/1115/1205
f 983/1115/1206 982/1585/1206 133/148/1206
f 982/1585/1207 980/1551/1207 133/148/1207
f 973/1165/1208 181/1164/1208 180/1586/1208
f 631/704/1209 630/702/1209 6/700/1209
f 629/806/1210 15/696/1210 1354/1568/1210
f 581/961/1211 62/45/1211 61/960/1211
f 489/1587/1212 7/645/1212 578/650/1212
f 489/1587/1213 488/550/1213 7/645/1213
f 544/613/1214 677/612/1214 150/765/1214
f 450/512/1215 448/1588/1215 538/1589/1215
f 1372/604/1216 534/605/1216 1371/507/1216
f 1371/507/1217 173/1590/1217 1372/604/1217
f 1374/1591/1218 531/603/1218 1373/602/1218
f 530/1592/1219 531/603/1219 1375/1593/1219
f 1373/602/1220 173/1590/1220 1377/1594/1220
f 1378/1595/1221 1373/602/1221 1377/1594/1221
f 1375/1593/1222 1373/602/1222 1378/1595/1222
f 443/506/1223 1378/1595/1223 1377/1594/1223
f 441/1596/1224 440/194/1224 443/506/1224
f 440/1597/1225 439/1598/1225 1380/1599/1225
f 1374/1591/1226 1373/602/1226 1375/1593/1226
f 1371/507/1227 534/605/1227 446/508/1227
f 534/605/1228 1370/1600/1228 446/508/1228
f 182/607/1229 538/609/1229 1370/1600/1229
f 1381/1601/1230 1383/258/1230 522/257/1230
f 1381/1601/1231 1382/498/1231 1383/258/1231
f 230/499/1232 1382/498/1232 1381/1601/1232
f 472/1602/1233 462/172/1233 460/524/1233
f 1384/171/1234 1385/527/1234 149/163/1234
f 1390/1603/1235 447/1604/1235 448/1605/1235
f 1401/1606/1236 1400/1607/1236 103/107/1236
f 1400/1608/1237 1392/1609/1237 103/1610/1237
f 103/107/1238 446/1611/1238 447/1604/1238
f 1392/1609/1239 1393/199/1239 172/198/1239
f 1393/199/1240 1397/424/1240 366/423/1240
f 202/1612/1241 367/425/1241 1397/424/1241
f 101/102/1242 202/228/1242 1394/1613/1242
f 1395/1614/1243 1394/1615/1243 1402/1616/1243
f 1397/424/1244 377/441/1244 1396/1617/1244
f 1399/1618/1245 1398/1619/1245 1400/1608/1245
f 1400/1607/1246 380/445/1246 1399/444/1246
f 380/445/1247 1400/1607/1247 1401/1606/1247
f 1401/1606/1248 382/106/1248 380/445/1248
f 1402/1616/1249 1396/1617/1249 377/441/1249
f 376/1620/1250 1395/1621/1250 1402/1622/1250
f 1395/1621/1251 376/1620/1251 375/1623/1251
f 382/106/1252 385/447/1252 384/449/1252
f 1391/105/1253 1390/1603/1253 385/447/1253
f 442/1624/1254 1404/418/1254 441/1625/1254
f 1403/1626/1255 362/427/1255 442/1624/1255
f 387/1627/1256 470/453/1256 326/1628/1256
f 323/364/1257 386/363/1257 324/1629/1257
f 386/363/1258 104/448/1258 468/451/1258
f 361/416/1259 360/413/1259 190/218/1259
f 331/373/1260 395/376/1260 336/459/1260
f 330/365/1261 383/446/1261 104/448/1261
f 381/372/1262 383/446/1262 330/365/1262
f 315/266/1263 188/430/1263 189/435/1263
f 224/346/1264 308/408/1264 310/349/1264
f 310/349/1265 263/316/1265 224/346/1265
f 265/297/1266 280/317/1266 244/275/1266
f 1407/295/1267 246/1630/1267 245/1631/1267
f 217/1632/1268 264/296/1268 1407/295/1268
f 930/1057/1269 186/211/1269 185/1633/1269
f 73/997/1270 162/166/1270 859/156/1270
f 396/85/1271 85/1634/1271 320/86/1271
f 26/1129/1272 994/1130/1272 27/1556/1272
f 431/503/1273 433/1635/1273 233/1636/1273
f 1295/1433/1274 113/1468/1274 1310/1495/1274
f 25/879/1275 650/722/1275 649/880/1275
f 45/28/1276 1045/1187/1276 44/1637/1276 1094/1290/1276
f 995/1132/1277 33/10/1277 937/1559/1277
f 1001/1081/1278 1000/1638/1278 31/1639/1278
f 31/7/1279 1049/1192/1279 1050/8/1279
f 31/7/1280 1039/1135/1280 1049/1192/1280
f 39/20/1281 511/1080/1281 1/659/1281
f 2/1078/1282 941/1077/1282 37/1136/1282
f 3/27/1283 412/487/1283 413/25/1283
f 925/1023/1284 906/46/1284 63/48/1284 60/44/1284
f 46/30/1285 1095/29/1285 1148/1294/1285
f 46/30/1286 1096/1230/1286 1047/1191/1286
f 46/30/1287 47/1190/1287 45/28/1287
f 48/2/1288 29/1/1288 934/1065/1288
f 884/1009/1289 56/1640/1289 51/921/1289
f 739/31/1290 53/33/1290 54/786/1290
f 59/42/1291 837/959/1291 835/40/1291
f 62/45/1292 60/44/1292 61/960/1292
f 494/1641/1293 94/1642/1293 349/390/1293 405/654/1293
f 4/55/1294 893/616/1294 69/53/1294
f 4/55/1295 71/58/1295 894/1035/1295
f 72/1006/1296 879/1002/1296 73/997/1296
f 5/34/1297 914/36/1297 886/62/1297
f 913/1643/1298 55/1027/1298 77/1051/1298
f 299/65/1299 274/307/1299 79/66/1299
f 344/72/1300 490/74/1300 345/464/1300
f 344/72/1301 298/339/1301 83/338/1301
f 87/87/1302 563/633/1302 564/88/1302
f 336/459/1303 395/376/1303 479/460/1303
f 378/360/1304 90/377/1304 334/361/1304
f 331/373/1305 333/1644/1305 91/374/1305
f 100/104/1306 1395/103/1306 99/1645/1306 373/434/1306
f 99/1645/1307 98/1646/1307 373/434/1307
f 335/378/1308 322/442/1308 102/371/1308 329/370/1308
f 578/650/1309 7/645/1309 575/647/1309 576/649/1309
f 105/532/1310 472/1602/1310 474/533/1310
f 106/110/1311 549/109/1311 458/618/1311
f 1315/1444/1312 1314/1647/1312 122/1509/1312 1316/1445/1312
f 109/111/1313 129/1430/1313 110/1648/1313
f 8/114/1314 1308/116/1314 112/1493/1314
f 8/114/1315 113/1468/1315 1296/1467/1315
f 9/119/1316 991/118/1316 989/1119/1316
f 1204/132/1317 138/154/1317 120/128/1317
f 1263/1499/1318 1323/1507/1318 1322/1510/1318
f 618/1104/1319 659/1649/1319 183/1650/1319 617/1651/1319
f 1303/1478/1320 123/1456/1320 1302/1479/1320
f 1271/137/1321 126/1487/1321 1272/1485/1321
f 11/152/1322 115/121/1322 134/120/1322
f 1205/1374/1323 1196/1652/1323 12/1376/1323
f 1204/132/1324 137/1408/1324 1242/153/1324
f 140/854/1325 671/759/1325 139/758/1325
f 139/758/1326 731/1653/1326 140/854/1326
f 143/1654/1327 864/1655/1327 142/157/1327
f 862/983/1328 865/1656/1328 143/1654/1328
f 892/161/1329 145/1657/1329 548/162/1329
f 147/904/1330 801/908/1330 146/1014/1330
f 13/768/1331 797/899/1331 544/613/1331
f 462/172/1332 472/1602/1332 14/173/1332
f 15/696/1333 624/1658/1333 152/697/1333
f 15/696/1334 655/734/1334 624/1658/1334
f 153/833/1335 154/1659/1335 16/176/1335
f 155/174/1336 16/176/1336 154/1659/1336
f 669/181/1337 728/810/1337 730/755/1337
f 669/181/1338 666/180/1338 728/810/1338
f 161/525/1339 160/185/1339 159/521/1339
f 160/185/1340 148/165/1340 159/521/1340
f 1128/1263/1341 1127/190/1341 165/1531/1341
f 1380/195/1342 529/600/1342 168/196/1342
f 1336/1525/1343 1342/1535/1343 1337/1537/1343
f 1371/507/1344 445/509/1344 173/1590/1344
f 19/203/1345 1078/1161/1345 1131/201/1345
f 177/207/1346 1345/1102/1346 175/205/1346
f 178/1554/1347 1022/1553/1347 179/1552/1347
f 186/211/1348 659/210/1348 185/1633/1348
f 1060/234/1349 1056/236/1349 206/1200/1349 1058/1199/1349
f 1202/220/1350 1203/1367/1350 194/1369/1350
f 194/1369/1351 1329/1366/1351 1202/220/1351
f 200/746/1352 158/182/1352 660/744/1352
f 760/227/1353 539/760/1353 201/225/1353
f 949/1660/1354 599/578/1354 948/1145/1354
f 238/235/1355 205/1661/1355 1056/236/1355
f 431/503/1356 233/1636/1356 234/352/1356 430/1662/1356
f 261/311/1357 209/312/1357 211/293/1357
f 216/242/1358 1005/241/1358 1007/1147/1358
f 223/252/1359 1062/1663/1359 1063/1204/1359
f 224/346/1360 307/345/1360 308/408/1360
f 313/260/1361 358/265/1361 228/261/1361
f 228/319/1362 24/276/1362 229/318/1362
f 411/475/1363 412/566/1363 352/1664/1363 305/1665/1363
f 411/475/1364 501/563/1364 412/566/1364
f 252/70/1365 82/69/1365 80/284/1365 268/300/1365
f 23/1548/1366 240/1154/1366 1013/1153/1366
f 242/415/1367 370/431/1367 241/353/1367
f 247/1666/1368 257/1667/1368 246/1630/1368
f 247/1666/1369 248/283/1369 257/1667/1369
f 250/281/1370 248/283/1370 249/299/1370
f 250/281/1371 249/299/1371 251/301/1371
f 251/301/1372 80/284/1372 250/281/1372
f 264/296/1373 263/1668/1373 310/1669/1373 265/297/1373
f 253/67/1374 82/69/1374 284/71/1374
f 253/67/1375 270/322/1375 81/68/1375
f 288/285/1376 271/305/1376 254/286/1376
f 80/284/1377 254/286/1377 272/287/1377
f 293/288/1378 255/1670/1378 250/281/1378
f 255/1670/1379 256/282/1379 250/281/1379
f 256/282/1380 79/1671/1380 257/1667/1380
f 257/1667/1381 248/283/1381 256/282/1381
f 259/279/1382 303/291/1382 275/292/1382
f 260/277/1383 275/292/1383 261/311/1383
f 260/277/1384 261/311/1384 211/293/1384
f 262/245/1385 210/232/1385 277/294/1385
f 263/246/1386 218/243/1386 277/294/1386
f 1407/295/1387 244/275/1387 266/298/1387
f 266/298/1388 247/1666/1388 1407/295/1388
f 266/298/1389 249/299/1389 248/283/1389
f 249/299/1390 266/298/1390 268/300/1390
f 267/302/1391 281/304/1391 252/70/1391
f 252/70/1392 269/303/1392 282/320/1392
f 252/70/1393 282/320/1393 283/359/1393
f 283/359/1394 284/71/1394 252/70/1394
f 284/71/1395 270/322/1395 253/67/1395
f 270/322/1396 288/285/1396 81/68/1396
f 288/285/1397 289/324/1397 271/305/1397
f 271/305/1398 272/287/1398 254/286/1398
f 295/306/1399 290/1672/1399 272/287/1399
f 290/1672/1400 293/288/1400 272/287/1400
f 293/288/1401 290/1672/1401 291/1673/1401
f 293/288/1402 292/1674/1402 255/1670/1402
f 292/1674/1403 273/1675/1403 255/1670/1403
f 273/1675/1404 256/282/1404 255/1670/1404
f 79/1671/1405 256/282/1405 273/1675/1405
f 277/294/1406 210/232/1406 203/233/1406
f 277/294/1407 278/1676/1407 263/246/1407
f 224/346/1408 263/316/1408 279/315/1408
f 288/285/1409 270/322/1409 286/333/1409 287/323/1409
f 265/297/1410 310/1669/1410 280/317/1410
f 280/317/1411 24/276/1411 244/275/1411
f 266/298/1412 243/274/1412 267/302/1412
f 282/320/1413 281/304/1413 316/357/1413
f 283/359/1414 282/320/1414 318/356/1414
f 96/100/1415 301/309/1415 300/308/1415 347/340/1415
f 289/324/1416 295/306/1416 271/305/1416
f 293/1677/1417 291/326/1417 292/325/1417
f 294/330/1418 290/329/1418 297/331/1418
f 295/332/1419 296/337/1419 297/331/1419
f 296/1678/1420 295/306/1420 289/324/1420
f 289/324/1421 287/323/1421 296/1678/1421
f 296/337/1422 287/1679/1422 286/336/1422
f 286/333/1423 270/322/1423 285/78/1423
f 85/1634/1424 396/85/1424 397/334/1424
f 397/334/1425 286/336/1425 85/1634/1425
f 286/336/1426 337/335/1426 296/337/1426
f 83/76/1427 294/330/1427 297/331/1427
f 346/388/1428 347/340/1428 299/65/1428
f 299/65/1429 300/308/1429 274/307/1429
f 212/230/1430 210/232/1430 305/399/1430 353/398/1430
f 303/291/1431 350/341/1431 351/342/1431
f 351/342/1432 304/310/1432 275/292/1432
f 325/375/1433 326/1628/1433 93/368/1433 327/95/1433
f 203/233/1434 213/231/1434 276/313/1434
f 276/313/1435 278/1676/1435 277/294/1435
f 309/1680/1436 310/349/1436 308/408/1436
f 310/349/1437 309/1680/1437 311/347/1437
f 312/348/1438 356/409/1438 313/351/1438
f 241/353/1439 188/430/1439 315/266/1439
f 315/266/1440 189/435/1440 314/354/1440
f 317/267/1441 316/1681/1441 228/261/1441
f 316/357/1442 281/304/1442 228/319/1442
f 316/357/1443 314/436/1443 318/356/1443
f 98/358/1444 284/71/1444 283/359/1444
f 98/358/1445 374/321/1445 284/71/1445
f 374/321/1446 285/78/1446 270/322/1446
f 319/1682/1447 320/86/1447 85/1634/1447
f 320/86/1448 319/1682/1448 376/1620/1448
f 320/86/1449 376/1620/1449 321/1683/1449
f 378/360/1450 322/442/1450 335/378/1450
f 102/371/1451 322/442/1451 1399/444/1451
f 1399/444/1452 381/372/1452 102/371/1452
f 326/1628/1453 388/366/1453 93/368/1453
f 93/368/1454 390/367/1454 392/456/1454
f 360/413/1455 242/415/1455 358/265/1455 233/1636/1455
f 328/94/1456 324/1629/1456 325/375/1456
f 328/94/1457 323/364/1457 324/1629/1457
f 332/369/1458 91/374/1458 323/364/1458
f 102/371/1459 330/365/1459 329/370/1459
f 331/373/1460 336/459/1460 333/1644/1460
f 333/1644/1461 334/361/1461 90/377/1461
f 90/377/1462 91/374/1462 333/1644/1462
f 334/361/1463 333/1644/1463 320/379/1463
f 333/1644/1464 336/459/1464 396/458/1464
f 396/85/1465 479/543/1465 397/334/1465
f 296/337/1466 337/335/1466 84/77/1466
f 338/380/1467 399/381/1467 339/75/1467
f 339/75/1468 484/382/1468 340/383/1468
f 83/76/1469 341/384/1469 342/385/1469
f 345/464/1470 298/339/1470 344/72/1470
f 345/464/1471 346/388/1471 298/339/1471
f 95/391/1472 302/99/1472 348/101/1472
f 302/1684/1473 408/469/1473 350/468/1473
f 410/396/1474 209/312/1474 304/310/1474
f 210/232/1475 411/397/1475 305/399/1475
f 212/403/1476 424/402/1476 213/405/1476
f 354/404/1477 424/402/1477 425/1685/1477
f 354/404/1478 426/406/1478 306/343/1478
f 355/407/1479 426/406/1479 220/247/1479
f 220/247/1480 309/1680/1480 308/408/1480
f 309/1680/1481 427/497/1481 311/347/1481
f 311/347/1482 1382/498/1482 356/409/1482
f 356/409/1483 312/348/1483 311/347/1483
f 234/352/1484 233/1636/1484 357/412/1484
f 233/1636/1485 358/265/1485 357/412/1485
f 362/427/1486 371/429/1486 369/432/1486 1405/419/1486
f 361/416/1487 1405/419/1487 359/414/1487
f 1405/419/1488 1404/418/1488 362/427/1488
f 1403/1626/1489 363/428/1489 362/427/1489
f 364/422/1490 368/426/1490 363/428/1490
f 363/428/1491 368/426/1491 371/429/1491
f 348/101/1492 96/100/1492 401/389/1492 402/1686/1492
f 369/432/1493 359/414/1493 1405/419/1493
f 359/414/1494 369/432/1494 370/431/1494
f 370/431/1495 242/415/1495 359/414/1495
f 188/430/1496 241/353/1496 370/431/1496
f 188/430/1497 369/432/1497 189/435/1497
f 372/433/1498 371/429/1498 368/426/1498
f 368/426/1499 100/104/1499 372/433/1499
f 101/102/1500 368/426/1500 367/229/1500
f 372/433/1501 100/104/1501 373/434/1501
f 372/433/1502 189/435/1502 369/432/1502
f 189/435/1503 372/433/1503 373/434/1503
f 314/354/1504 373/434/1504 98/1646/1504
f 375/438/1505 319/79/1505 374/321/1505
f 375/1623/1506 376/1620/1506 319/1682/1506
f 376/1687/1507 1402/1616/1507 377/441/1507
f 377/441/1508 321/440/1508 376/1687/1508
f 378/439/1509 377/441/1509 379/1688/1509
f 379/443/1510 322/442/1510 378/360/1510
f 380/445/1511 382/106/1511 381/372/1511
f 384/449/1512 104/448/1512 383/446/1512
f 468/451/1513 104/448/1513 385/447/1513
f 471/452/1514 472/1602/1514 388/366/1514
f 388/366/1515 389/536/1515 390/367/1515
f 391/1689/1516 392/456/1516 390/367/1516
f 392/456/1517 327/95/1517 93/368/1517
f 392/456/1518 391/1689/1518 477/454/1518
f 393/93/1519 327/95/1519 392/456/1519
f 392/456/1520 89/455/1520 393/93/1520
f 397/334/1521 481/546/1521 337/335/1521
f 337/335/1522 481/546/1522 399/381/1522
f 337/335/1523 399/381/1523 338/380/1523
f 338/380/1524 84/77/1524 337/335/1524
f 399/381/1525 481/546/1525 398/461/1525
f 342/387/1526 341/551/1526 488/550/1526
f 343/73/1527 489/1587/1527 490/74/1527
f 401/389/1528 96/100/1528 347/340/1528
f 426/406/1529 354/404/1529 425/1685/1529 214/581/1529
f 402/1686/1530 403/466/1530 348/101/1530
f 405/654/1531 349/390/1531 404/467/1531
f 349/98/1532 406/393/1532 95/392/1532
f 407/394/1533 408/469/1533 302/395/1533
f 506/476/1534 508/477/1534 414/26/1534
f 592/479/1535 416/17/1535 38/16/1535
f 418/481/1536 511/660/1536 595/482/1536
f 3/27/1537 514/15/1537 420/1690/1537
f 3/27/1538 420/1690/1538 237/488/1538
f 237/488/1539 421/490/1539 22/486/1539
f 421/490/1540 423/492/1540 22/486/1540
f 22/486/1541 423/492/1541 352/494/1541
f 424/402/1542 600/496/1542 517/669/1542
f 517/669/1543 425/1685/1543 424/402/1543
f 190/218/1544 360/413/1544 432/502/1544 434/504/1544
f 518/248/1545 220/247/1545 426/406/1545
f 219/249/1546 309/1680/1546 220/247/1546
f 219/249/1547 427/497/1547 309/1680/1547
f 427/497/1548 219/249/1548 1383/258/1548
f 356/409/1549 230/499/1549 429/410/1549
f 429/410/1550 230/499/1550 428/1691/1550
f 234/352/1551 428/500/1551 430/1662/1551
f 431/503/1552 432/502/1552 433/1635/1552
f 433/1635/1553 432/502/1553 360/413/1553
f 437/1692/1554 1406/217/1554 435/216/1554 436/1693/1554
f 434/504/1555 192/592/1555 435/216/1555
f 435/216/1556 192/592/1556 436/1693/1556
f 391/1689/1557 556/91/1557 476/626/1557 477/454/1557
f 437/1692/1558 436/1693/1558 439/1598/1558
f 438/417/1559 437/1692/1559 439/1598/1559
f 439/1598/1560 440/1597/1560 438/417/1560
f 440/1597/1561 1404/418/1561 438/417/1561
f 442/505/1562 444/197/1562 365/200/1562
f 172/198/1563 444/197/1563 1376/1694/1563
f 1376/1694/1564 445/509/1564 172/198/1564
f 445/509/1565 446/508/1565 1392/1609/1565
f 447/1604/1566 446/1611/1566 1370/1695/1566
f 452/610/1567 464/1696/1567 541/529/1567
f 542/518/1568 1385/527/1568 452/610/1568
f 546/520/1569 454/615/1569 463/164/1569
f 455/522/1570 454/615/1570 547/1052/1570
f 456/184/1571 457/108/1571 106/110/1571
f 459/183/1572 106/110/1572 458/618/1572
f 458/618/1573 552/621/1573 459/183/1573
f 459/183/1574 461/526/1574 159/521/1574
f 453/517/1575 463/164/1575 149/163/1575
f 463/164/1576 454/615/1576 148/165/1576
f 148/165/1577 454/615/1577 159/521/1577
f 159/521/1578 454/615/1578 455/522/1578
f 1385/527/1579 1384/171/1579 452/610/1579
f 452/610/1580 1384/171/1580 464/1696/1580
f 1386/530/1581 541/529/1581 464/1696/1581
f 465/516/1582 451/515/1582 467/1697/1582
f 465/516/1583 467/1697/1583 466/513/1583
f 466/1698/1584 385/447/1584 1390/1603/1584
f 385/447/1585 466/1698/1585 467/531/1585
f 1387/450/1586 469/1699/1586 386/363/1586
f 469/1699/1587 387/1627/1587 386/363/1587
f 469/1699/1588 470/453/1588 387/1627/1588
f 470/453/1589 469/1699/1589 1388/1700/1589
f 1388/1700/1590 14/173/1590 470/453/1590
f 14/173/1591 472/1602/1591 471/452/1591
f 472/1602/1592 473/523/1592 474/533/1592
f 473/523/1593 472/1602/1593 460/524/1593
f 474/533/1594 552/621/1594 553/534/1594
f 554/535/1595 475/537/1595 389/536/1595
f 475/537/1596 390/367/1596 389/536/1596
f 556/91/1597 391/1689/1597 390/367/1597
f 89/1701/1598 558/541/1598 480/545/1598 478/542/1598
f 558/541/1599 89/1701/1599 477/539/1599
f 342/387/1600 488/550/1600 489/1587/1600 343/73/1600
f 478/542/1601 394/544/1601 89/1701/1601
f 394/544/1602 479/543/1602 395/1702/1602
f 478/542/1603 397/334/1603 479/543/1603
f 478/542/1604 480/545/1604 397/334/1604
f 481/546/1605 480/545/1605 398/461/1605
f 482/462/1606 483/628/1606 484/382/1606
f 484/382/1607 483/628/1607 485/1703/1607
f 484/382/1608 485/1703/1608 341/384/1608
f 560/548/1609 87/87/1609 485/549/1609
f 485/552/1610 87/82/1610 86/81/1610
f 87/87/1611 88/89/1611 486/640/1611
f 486/83/1612 487/644/1612 488/550/1612
f 403/466/1613 402/1686/1613 492/465/1613 493/555/1613
f 489/1587/1614 577/553/1614 490/74/1614
f 491/554/1615 400/463/1615 490/74/1615
f 400/463/1616 491/554/1616 492/465/1616
f 492/465/1617 346/388/1617 400/463/1617
f 586/1704/1618 409/472/1618 351/471/1618 499/943/1618
f 402/1686/1619 401/389/1619 492/465/1619
f 403/466/1620 580/556/1620 404/467/1620
f 494/1021/1621 62/45/1621 495/557/1621
f 494/1021/1622 495/557/1622 94/559/1622
f 495/557/1623 581/961/1623 496/558/1623
f 58/41/1624 582/1705/1624 496/558/1624
f 496/558/1625 582/1705/1625 94/559/1625
f 498/562/1626 97/470/1626 408/469/1626
f 97/470/1627 499/943/1627 351/471/1627
f 504/1706/1628 505/570/1628 413/572/1628 503/1707/1628
f 409/472/1629 586/1704/1629 411/475/1629
f 411/475/1630 586/1704/1630 500/564/1630
f 501/563/1631 500/564/1631 502/567/1631
f 502/567/1632 412/566/1632 501/563/1632
f 530/1592/1633 168/196/1633 529/600/1633 616/687/1633
f 507/573/1634 590/574/1634 509/575/1634
f 508/477/1635 509/575/1635 415/478/1635
f 592/479/1636 510/480/1636 416/17/1636
f 510/1708/1637 1/659/1637 511/1080/1637
f 511/660/1638 418/481/1638 510/480/1638
f 595/482/1639 944/662/1639 417/483/1639
f 945/1142/1640 512/485/1640 596/484/1640
f 512/485/1641 945/1142/1641 513/663/1641
f 512/485/1642 513/663/1642 597/576/1642
f 597/576/1643 419/18/1643 512/485/1643
f 598/577/1644 420/1690/1644 514/15/1644
f 599/578/1645 422/491/1645 421/490/1645
f 519/582/1646 225/256/1646 518/248/1646
f 225/255/1647 607/586/1647 226/253/1647
f 226/253/1648 607/586/1648 959/673/1648
f 230/499/1649 1381/1601/1649 522/257/1649
f 430/1709/1650 521/587/1650 431/590/1650
f 523/501/1651 434/504/1651 432/502/1651
f 191/593/1652 434/504/1652 612/594/1652
f 613/595/1653 524/682/1653 525/596/1653
f 528/1710/1654 527/598/1654 614/1711/1654
f 528/1710/1655 1380/1599/1655 439/1598/1655
f 994/1130/1656 995/1132/1656 1347/1557/1656 27/1556/1656
f 535/606/1657 1372/604/1657 184/212/1657 533/1059/1657
f 532/601/1658 531/603/1658 968/1101/1658
f 542/518/1659 452/610/1659 674/611/1659 675/1712/1659
f 182/607/1660 535/606/1660 536/1056/1660
f 538/1589/1661 537/1054/1661 449/510/1661
f 449/510/1662 450/512/1662 538/1589/1662
f 449/510/1663 539/760/1663 673/761/1663
f 449/510/1664 673/761/1664 540/511/1664
f 540/511/1665 771/763/1665 465/516/1665
f 825/945/1666 585/944/1666 498/562/1666 584/561/1666
f 542/518/1667 677/612/1667 543/519/1667
f 545/614/1668 928/900/1668 454/615/1668
f 547/1052/1669 144/159/1669 455/522/1669
f 144/159/1670 456/184/1670 455/522/1670
f 548/162/1671 457/108/1671 456/184/1671
f 894/1035/1672 550/617/1672 549/109/1672
f 550/617/1673 551/619/1673 458/618/1673
f 461/526/1674 459/183/1674 552/621/1674
f 568/631/1675 554/535/1675 553/534/1675
f 554/535/1676 568/631/1676 571/634/1676
f 571/634/1677 555/538/1677 554/535/1677
f 555/538/1678 92/92/1678 556/91/1678
f 555/538/1679 556/91/1679 475/537/1679
f 571/634/1680 569/623/1680 92/92/1680
f 561/622/1681 92/92/1681 569/623/1681
f 558/541/1682 482/462/1682 398/461/1682
f 483/547/1683 559/625/1683 560/548/1683
f 560/548/1684 559/625/1684 561/622/1684
f 560/548/1685 561/622/1685 562/624/1685
f 562/624/1686 87/87/1686 560/548/1686
f 87/87/1687 562/624/1687 563/633/1687
f 565/630/1688 570/632/1688 551/619/1688
f 551/619/1689 566/635/1689 567/620/1689
f 566/635/1690 568/631/1690 567/620/1690
f 569/623/1691 563/633/1691 562/624/1691
f 563/633/1692 569/623/1692 570/632/1692
f 570/632/1693 566/635/1693 551/619/1693
f 566/635/1694 571/634/1694 568/631/1694
f 566/635/1695 570/632/1695 569/623/1695
f 107/637/1696 896/1017/1696 88/89/1696
f 88/89/1697 572/638/1697 486/640/1697
f 487/641/1698 486/640/1698 573/639/1698
f 575/646/1699 899/1039/1699 900/1713/1699
f 903/651/1700 579/652/1700 578/650/1700
f 578/650/1701 577/553/1701 489/1587/1701
f 579/652/1702 493/555/1702 492/465/1702
f 494/1021/1703 905/43/1703 62/45/1703
f 62/45/1704 581/961/1704 495/557/1704
f 581/961/1705 59/42/1705 58/41/1705
f 58/41/1706 496/558/1706 581/961/1706
f 406/393/1707 582/560/1707 583/952/1707
f 583/952/1708 584/561/1708 406/393/1708
f 97/470/1709 498/562/1709 585/944/1709 499/943/1709
f 502/567/1710 500/564/1710 586/1704/1710 587/942/1710
f 586/1704/1711 826/940/1711 587/942/1711
f 35/1072/1712 39/20/1712 593/9/1712 34/11/1712
f 503/1707/1713 822/939/1713 588/963/1713
f 588/963/1714 504/1706/1714 503/1707/1714
f 504/1706/1715 588/963/1715 701/962/1715
f 505/570/1716 508/1714/1716 506/571/1716
f 508/1714/1717 505/570/1717 589/1715/1717
f 589/1716/1718 590/574/1718 508/477/1718
f 590/1717/1719 931/655/1719 509/657/1719
f 592/658/1720 1/659/1720 510/1708/1720
f 592/658/1721 593/9/1721 1/659/1721
f 618/1104/1722 617/1651/1722 175/205/1722 1345/1102/1722
f 594/661/1723 944/662/1723 595/482/1723
f 596/484/1724 944/662/1724 945/1142/1724
f 513/663/1725 945/1142/1725 947/664/1725
f 601/668/1726 517/669/1726 600/496/1726
f 602/580/1727 601/668/1727 603/670/1727
f 518/248/1728 603/670/1728 604/583/1728
f 603/670/1729 957/666/1729 604/583/1729
f 604/583/1730 605/1718/1730 519/582/1730
f 221/1719/1731 520/584/1731 519/582/1731
f 221/672/1732 607/586/1732 520/585/1732
f 607/586/1733 958/1095/1733 608/674/1733
f 226/253/1734 959/673/1734 609/675/1734
f 609/675/1735 521/587/1735 226/253/1735
f 521/587/1736 430/1709/1736 428/1720/1736
f 521/587/1737 428/1720/1737 230/588/1737
f 961/1152/1738 1014/1151/1738 523/501/1738
f 1014/1151/1739 611/679/1739 523/501/1739
f 611/679/1740 612/594/1740 434/504/1740
f 963/681/1741 964/683/1741 613/595/1741
f 613/595/1742 964/683/1742 524/682/1742
f 526/597/1743 614/1711/1743 527/598/1743
f 616/687/1744 529/600/1744 615/685/1744
f 616/687/1745 531/603/1745 530/1592/1745
f 531/603/1746 616/687/1746 967/1099/1746
f 532/601/1747 968/1101/1747 183/209/1747
f 930/1721/1748 185/1722/1748 668/752/1748 20/754/1748
f 1346/1105/1749 619/742/1749 618/1723/1749
f 197/690/1750 619/742/1750 620/1106/1750
f 970/688/1751 197/690/1751 620/1106/1751
f 623/692/1752 624/1658/1752 656/693/1752
f 623/692/1753 152/697/1753 624/1658/1753
f 152/697/1754 623/692/1754 1367/1581/1754
f 1354/1568/1755 15/696/1755 626/698/1755
f 1354/1568/1756 627/1724/1756 628/1725/1756
f 628/1725/1757 629/806/1757 1354/1568/1757
f 628/701/1758 6/700/1758 653/703/1758
f 632/730/1759 631/704/1759 1361/1572/1759
f 633/708/1760 632/730/1760 1360/706/1760
f 634/713/1761 712/711/1761 49/710/1761
f 49/710/1762 48/2/1762 634/713/1762
f 634/713/1763 68/49/1763 712/711/1763
f 634/713/1764 636/712/1764 635/726/1764
f 635/726/1765 40/727/1765 634/713/1765
f 636/712/1766 637/723/1766 635/726/1766
f 637/723/1767 934/1065/1767 933/1064/1767
f 933/1064/1768 638/721/1768 637/723/1768
f 638/721/1769 933/1064/1769 639/1067/1769
f 640/716/1770 647/715/1770 638/721/1770
f 640/1726/1771 642/1062/1771 645/717/1771
f 640/1726/1772 641/1061/1772 642/1062/1772
f 642/1062/1773 931/655/1773 645/717/1773
f 643/718/1774 931/655/1774 590/1717/1774
f 590/1717/1775 589/1727/1775 643/718/1775
f 643/1728/1776 589/1715/1776 702/1729/1776
f 643/1728/1777 702/1729/1777 644/1730/1777
f 645/714/1778 644/1730/1778 646/876/1778
f 647/715/1779 645/714/1779 646/876/1779
f 648/720/1780 637/723/1780 638/721/1780
f 650/722/1781 706/724/1781 637/723/1781
f 706/724/1782 635/726/1782 637/723/1782
f 631/704/1783 632/730/1783 651/732/1783
f 78/705/1784 653/703/1784 630/702/1784
f 653/1731/1785 719/807/1785 629/806/1785
f 629/806/1786 628/1725/1786 653/1731/1786
f 629/806/1787 654/733/1787 15/696/1787
f 656/693/1788 655/734/1788 721/817/1788
f 656/693/1789 624/1658/1789 655/734/1789
f 622/694/1790 723/735/1790 157/178/1790
f 723/735/1791 724/1732/1791 156/736/1791
f 156/736/1792 665/179/1792 157/178/1792
f 724/1732/1793 725/816/1793 657/1733/1793
f 156/739/1794 657/738/1794 665/691/1794
f 658/740/1795 197/690/1795 665/691/1795
f 199/743/1796 618/1723/1796 619/742/1796
f 618/1723/1797 199/743/1797 659/749/1797
f 660/744/1798 185/1722/1798 659/749/1798
f 663/745/1799 661/747/1799 200/746/1799
f 661/747/1800 662/741/1800 664/750/1800
f 661/747/1801 663/745/1801 199/743/1801
f 198/748/1802 663/745/1802 659/749/1802
f 198/748/1803 199/743/1803 663/745/1803
f 662/741/1804 658/740/1804 664/750/1804
f 666/180/1805 200/746/1805 661/747/1805
f 200/746/1806 666/180/1806 158/182/1806
f 669/181/1807 667/751/1807 158/182/1807
f 667/751/1808 185/1722/1808 660/744/1808
f 687/890/1809 738/823/1809 688/784/1809 689/887/1809
f 185/1722/1810 667/751/1810 668/752/1810
f 667/751/1811 669/181/1811 668/752/1811
f 139/756/1812 670/753/1812 668/752/1812
f 670/757/1813 671/759/1813 760/227/1813
f 539/760/1814 760/227/1814 672/170/1814
f 673/761/1815 772/857/1815 771/763/1815
f 673/761/1816 771/763/1816 540/511/1816
f 541/514/1817 465/516/1817 771/763/1817
f 675/866/1818 674/868/1818 769/867/1818
f 677/612/1819 542/518/1819 675/1712/1819
f 675/1712/1820 676/764/1820 677/612/1820
f 150/765/1821 758/766/1821 13/768/1821
f 757/767/1822 756/769/1822 796/771/1822
f 680/819/1823 681/820/1823 753/869/1823
f 683/777/1824 736/778/1824 684/780/1824
f 684/780/1825 790/893/1825 683/777/1825
f 687/890/1826 57/1734/1826 738/823/1826
f 693/788/1827 773/789/1827 694/791/1827 783/883/1827
f 690/783/1828 689/887/1828 688/784/1828
f 692/787/1829 691/785/1829 709/52/1829
f 648/720/1830 646/876/1830 705/877/1830 649/880/1830
f 695/792/1831 696/872/1831 839/794/1831
f 778/796/1832 697/795/1832 696/872/1832
f 779/874/1833 701/962/1833 700/799/1833
f 504/1706/1834 589/1715/1834 505/570/1834
f 589/1715/1835 504/1706/1835 702/1729/1835
f 702/1729/1836 703/875/1836 644/1730/1836
f 703/875/1837 646/876/1837 644/1730/1837
f 651/1735/1838 715/729/1838 740/825/1838 716/824/1838
f 646/876/1839 648/720/1839 647/715/1839
f 649/880/1840 650/722/1840 648/720/1840
f 712/711/1841 710/801/1841 711/728/1841
f 711/728/1842 714/32/1842 715/729/1842
f 716/804/1843 631/704/1843 651/732/1843
f 717/803/1844 78/705/1844 631/704/1844
f 652/805/1845 718/1736/1845 78/705/1845
f 718/1736/1846 653/703/1846 78/705/1846
f 653/1731/1847 718/834/1847 719/807/1847
f 654/733/1848 719/807/1848 16/176/1848
f 720/818/1849 655/734/1849 16/176/1849
f 720/818/1850 721/817/1850 655/734/1850
f 722/870/1851 656/693/1851 721/817/1851
f 722/870/1852 723/735/1852 656/693/1852
f 730/755/1853 731/1737/1853 139/756/1853
f 730/755/1854 729/811/1854 731/1737/1854
f 729/814/1855 726/813/1855 755/850/1855
f 725/816/1856 724/1732/1856 732/815/1856
f 155/174/1857 734/1738/1857 681/820/1857
f 734/1738/1858 155/174/1858 154/1659/1858
f 735/843/1859 681/772/1859 734/844/1859
f 735/843/1860 749/845/1860 736/778/1860
f 752/782/1861 740/825/1861 739/31/1861
f 739/31/1862 740/825/1862 714/32/1862
f 713/802/1863 711/728/1863 710/801/1863
f 713/802/1864 710/801/1864 53/33/1864
f 715/729/1865 714/32/1865 740/825/1865
f 652/1739/1866 717/830/1866 743/832/1866 718/834/1866
f 754/864/1867 733/175/1867 680/819/1867 753/869/1867
f 748/831/1868 744/835/1868 743/832/1868
f 743/832/1869 153/833/1869 718/834/1869
f 742/827/1870 741/826/1870 747/1740/1870
f 741/826/1871 740/825/1871 745/837/1871
f 740/825/1872 752/782/1872 745/837/1872
f 744/835/1873 748/831/1873 154/1659/1873
f 154/1659/1874 153/833/1874 744/835/1874
f 748/831/1875 734/1738/1875 154/1659/1875
f 734/1738/1876 748/831/1876 749/1741/1876
f 749/845/1877 746/840/1877 750/839/1877
f 750/836/1878 745/837/1878 751/1742/1878
f 752/782/1879 738/823/1879 751/1742/1879
f 752/782/1880 751/1742/1880 745/837/1880
f 751/822/1881 738/1743/1881 57/38/1881
f 731/1653/1882 756/1744/1882 757/852/1882 140/854/1882
f 754/864/1883 732/815/1883 733/175/1883
f 672/170/1884 760/227/1884 671/759/1884 761/168/1884
f 795/898/1885 678/847/1885 732/815/1885 767/865/1885
f 765/856/1886 763/859/1886 762/858/1886
f 766/862/1887 764/861/1887 759/855/1887
f 764/861/1888 765/856/1888 140/854/1888
f 765/856/1889 761/168/1889 671/759/1889
f 755/850/1890 678/847/1890 679/897/1890
f 774/790/1891 773/789/1891 708/51/1891 67/50/1891
f 678/847/1892 755/850/1892 726/813/1892
f 676/863/1893 675/866/1893 768/860/1893
f 768/860/1894 766/862/1894 676/863/1894
f 769/867/1895 762/858/1895 768/860/1895
f 762/858/1896 769/867/1896 770/762/1896
f 673/761/1897 672/170/1897 151/169/1897
f 771/763/1898 772/857/1898 770/762/1898
f 770/762/1899 674/868/1899 541/514/1899
f 732/815/1900 722/870/1900 721/817/1900
f 723/735/1901 732/815/1901 724/1732/1901
f 727/812/1902 725/816/1902 726/813/1902
f 773/789/1903 693/788/1903 709/52/1903
f 709/52/1904 708/51/1904 773/789/1904
f 650/722/1905 25/879/1905 778/796/1905 777/878/1905
f 774/790/1906 775/800/1906 776/871/1906
f 777/878/1907 778/796/1907 695/792/1907
f 25/879/1908 699/797/1908 778/796/1908
f 25/879/1909 698/873/1909 699/797/1909
f 779/874/1910 702/1729/1910 504/1706/1910
f 779/874/1911 703/875/1911 702/1729/1911
f 705/877/1912 704/798/1912 698/873/1912
f 698/873/1913 25/879/1913 705/877/1913
f 790/893/1914 684/780/1914 789/892/1914 858/980/1914
f 777/878/1915 707/725/1915 650/722/1915
f 779/874/1916 504/1706/1916 701/962/1916
f 819/934/1917 697/795/1917 699/797/1917
f 783/883/1918 785/884/1918 693/788/1918
f 785/884/1919 783/883/1919 784/965/1919
f 786/885/1920 690/783/1920 691/785/1920
f 786/885/1921 842/967/1921 787/886/1921
f 687/890/1922 845/891/1922 856/978/1922
f 845/891/1923 855/976/1923 856/978/1923
f 685/781/1924 57/38/1924 856/37/1924
f 685/781/1925 788/979/1925 789/892/1925
f 822/565/1926 823/1745/1926 828/24/1926 821/1746/1926
f 793/776/1927 794/895/1927 141/773/1927
f 141/773/1928 681/772/1928 793/776/1928
f 793/776/1929 792/155/1929 794/895/1929
f 753/869/1930 141/1747/1930 767/865/1930
f 794/1748/1931 795/898/1931 767/865/1931
f 679/770/1932 864/988/1932 796/771/1932
f 797/899/1933 928/900/1933 929/1053/1933
f 799/901/1934 800/992/1934 547/1052/1934
f 803/914/1935 802/910/1935 872/912/1935
f 804/917/1936 805/916/1936 891/1749/1936
f 51/921/1937 56/1640/1937 875/1750/1937
f 875/1750/1938 852/922/1938 51/921/1938
f 875/1750/1939 854/975/1939 852/922/1939
f 808/920/1940 809/973/1940 810/923/1940
f 63/48/1941 813/926/1941 812/925/1941
f 815/928/1942 814/929/1942 840/930/1942
f 819/934/1943 820/936/1943 818/933/1943
f 823/1745/1944 502/567/1944 587/942/1944 827/941/1944
f 822/565/1945 502/567/1945 823/1745/1945
f 835/40/1946 837/959/1946 812/925/1946 815/928/1946
f 826/940/1947 824/946/1947 827/941/1947
f 826/940/1948 586/1704/1948 499/943/1948
f 826/940/1949 585/944/1949 825/945/1949
f 824/946/1950 831/955/1950 41/22/1950
f 827/941/1951 41/22/1951 828/24/1951
f 828/24/1952 823/1745/1952 827/941/1952
f 828/24/1953 42/23/1953 821/1746/1953
f 818/933/1954 820/936/1954 829/948/1954
f 836/951/1955 829/948/1955 832/1751/1955
f 832/1751/1956 831/950/1956 836/951/1956
f 582/560/1957 831/955/1957 583/952/1957
f 583/952/1958 825/945/1958 584/561/1958
f 824/946/1959 583/952/1959 831/955/1959
f 41/22/1960 834/956/1960 42/23/1960
f 834/947/1961 829/948/1961 820/936/1961
f 831/950/1962 582/1705/1962 58/41/1962
f 836/951/1963 830/949/1963 829/948/1963
f 830/949/1964 836/951/1964 835/40/1964
f 830/949/1965 816/931/1965 818/933/1965
f 816/931/1966 835/40/1966 815/928/1966
f 60/44/1967 812/925/1967 837/959/1967
f 856/37/1968 857/995/1968 788/979/1968 685/781/1968
f 581/961/1969 837/959/1969 59/42/1969
f 835/40/1970 816/931/1970 830/949/1970
f 822/939/1971 700/799/1971 588/963/1971
f 821/938/1972 780/881/1972 700/799/1972
f 780/881/1973 821/938/1973 42/937/1973
f 820/936/1974 819/934/1974 780/881/1974
f 838/935/1975 839/794/1975 696/872/1975
f 838/935/1976 696/872/1976 697/795/1976
f 839/794/1977 838/935/1977 818/933/1977
f 781/793/1978 839/794/1978 840/930/1978
f 840/930/1979 841/964/1979 782/882/1979
f 841/964/1980 783/883/1980 782/882/1980
f 689/887/1981 787/886/1981 842/967/1981
f 843/968/1982 847/1007/1982 844/888/1982
f 844/888/1983 853/970/1983 52/889/1983
f 847/1007/1984 852/922/1984 853/970/1984
f 848/974/1985 852/922/1985 847/1007/1985
f 847/1007/1986 843/968/1986 848/974/1986
f 848/974/1987 843/968/1987 849/972/1987
f 850/966/1988 784/965/1988 50/971/1988
f 784/965/1989 813/926/1989 50/971/1989
f 784/965/1990 851/927/1990 813/926/1990
f 851/927/1991 784/965/1991 841/964/1991
f 840/930/1992 817/932/1992 816/931/1992
f 814/929/1993 841/964/1993 840/930/1993
f 849/972/1994 50/971/1994 810/923/1994
f 855/976/1995 845/891/1995 854/975/1995
f 856/37/1996 876/1752/1996 857/995/1996
f 792/155/1997 791/894/1997 790/893/1997 859/156/1997
f 790/893/1998 858/980/1998 859/156/1998
f 870/909/1999 801/908/1999 869/907/1999 881/998/1999
f 142/157/2000 163/981/2000 860/984/2000
f 860/984/2001 143/1654/2001 142/157/2001
f 163/981/2002 882/167/2002 860/984/2002
f 860/984/2003 862/983/2003 143/1654/2003
f 865/986/2004 864/988/2004 143/1753/2004
f 863/1754/2005 864/1755/2005 795/898/2005
f 794/1748/2006 863/1754/2006 795/898/2006
f 863/158/2007 794/895/2007 792/155/2007
f 797/899/2008 865/986/2008 866/990/2008
f 865/986/2009 861/985/2009 866/990/2009
f 866/990/2010 883/1756/2010 867/991/2010
f 867/906/2011 868/999/2011 869/907/2011
f 72/1006/2012 788/979/2012 877/994/2012 878/1004/2012
f 870/909/2013 880/996/2013 871/911/2013
f 880/996/2014 879/1002/2014 871/911/2014
f 871/911/2015 878/1004/2015 872/912/2015
f 873/1003/2016 804/913/2016 872/912/2016
f 855/976/2017 875/1750/2017 807/919/2017
f 875/1750/2018 855/976/2018 854/975/2018
f 917/1034/2019 891/1749/2019 805/916/2019 806/918/2019
f 878/1004/2020 879/1002/2020 72/1006/2020
f 880/996/2021 881/998/2021 162/166/2021
f 881/998/2022 860/984/2022 882/167/2022
f 860/984/2023 881/998/2023 869/907/2023
f 860/984/2024 869/907/2024 868/999/2024
f 868/999/2025 867/906/2025 883/1000/2025
f 883/1000/2026 861/982/2026 868/999/2026
f 881/998/2027 880/996/2027 870/909/2027
f 878/1004/2028 871/911/2028 879/1002/2028
f 873/1003/2029 878/1004/2029 877/994/2029
f 874/1757/2030 873/1003/2030 857/995/2030
f 863/158/2031 142/157/2031 864/1655/2031
f 163/981/2032 859/156/2032 882/167/2032
f 858/980/2033 72/1006/2033 73/997/2033
f 809/973/2034 808/920/2034 852/922/2034
f 50/971/2035 63/48/2035 811/924/2035
f 50/971/2036 813/926/2036 63/48/2036
f 907/47/2037 65/1025/2037 808/920/2037
f 886/62/2038 915/1029/2038 887/1008/2038
f 887/1008/2039 888/1011/2039 56/1640/2039
f 875/1750/2040 56/1640/2040 888/1011/2040
f 888/1011/2041 887/1008/2041 915/1029/2041
f 888/1011/2042 807/919/2042 875/1750/2042
f 69/53/2043 892/161/2043 146/1758/2043 70/54/2043
f 891/1749/2044 803/1759/2044 804/917/2044
f 802/910/2045 70/1760/2045 146/1014/2045
f 802/1761/2046 803/56/2046 70/54/2046
f 803/56/2047 4/55/2047 70/54/2047
f 599/578/2048 598/577/2048 1004/1143/2048 948/1145/2048
f 892/161/2049 69/53/2049 145/1657/2049
f 145/1657/2050 893/616/2050 457/108/2050
f 893/616/2051 894/1035/2051 549/109/2051
f 894/1035/2052 895/636/2052 550/617/2052
f 895/636/2053 894/1035/2053 897/1016/2053
f 896/1017/2054 919/1036/2054 572/638/2054
f 572/638/2055 898/1018/2055 573/639/2055
f 574/642/2056 487/641/2056 573/639/2056
f 575/646/2057 574/642/2057 899/1039/2057
f 899/1762/2058 921/1047/2058 922/1040/2058
f 899/1762/2059 922/1040/2059 900/1042/2059
f 901/1041/2060 576/1763/2060 900/1042/2060
f 576/1763/2061 901/1041/2061 923/1044/2061
f 903/651/2062 576/649/2062 902/653/2062
f 903/651/2063 493/555/2063 579/652/2063
f 903/651/2064 902/653/2064 580/556/2064
f 903/651/2065 580/556/2065 493/555/2065
f 902/1019/2066 494/1021/2066 405/1764/2066
f 905/43/2067 494/1021/2067 904/1020/2067
f 906/46/2068 908/1046/2068 66/1024/2068
f 64/1045/2069 909/1048/2069 66/1024/2069
f 911/1765/2070 927/1026/2070 5/1028/2070
f 927/1026/2071 77/1051/2071 55/1027/2071
f 76/60/2072 77/1051/2072 918/61/2072
f 76/60/2073 913/1643/2073 77/1051/2073
f 913/1643/2074 76/60/2074 916/1766/2074
f 890/1013/2075 917/1034/2075 806/918/2075
f 891/57/2076 74/1031/2076 71/58/2076
f 74/1031/2077 75/59/2077 918/61/2077
f 75/59/2078 916/1766/2078 76/60/2078
f 916/1030/2079 915/1029/2079 914/36/2079
f 916/1030/2080 914/36/2080 913/1767/2080
f 74/1031/2081 918/61/2081 897/1016/2081
f 898/1018/2082 572/638/2082 919/1036/2082
f 920/1037/2083 899/1039/2083 574/642/2083
f 922/1040/2084 921/1047/2084 64/1045/2084
f 922/1040/2085 926/1043/2085 901/1041/2085
f 923/1044/2086 902/1019/2086 576/1763/2086
f 925/1023/2087 905/43/2087 924/1022/2087
f 925/1023/2088 924/1022/2088 906/46/2088
f 924/1022/2089 926/1043/2089 906/46/2089
f 923/1044/2090 924/1022/2090 904/1020/2090
f 926/1043/2091 922/1040/2091 908/1046/2091
f 64/1045/2092 66/1024/2092 908/1046/2092
f 908/1046/2093 906/46/2093 926/1043/2093
f 921/1038/2094 920/1037/2094 911/1765/2094
f 920/1037/2095 927/1026/2095 911/1765/2095
f 927/1026/2096 920/1037/2096 898/1018/2096
f 912/1050/2097 927/1026/2097 919/1036/2097
f 927/1026/2098 898/1018/2098 919/1036/2098
f 914/1768/2099 55/1027/2099 913/1643/2099
f 910/1049/2100 886/62/2100 885/1010/2100
f 886/62/2101 910/1049/2101 911/63/2101
f 910/1049/2102 885/1010/2102 884/1009/2102
f 65/1025/2103 66/1024/2103 909/1048/2103
f 893/616/2104 145/1657/2104 69/53/2104
f 887/1008/2105 56/1640/2105 884/1009/2105
f 808/920/2106 884/1009/2106 51/921/2106
f 547/1052/2107 798/902/2107 799/901/2107
f 929/1053/2108 544/613/2108 797/899/2108
f 929/1053/2109 928/900/2109 545/614/2109
f 798/902/2110 454/615/2110 928/900/2110
f 798/902/2111 547/1052/2111 454/615/2111
f 544/613/2112 150/765/2112 13/768/2112
f 201/225/2113 539/760/2113 537/1054/2113
f 593/9/2114 931/655/2114 642/1062/2114
f 641/1061/2115 640/1726/2115 932/1060/2115
f 936/1769/2116 33/10/2116 932/1060/2116
f 934/1065/2117 637/723/2117 636/712/2117
f 933/1064/2118 29/1/2118 639/1067/2118
f 640/716/2119 638/721/2119 639/1067/2119
f 639/1067/2120 932/1066/2120 640/716/2120
f 1359/1070/2121 935/1558/2121 28/1071/2121
f 28/1071/2122 935/1558/2122 936/1769/2122
f 936/1769/2123 937/1559/2123 33/10/2123
f 997/1131/2124 35/1072/2124 938/1073/2124
f 938/1073/2125 34/11/2125 33/10/2125
f 35/1072/2126 999/1134/2126 939/21/2126
f 939/21/2127 39/20/2127 35/1072/2127
f 999/1770/2128 940/1074/2128 939/1076/2128
f 943/1079/2129 39/20/2129 942/19/2129
f 943/1079/2130 1000/1771/2130 511/1080/2130
f 1000/1638/2131 594/661/2131 511/660/2131
f 944/662/2132 1002/1195/2132 945/1142/2132
f 946/1141/2133 947/664/2133 945/1142/2133
f 947/664/2134 1004/1143/2134 598/577/2134
f 607/586/2135 606/671/2135 1008/1772/2135 958/1095/2135
f 204/1773/2136 950/1774/2136 949/1660/2136
f 952/1084/2137 951/1088/2137 950/1085/2137
f 952/1084/2138 953/1086/2138 951/1088/2138
f 953/1086/2139 952/1084/2139 606/671/2139
f 606/671/2140 221/1775/2140 953/1086/2140
f 950/1774/2141 956/1776/2141 949/1660/2141
f 954/665/2142 599/578/2142 949/1660/2142
f 949/1660/2143 956/1776/2143 954/665/2143
f 215/1092/2144 422/667/2144 954/1093/2144
f 601/668/2145 957/666/2145 603/670/2145
f 605/1718/2146 604/583/2146 957/666/2146
f 957/666/2147 955/1094/2147 605/1718/2147
f 221/1719/2148 519/582/2148 605/1718/2148
f 605/1718/2149 955/1094/2149 221/1719/2149
f 955/1094/2150 953/1777/2150 221/1719/2150
f 955/1094/2151 956/1091/2151 953/1777/2151
f 231/264/2152 959/673/2152 608/674/2152 222/262/2152
f 983/1115/2153 11/152/2153 1030/1172/2153 1369/1113/2153
f 609/675/2154 231/264/2154 960/676/2154
f 611/679/2155 1014/1151/2155 962/680/2155
f 963/681/2156 1016/1156/2156 964/683/2156
f 1016/1156/2157 1017/1097/2157 964/683/2157
f 526/1778/2158 17/186/2158 614/684/2158
f 966/686/2159 1019/1157/2159 967/1099/2159
f 967/1099/2160 968/1101/2160 531/603/2160
f 1346/1103/2161 969/1107/2161 620/1779/2161
f 620/1779/2162 969/1107/2162 970/1108/2162
f 971/1109/2163 179/1552/2163 972/214/2163
f 973/1165/2164 1368/1582/2164 972/214/2164
f 973/1165/2165 974/1780/2165 1368/1582/2165
f 974/1780/2166 976/1781/2166 1368/1582/2166
f 976/1781/2167 974/1780/2167 975/1782/2167
f 975/1110/2168 1026/1783/2168 978/1111/2168
f 979/1784/2169 196/1118/2169 978/1785/2169
f 981/1116/2170 979/1784/2170 980/1551/2170
f 980/1551/2171 982/1585/2171 981/1116/2171
f 982/1585/2172 983/1115/2172 985/1117/2172
f 991/118/2173 992/1786/2173 990/1122/2173 989/1119/2173
f 1369/1113/2174 1030/1172/2174 9/119/2174
f 984/1114/2175 985/1117/2175 983/1115/2175
f 985/1117/2176 981/1116/2176 982/1585/2176
f 196/1118/2177 979/1784/2177 981/1116/2177
f 196/1118/2178 985/1117/2178 986/1564/2178
f 986/1564/2179 985/1117/2179 987/1121/2179
f 990/1123/2180 43/1125/2180 1350/1563/2180
f 1009/251/2181 1010/250/2181 958/1095/2181 1008/1772/2181
f 992/1124/2182 991/1787/2182 44/1177/2182
f 992/1124/2183 44/1177/2183 136/1176/2183
f 992/1124/2184 1032/1175/2184 1033/1126/2184
f 993/1127/2185 1033/1126/2185 26/1129/2185
f 994/1130/2186 997/1131/2186 995/1132/2186
f 995/1132/2187 938/1073/2187 33/10/2187
f 999/1182/2188 1037/1181/2188 940/1788/2188
f 943/1079/2189 32/1139/2189 1000/1771/2189
f 1000/1638/2190 1001/1081/2190 594/661/2190
f 1001/1081/2191 1052/1789/2191 944/662/2191
f 944/662/2192 1053/1790/2192 1002/1195/2192
f 1053/1790/2193 1105/1194/2193 1002/1195/2193
f 1002/1195/2194 1003/1140/2194 945/1142/2194
f 1003/1140/2195 1054/1241/2195 946/1141/2195
f 946/1141/2196 1054/1241/2196 1055/1196/2196
f 948/1145/2197 205/1144/2197 204/1773/2197
f 948/1145/2198 204/1773/2198 949/1660/2198
f 1060/234/2199 1005/241/2199 204/1082/2199
f 1007/1201/2200 1009/251/2200 216/1083/2200
f 1008/1772/2201 216/1083/2201 1009/251/2201
f 1020/208/2202 1077/1160/2202 1021/1162/2202 177/207/2202
f 1010/250/2203 1063/1204/2203 222/262/2203
f 231/264/2204 1065/1149/2204 1012/1096/2204
f 1014/1151/2205 1013/1153/2205 240/1154/2205
f 962/680/2206 240/1154/2206 1015/1155/2206
f 17/186/2207 526/1778/2207 1018/1543/2207
f 967/1099/2208 1019/1157/2208 176/1158/2208
f 176/1158/2209 617/1100/2209 968/1101/2209
f 176/1158/2210 1076/1211/2210 1020/1791/2210
f 1083/150/2211 1027/127/2211 135/151/2211 133/148/2211
f 1021/1162/2212 1023/1163/2212 1022/1553/2212
f 1023/1163/2213 973/1165/2213 1022/1553/2213
f 1079/1214/2214 180/1586/2214 181/1164/2214
f 1079/1214/2215 1024/1167/2215 974/1780/2215
f 1024/1167/2216 1026/1166/2216 975/1782/2216
f 1026/1792/2217 132/149/2217 979/1784/2217
f 1083/150/2218 1137/1217/2218 1027/127/2218
f 1057/1198/2219 206/1200/2219 1106/1239/2219 1104/1238/2219
f 1045/1187/2220 1032/1793/2220 44/1637/2220
f 1032/1175/2221 1044/1794/2221 1033/1126/2221
f 996/1178/2222 994/1130/2222 1033/1126/2222
f 1035/1179/2223 997/1131/2223 1036/1550/2223
f 1037/1795/2224 941/1077/2224 940/1074/2224
f 1038/1796/2225 1039/1135/2225 941/1077/2225
f 1039/1135/2226 1040/1797/2226 1049/1192/2226
f 1039/1135/2227 1038/1796/2227 1040/1797/2227
f 1038/1183/2228 1041/1798/2228 36/1799/2228
f 36/14/2229 1040/1797/2229 1038/1796/2229
f 1037/1181/2230 1036/1800/2230 1041/1798/2230
f 1036/1800/2231 1042/1189/2231 1041/1798/2231
f 1042/1189/2232 1036/1800/2232 1034/1801/2232
f 1034/1801/2233 1043/1185/2233 1042/1189/2233
f 1044/1794/2234 996/1178/2234 1033/1126/2234
f 1044/1794/2235 1034/1549/2235 996/1178/2235
f 1032/1793/2236 1045/1187/2236 1044/1186/2236
f 1043/1185/2237 1034/1801/2237 1044/1186/2237
f 1047/1191/2238 1041/1798/2238 1046/1188/2238
f 1041/1798/2239 1047/1191/2239 36/1799/2239
f 36/14/2240 1048/13/2240 1040/1797/2240
f 1040/1797/2241 1048/13/2241 1049/1192/2241
f 1049/1192/2242 1100/1193/2242 1050/8/2242
f 1051/6/2243 30/5/2243 1050/8/2243
f 1051/6/2244 1103/1802/2244 1052/1803/2244
f 1052/1789/2245 1001/1081/2245 1051/1804/2245
f 1052/1789/2246 1053/1790/2246 944/662/2246
f 1055/1196/2247 947/664/2247 946/1141/2247
f 1055/1196/2248 206/1805/2248 1056/1197/2248
f 1055/1196/2249 1054/1241/2249 206/1805/2249
f 1054/1806/2250 1106/1239/2250 206/1200/2250
f 1060/234/2251 1058/1199/2251 1059/1245/2251 1005/241/2251
f 1058/1199/2252 1057/1198/2252 1059/1245/2252
f 204/1773/2253 205/1144/2253 238/1807/2253 1060/1808/2253
f 1020/208/2254 1076/1267/2254 1130/1268/2254 1077/1160/2254
f 1059/1245/2255 1006/1146/2255 1005/241/2255
f 1006/1146/2256 223/1202/2256 1007/1147/2256
f 1061/1809/2257 1062/1663/2257 223/252/2257
f 1062/1663/2258 1111/1246/2258 1063/1204/2258
f 1065/1149/2259 1066/268/2259 235/270/2259
f 1066/268/2260 236/1207/2260 1067/269/2260
f 1126/1810/2261 1071/1545/2261 1070/1547/2261
f 1071/1545/2262 1017/1097/2262 1070/1547/2262
f 1072/1264/2263 1019/1157/2263 18/187/2263
f 1072/1264/2264 1073/1539/2264 1074/1212/2264
f 1074/1212/2265 1019/1157/2265 1072/1264/2265
f 1080/1272/2266 1025/1168/2266 1024/1167/2266 1079/1214/2266
f 1077/1160/2267 1130/1268/2267 1078/1161/2267
f 1109/1309/2268 1006/1146/2268 1059/1245/2268 1108/1244/2268
f 1081/1215/2269 132/1811/2269 1026/1166/2269
f 1081/1169/2270 1082/1812/2270 1083/150/2270
f 1083/150/2271 1082/1812/2271 1137/1217/2271
f 1084/1216/2272 117/126/2272 1027/127/2272
f 1087/124/2273 1141/1283/2273 116/125/2273
f 1092/1288/2274 1144/1225/2274 1091/1171/2274
f 1144/1225/2275 1143/1226/2275 1093/117/2275
f 1144/1225/2276 1093/117/2276 1029/122/2276
f 1093/117/2277 1030/1172/2277 1029/122/2277
f 1093/117/2278 9/119/2278 1030/1172/2278
f 1094/1290/2279 1095/29/2279 45/28/2279
f 47/1190/2280 1043/1185/2280 45/28/2280
f 47/1190/2281 46/30/2281 1047/1191/2281
f 36/1799/2282 1047/1191/2282 1096/1230/2282
f 1096/1230/2283 1098/1229/2283 36/1799/2283
f 1098/12/2284 1099/1231/2284 1048/13/2284
f 1098/12/2285 1151/1295/2285 1099/1231/2285
f 1100/1193/2286 1099/1231/2286 1101/1232/2286
f 1101/1232/2287 1050/8/2287 1100/1193/2287
f 1102/1233/2288 1051/6/2288 1050/8/2288
f 1051/6/2289 1102/1233/2289 1103/1802/2289
f 1102/1233/2290 1152/1297/2290 1103/1802/2290
f 1103/1234/2291 1154/1298/2291 1105/1235/2291
f 1057/1198/2292 1107/1243/2292 207/238/2292
f 1057/1198/2293 207/238/2293 208/1308/2293
f 1057/1198/2294 208/1308/2294 1108/1244/2294
f 1124/1375/2295 1201/1813/2295 1125/1262/2295 1123/1261/2295
f 1109/1309/2296 1061/1203/2296 1006/1146/2296
f 1061/1203/2297 1109/1309/2297 1110/1326/2297
f 1062/1814/2298 1061/1203/2298 1110/1326/2298
f 1112/1148/2299 1116/1247/2299 1115/1248/2299
f 1112/1148/2300 1113/1249/2300 1114/1250/2300
f 1114/1250/2301 1117/1252/2301 21/1251/2301
f 1115/1248/2302 1160/1312/2302 1117/1252/2302
f 1113/1249/2303 1117/1252/2303 1114/1250/2303
f 1115/1248/2304 1159/1310/2304 1160/1312/2304
f 1122/1258/2305 1120/1257/2305 1124/1375/2305
f 1123/1261/2306 1122/1258/2306 1124/1375/2306
f 1097/1815/2307 1149/1396/2307 1150/1816/2307 1098/12/2307
f 1125/1262/2308 1201/1813/2308 1127/1817/2308
f 1127/190/2309 1126/1259/2309 1125/1818/2309
f 1121/1256/2310 236/1207/2310 21/1251/2310
f 1123/1261/2311 1070/1210/2311 1069/1208/2311
f 1123/1261/2312 1126/1260/2312 1070/1210/2312
f 1126/1259/2313 164/189/2313 1071/1819/2313
f 1128/1263/2314 1129/1534/2314 1072/1264/2314
f 1130/1268/2315 1341/1266/2315 171/1536/2315
f 1131/201/2316 1078/1161/2316 1130/1268/2316
f 1131/201/2317 1132/1524/2317 1134/202/2317
f 1132/1524/2318 1133/1269/2318 1134/202/2318
f 1134/202/2319 1135/1270/2319 1136/1271/2319
f 1082/1275/2320 1335/1273/2320 1137/1540/2320
f 1139/1276/2321 1137/1217/2321 1138/1820/2321
f 1086/1221/2322 1217/1281/2322 1141/1282/2322
f 1141/1282/2323 1217/1281/2323 1142/1382/2323
f 1088/1223/2324 1221/1286/2324 1090/1224/2324
f 1090/1224/2325 1092/1288/2325 1091/1171/2325
f 1224/1386/2326 1143/1226/2326 1144/1225/2326
f 1225/1289/2327 1145/1458/2327 1146/1292/2327
f 1147/1293/2328 1148/1294/2328 1095/29/2328
f 1148/1294/2329 1097/1228/2329 1096/1230/2329
f 1153/1821/2330 1152/1297/2330 1230/1399/2330 1232/1822/2330
f 1150/1816/2331 1149/1396/2331 1227/1395/2331
f 1150/1816/2332 1151/1295/2332 1098/12/2332
f 1150/1816/2333 1227/1395/2333 1151/1295/2333
f 1151/1295/2334 1101/1232/2334 1099/1231/2334
f 1152/1823/2335 1153/1401/2335 1154/1298/2335 1103/1234/2335
f 1062/1814/2336 1110/1326/2336 1172/1324/2336 1173/1824/2336
f 1154/1298/2337 1107/1243/2337 1104/1238/2337
f 1107/1243/2338 1231/1299/2338 1155/1300/2338
f 1155/1300/2339 1233/1825/2339 1156/239/2339
f 1157/1304/2340 1236/1826/2340 1238/237/2340
f 1238/237/2341 1192/1306/2341 208/1308/2341
f 208/1308/2342 207/238/2342 1238/237/2342
f 1158/1307/2343 1110/1326/2343 1109/1309/2343
f 1198/1316/2344 1176/1330/2344 1163/1332/2344 1197/1360/2344
f 1062/1663/2345 1173/1344/2345 1111/1246/2345
f 1111/1246/2346 1182/1327/2346 1116/1247/2346
f 1116/1247/2347 1159/1310/2347 1115/1248/2347
f 1116/1247/2348 1182/1327/2348 1159/1310/2348
f 1160/1312/2349 232/1311/2349 1161/1313/2349
f 1161/1313/2350 1162/1315/2350 1117/1252/2350
f 1117/1252/2351 1162/1315/2351 1118/1253/2351
f 1198/1316/2352 1175/1318/2352 1176/1330/2352
f 1173/1344/2353 1172/1827/2353 1181/1828/2353 1190/1343/2353
f 1177/1829/2354 1165/1358/2354 1164/1333/2354
f 1240/1356/2355 1165/1358/2355 1178/1830/2355
f 1178/1830/2356 1166/1354/2356 1240/1356/2356
f 1167/1355/2357 1166/1354/2357 1168/1320/2357
f 1172/1324/2358 1158/1307/2358 1192/1306/2358
f 1173/1344/2359 1182/1327/2359 1111/1246/2359
f 1161/1313/2360 232/1311/2360 1174/1831/2360
f 1161/1313/2361 1174/1831/2361 1175/1314/2361
f 1175/1318/2362 1183/1329/2362 1176/1330/2362
f 1184/1331/2363 1177/1829/2363 1164/1333/2363
f 1177/1829/2364 1178/1830/2364 1165/1358/2364
f 1178/1830/2365 1177/1829/2365 227/1348/2365
f 1178/1830/2366 1179/1347/2366 1166/1354/2366
f 1179/1347/2367 1168/1320/2367 1166/1354/2367
f 1180/1334/2368 1191/1346/2368 1170/1321/2368
f 1191/1346/2369 1181/1345/2369 1170/1832/2369
f 1168/1320/2370 1169/1319/2370 1195/1353/2370 1167/1355/2370
f 232/1341/2371 1189/1335/2371 1174/1328/2371
f 1183/1329/2372 1185/1342/2372 1184/1331/2372
f 1177/1829/2373 1184/1331/2373 227/1348/2373
f 227/1348/2374 1185/1342/2374 1186/1338/2374
f 1189/1335/2375 1188/1337/2375 1187/1336/2375
f 1185/1342/2376 1183/1329/2376 1187/1336/2376
f 1180/1334/2377 1186/1338/2377 1188/1337/2377
f 1179/1347/2378 1178/1830/2378 227/1348/2378
f 1179/1347/2379 1180/1334/2379 1168/1320/2379
f 1192/1306/2380 1171/1349/2380 1172/1324/2380
f 1171/1349/2381 1192/1306/2381 1193/1305/2381
f 1171/1349/2382 1170/1325/2382 1172/1324/2382
f 1194/1352/2383 1195/1353/2383 1169/1319/2383
f 119/1833/2384 1212/222/2384 194/224/2384 120/1834/2384
f 1195/1353/2385 1240/1356/2385 1166/1354/2385
f 12/1359/2386 1196/1361/2386 1163/1332/2386
f 1211/1364/2387 1120/1257/2387 1119/1255/2387
f 1200/192/2388 1201/1813/2388 1124/1375/2388
f 1200/192/2389 166/191/2389 1201/1813/2389
f 1208/1373/2390 1209/221/2390 1200/192/2390
f 1202/220/2391 193/219/2391 1203/1367/2391
f 193/219/2392 1210/1370/2392 1203/1367/2392
f 194/224/2393 121/1835/2393 120/1834/2393
f 121/1368/2394 1203/1367/2394 1205/1374/2394
f 1208/1373/2395 1211/1364/2395 1199/1363/2395
f 193/219/2396 1207/1371/2396 1210/1370/2396
f 1205/1374/2397 1210/1370/2397 1206/1372/2397
f 1208/1373/2398 193/219/2398 1209/221/2398
f 1200/192/2399 1124/1375/2399 1211/1364/2399
f 1207/1371/2400 1197/1362/2400 1206/1372/2400
f 1205/1374/2401 1206/1372/2401 1196/1652/2401
f 1206/1372/2402 1197/1362/2402 1196/1652/2402
f 1197/1362/2403 1207/1371/2403 1199/1363/2403
f 1205/1374/2404 1204/1377/2404 121/1368/2404
f 1282/1389/2405 1283/1391/2405 1148/1294/2405 1147/1293/2405
f 1213/1836/2406 1212/222/2406 119/1833/2406
f 1215/1278/2407 1216/1280/2407 124/1219/2407
f 1216/1280/2408 1266/1442/2408 1269/1380/2408
f 1142/1382/2409 1218/1381/2409 1219/142/2409
f 1220/1285/2410 1278/140/2410 1221/1286/2410
f 1221/1286/2411 1276/1452/2411 1222/1384/2411
f 1222/1384/2412 1092/1288/2412 1090/1224/2412
f 118/1837/2413 1275/1454/2413 1145/1458/2413
f 1145/1458/2414 1224/1387/2414 118/1837/2414
f 1224/1387/2415 1145/1458/2415 1225/1289/2415
f 1146/1292/2416 1145/1458/2416 1281/1388/2416
f 1253/1424/2417 1233/1423/2417 1231/1838/2417 1232/1425/2417
f 1148/1294/2418 1283/1391/2418 1097/1228/2418
f 1284/1390/2419 1149/1839/2419 1097/1228/2419
f 1151/1295/2420 1227/1395/2420 1228/1398/2420
f 1153/1401/2421 1231/1299/2421 1154/1298/2421
f 1155/1840/2422 1231/1838/2422 1233/1423/2422
f 1233/1423/2423 1234/1301/2423 1156/1303/2423
f 1234/1301/2424 1235/1419/2424 1157/1302/2424
f 1235/1419/2425 1236/1402/2425 1157/1302/2425
f 1238/237/2426 1237/1350/2426 1193/1305/2426
f 1193/1305/2427 1237/1350/2427 1171/1349/2427
f 1194/1404/2428 239/273/2428 1239/1415/2428
f 1195/1353/2429 1239/1405/2429 1246/1841/2429
f 1246/1841/2430 1240/1356/2430 1195/1353/2430
f 1240/1356/2431 1246/1841/2431 1245/1414/2431
f 1241/1357/2432 1243/1407/2432 1165/1358/2432
f 137/1408/2433 1243/1411/2433 1242/153/2433
f 1243/1411/2434 1244/1842/2434 1262/1410/2434
f 1247/1416/2435 1248/272/2435 1249/146/2435
f 1248/272/2436 1250/1418/2436 1249/146/2436
f 1250/1418/2437 1251/147/2437 1249/146/2437
f 1250/1418/2438 1258/1421/2438 1251/147/2438
f 1235/1419/2439 1258/1421/2439 1250/1418/2439
f 1252/1420/2440 1292/1464/2440 1258/1421/2440
f 1234/1301/2441 1254/1422/2441 1252/1420/2441
f 1234/1301/2442 1233/1423/2442 1254/1422/2442
f 1229/1843/2443 1228/1429/2443 1255/1512/2443 1230/1426/2443
f 1230/1426/2444 1255/1512/2444 1253/1424/2444
f 1228/1429/2445 1256/1428/2445 1255/1512/2445
f 1277/1451/2446 1278/140/2446 1274/139/2446 1300/1449/2446
f 1227/1427/2447 129/1430/2447 1256/1428/2447
f 1291/1431/2448 1255/1512/2448 1256/1428/2448
f 1255/1512/2449 1291/1431/2449 1257/1432/2449
f 1292/1464/2450 1252/1420/2450 1257/1432/2450
f 1292/1464/2451 1294/1465/2451 1258/1421/2451
f 1294/1465/2452 1251/147/2452 1258/1421/2452
f 130/145/2453 1295/1433/2453 1249/146/2453
f 1260/1435/2454 1261/1497/2454 1244/1500/2454
f 1262/1410/2455 1244/1842/2455 1263/1437/2455
f 1264/1438/2456 1313/1502/2456 1265/1439/2456
f 1267/1441/2457 1266/1442/2457 1325/129/2457
f 1266/1442/2458 1267/1441/2458 1268/1443/2458
f 1267/1441/2459 1314/1647/2459 1268/1443/2459
f 1218/1381/2460 1217/1281/2460 1269/1380/2460
f 1270/143/2461 1219/142/2461 1218/1381/2461
f 1271/137/2462 1272/1485/2462 1273/135/2462
f 1275/1454/2463 118/1837/2463 1223/1455/2463
f 1223/1385/2464 1222/1384/2464 1276/1452/2464
f 1221/1286/2465 1277/1451/2465 1276/1452/2465
f 1296/1467/2466 1290/1469/2466 1297/1470/2466 111/115/2466
f 1274/139/2467 1270/138/2467 127/136/2467
f 1274/139/2468 128/141/2468 1270/138/2468
f 1278/140/2469 1219/1383/2469 128/141/2469
f 1278/140/2470 1277/1451/2470 1221/1286/2470
f 1280/1459/2471 1303/1478/2471 1281/1388/2471
f 1280/1459/2472 1281/1388/2472 1145/1458/2472
f 1284/1392/2473 1306/1483/2473 1286/1482/2473
f 1284/1392/2474 1286/1482/2474 1285/1460/2474
f 1226/1461/2475 1285/1844/2475 108/112/2475
f 129/1430/2476 108/112/2476 110/1648/2476
f 108/112/2477 109/111/2477 110/1648/2477
f 1285/1460/2478 1286/1482/2478 108/1845/2478
f 1307/1475/2479 1287/1474/2479 1286/1482/2479
f 1287/1474/2480 1288/1471/2480 1286/1482/2480
f 129/1430/2481 1289/1463/2481 1291/1431/2481
f 1291/1431/2482 1290/1469/2482 1292/1464/2482
f 1292/1464/2483 1290/1469/2483 1293/1466/2483
f 1294/1465/2484 130/145/2484 1251/147/2484
f 130/145/2485 1293/1466/2485 113/1468/2485
f 1295/1433/2486 130/145/2486 113/1468/2486
f 1293/1466/2487 1290/1469/2487 1296/1467/2487
f 126/1511/2488 1318/1447/2488 1317/1503/2488 1309/1505/2488
f 1288/1462/2489 111/115/2489 1297/1470/2489
f 1297/1470/2490 109/111/2490 1288/1462/2490
f 1299/1448/2491 1305/1476/2491 1300/1449/2491
f 1300/1449/2492 1304/1477/2492 1301/1450/2492
f 1301/1846/2493 1302/1479/2493 123/1456/2493
f 1279/1457/2494 1275/1454/2494 1303/1478/2494
f 1303/1478/2495 1280/1459/2495 1279/1457/2495
f 1283/1481/2496 1305/1476/2496 1306/1483/2496
f 1306/1483/2497 1284/1392/2497 1283/1481/2497
f 1306/1483/2498 1305/1476/2498 1307/1475/2498
f 1299/1448/2499 1273/135/2499 1298/1472/2499
f 1308/1486/2500 111/1473/2500 1298/1472/2500
f 1308/1486/2501 1272/1485/2501 125/1488/2501
f 1310/1495/2502 114/1494/2502 112/1493/2502
f 113/1468/2503 8/114/2503 114/1494/2503
f 1310/1495/2504 1311/1496/2504 1295/1433/2504
f 1259/1434/2505 1311/1496/2505 1261/1497/2505
f 1261/1497/2506 1321/1498/2506 1244/1500/2506
f 1263/1437/2507 1322/1508/2507 1312/1501/2507
f 1313/1502/2508 1314/1647/2508 1267/1441/2508
f 1314/1647/2509 1315/1444/2509 1268/1443/2509
f 1315/1444/2510 1316/1445/2510 1270/143/2510
f 1334/1522/2511 1335/1273/2511 1133/1269/2511 1333/1542/2511
f 1309/1489/2512 1323/1507/2512 1320/1492/2512
f 1321/1498/2513 1311/1496/2513 1310/1495/2513
f 1312/1501/2514 1322/1508/2514 122/1509/2514
f 1316/1445/2515 1319/1504/2515 1317/1503/2515
f 1314/1647/2516 1313/1502/2516 122/1509/2516
f 125/1490/2517 112/1493/2517 1308/116/2517
f 1298/1472/2518 1288/1471/2518 1287/1474/2518
f 1290/1469/2519 1291/1431/2519 1289/1463/2519
f 1325/129/2520 1326/1440/2520 1267/1441/2520
f 1326/1440/2521 120/128/2521 138/154/2521
f 1324/1378/2522 119/130/2522 1325/129/2522
f 1324/1378/2523 1215/1278/2523 1214/1277/2523
f 1245/1414/2524 1241/1357/2524 1240/1356/2524
f 1327/1514/2525 1213/1379/2525 1214/1277/2525
f 1213/1836/2526 1327/1515/2526 1212/222/2526
f 1327/1515/2527 1333/1542/2527 1328/1516/2527
f 1328/1516/2528 1332/1520/2528 1329/223/2528
f 1331/1517/2529 1340/1529/2529 166/1847/2529
f 1332/1520/2530 1333/1542/2530 1338/1538/2530
f 1338/1538/2531 1333/1542/2531 169/1526/2531
f 1333/1542/2532 1327/1515/2532 1334/1522/2532
f 1357/1561/2533 1356/699/2533 1355/1571/2533 1362/1573/2533
f 169/1526/2534 1337/1537/2534 1338/1538/2534
f 1338/1538/2535 170/1527/2535 1340/1529/2535
f 1340/1529/2536 1332/1520/2536 1338/1538/2536
f 1340/1529/2537 1331/1517/2537 1332/1520/2537
f 1130/1268/2538 171/1536/2538 1342/1535/2538
f 1342/1535/2539 1131/201/2539 1130/1268/2539
f 1342/1535/2540 1336/1525/2540 1132/1524/2540
f 1337/1537/2541 171/1536/2541 170/1527/2541
f 165/1848/2542 1340/1529/2542 1339/1528/2542
f 1337/1537/2543 169/1526/2543 1336/1525/2543
f 1334/1849/2544 1139/1276/2544 1138/1820/2544
f 1332/1520/2545 1328/1516/2545 1333/1542/2545
f 165/1850/2546 1127/1817/2546 1201/1813/2546
f 1201/1813/2547 166/191/2547 165/1850/2547
f 1092/1288/2548 1223/1385/2548 118/1287/2548
f 1080/1272/2549 195/1274/2549 1025/1168/2549
f 195/1274/2550 1081/1215/2550 1025/1168/2550
f 1073/1539/2551 1072/1264/2551 1129/1534/2551
f 1121/1256/2552 21/1251/2552 1118/1253/2552
f 1198/1254/2553 1118/1253/2553 1162/1315/2553
f 1343/1209/2554 23/1851/2554 1068/1206/2554
f 1068/1206/2555 23/1851/2555 1344/1546/2555
f 1344/1546/2556 235/270/2556 1067/269/2556
f 1344/1546/2557 1012/1096/2557 235/270/2557
f 1344/1546/2558 1013/1150/2558 1012/1096/2558
f 1343/1852/2559 1015/1155/2559 23/1548/2559
f 1015/1155/2560 1343/1852/2560 1070/1547/2560
f 23/1548/2561 1013/1153/2561 1344/1853/2561
f 1070/1547/2562 1017/1097/2562 1016/1156/2562
f 1035/1180/2563 1036/1800/2563 1037/1181/2563
f 1046/1188/2564 1041/1798/2564 1042/1189/2564
f 1041/1798/2565 1038/1183/2565 1037/1181/2565
f 44/1173/2566 1031/1174/2566 1094/1227/2566
f 135/151/2567 11/152/2567 133/148/2567
f 980/1551/2568 979/1784/2568 132/149/2568
f 979/1784/2569 978/1785/2569 1026/1792/2569
f 975/1782/2570 974/1780/2570 1024/1167/2570
f 974/1780/2571 180/1586/2571 1079/1214/2571
f 180/1586/2572 974/1780/2572 973/1165/2572
f 973/1165/2573 972/214/2573 179/1552/2573
f 1022/1553/2574 177/207/2574 1021/1162/2574
f 178/1554/2575 1345/1102/2575 177/207/2575
f 1346/1103/2576 971/1109/2576 187/213/2576
f 1346/1103/2577 187/213/2577 969/1107/2577
f 1010/250/2578 223/252/2578 1063/1204/2578
f 1008/1772/2579 952/1084/2579 216/1083/2579
f 1008/1772/2580 606/671/2580 952/1084/2580
f 1349/1128/2581 26/1129/2581 27/1556/2581
f 1348/1555/2582 27/1556/2582 1347/1557/2582
f 937/1559/2583 936/1769/2583 935/1558/2583
f 1348/1555/2584 1357/1561/2584 1363/1562/2584
f 1350/1563/2585 1364/1574/2585 990/1123/2585
f 1364/1574/2586 988/1854/2586 990/1123/2586
f 988/1854/2587 1364/1574/2587 1365/1578/2587
f 1365/1855/2588 986/1564/2588 988/1120/2588
f 986/1564/2589 1365/1855/2589 131/1856/2589
f 986/1564/2590 131/1856/2590 1351/1565/2590
f 1352/1566/2591 196/1118/2591 986/1564/2591
f 1352/1569/2592 1354/1568/2592 626/698/2592
f 1354/1568/2593 1353/1567/2593 1366/1857/2593
f 627/1570/2594 1354/1858/2594 1366/1576/2594
f 627/1570/2595 1356/699/2595 628/701/2595
f 977/1112/2596 1352/1569/2596 626/698/2596 625/695/2596
f 1358/1560/2597 1360/706/2597 1361/1572/2597
f 1360/706/2598 1358/1560/2598 1359/1070/2598
f 1360/706/2599 1359/1070/2599 49/707/2599
f 1358/1560/2600 1348/1555/2600 935/1558/2600
f 1363/1562/2601 1362/1573/2601 1364/1574/2601
f 1364/1574/2602 1350/1563/2602 1349/1128/2602
f 1353/1577/2603 1351/1859/2603 131/1575/2603
f 1365/1578/2604 1355/1571/2604 1366/1576/2604
f 1366/1576/2605 1355/1571/2605 627/1570/2605
f 1375/1593/2606 1379/1860/2606 168/196/2606 530/1592/2606
f 977/1112/2607 196/1580/2607 1352/1569/2607
f 1367/1581/2608 976/1861/2608 975/1110/2608
f 976/1861/2609 1367/1581/2609 623/692/2609
f 623/692/2610 1368/1584/2610 976/1861/2610
f 1347/1557/2611 995/1132/2611 937/1559/2611
f 989/1119/2612 1369/1113/2612 9/119/2612
f 1369/1113/2613 989/1119/2613 984/1114/2613
f 987/1121/2614 985/1117/2614 984/1114/2614
f 557/90/2615 476/626/2615 556/91/2615
f 571/634/2616 92/92/2616 555/538/2616
f 145/1657/2617 457/108/2617 548/162/2617
f 539/760/2618 449/510/2618 537/1054/2618
f 448/1588/2619 1370/1862/2619 538/1589/2619
f 1370/1600/2620 534/605/2620 182/607/2620
f 1372/604/2621 173/1590/2621 1373/602/2621
f 1373/602/2622 532/601/2622 1372/604/2622
f 1374/1591/2623 1375/1593/2623 531/603/2623
f 168/196/2624 1379/1860/2624 440/194/2624
f 443/506/2625 1376/1694/2625 444/197/2625
f 1376/1694/2626 443/506/2626 1377/1594/2626
f 1376/1694/2627 1377/1594/2627 173/1590/2627
f 1375/1593/2628 1378/1595/2628 1379/1860/2628
f 191/593/2629 525/596/2629 527/598/2629 192/592/2629
f 443/506/2630 1379/1860/2630 1378/1595/2630
f 443/506/2631 440/194/2631 1379/1860/2631
f 443/506/2632 442/505/2632 441/1596/2632
f 439/1598/2633 436/1693/2633 527/598/2633
f 439/1598/2634 527/598/2634 528/1710/2634
f 436/1693/2635 192/592/2635 527/598/2635
f 1370/1695/2636 448/1605/2636 447/1604/2636
f 518/248/2637 225/256/2637 1383/258/2637 219/249/2637
f 420/1690/2638 598/577/2638 515/489/2638 237/488/2638
f 1383/258/2639 1382/498/2639 427/497/2639
f 472/1602/2640 105/532/2640 389/536/2640 388/366/2640
f 398/461/2641 480/545/2641 558/541/2641
f 1403/1626/2642 442/1624/2642 365/420/2642 364/422/2642
f 1384/171/2643 14/173/2643 1388/1700/2643
f 1384/171/2644 149/163/2644 462/172/2644
f 1385/527/2645 453/517/2645 149/163/2645
f 1389/1863/2646 451/528/2646 1386/530/2646
f 451/528/2647 1389/1863/2647 467/531/2647
f 1389/1863/2648 468/451/2648 467/531/2648
f 1389/1863/2649 1387/450/2649 468/451/2649
f 1386/530/2650 469/1699/2650 1387/450/2650
f 1388/1700/2651 464/1696/2651 1384/171/2651
f 1388/1700/2652 469/1699/2652 1386/530/2652
f 1388/1700/2653 1386/530/2653 464/1696/2653
f 1389/1863/2654 1386/530/2654 1387/450/2654
f 1390/1603/2655 450/1864/2655 466/1698/2655
f 1390/1603/2656 448/1605/2656 450/1864/2656
f 1390/1603/2657 1391/105/2657 447/1604/2657
f 382/106/2658 1391/105/2658 385/447/2658
f 384/449/2659 383/446/2659 382/106/2659
f 382/106/2660 1401/1606/2660 103/107/2660
f 103/1610/2661 1392/1609/2661 446/508/2661
f 447/1604/2662 1391/105/2662 103/107/2662
f 1392/1609/2663 172/198/2663 445/509/2663
f 1392/1609/2664 1398/1619/2664 1393/199/2664
f 1393/199/2665 1398/1619/2665 1397/424/2665
f 202/1612/2666 1397/424/2666 1396/1617/2666
f 1394/1613/2667 1395/103/2667 101/102/2667
f 1394/1615/2668 1396/1617/2668 1402/1616/2668
f 1397/424/2669 379/1688/2669 377/441/2669
f 1399/1618/2670 379/1688/2670 1398/1619/2670
f 1400/1608/2671 1398/1619/2671 1392/1609/2671
f 379/1688/2672 1397/424/2672 1398/1619/2672
f 1394/1615/2673 202/1612/2673 1396/1617/2673
f 1376/1694/2674 173/1590/2674 445/509/2674
f 214/581/2675 425/1685/2675 517/669/2675 602/580/2675
f 442/1624/2676 362/427/2676 1404/418/2676
f 1404/418/2677 440/1597/2677 441/1625/2677
f 438/417/2678 1405/419/2678 1406/217/2678
f 1406/217/2679 437/1692/2679 438/417/2679
f 1406/217/2680 361/416/2680 190/218/2680
f 1405/419/2681 361/416/2681 1406/217/2681
f 360/413/2682 233/1636/2682 433/1635/2682
f 415/478/2683 38/16/2683 3/27/2683 414/26/2683
f 22/486/2684 352/494/2684 412/487/2684
f 388/366/2685 326/1628/2685 471/452/2685
f 471/452/2686 326/1628/2686 470/453/2686
f 326/1628/2687 325/375/2687 387/1627/2687
f 387/1627/2688 325/375/2688 324/1629/2688
f 324/1629/2689 386/363/2689 387/1627/2689
f 386/363/2690 330/365/2690 104/448/2690
f 375/1623/2691 99/1865/2691 1395/1621/2691
f 363/428/2692 1403/1626/2692 364/422/2692
f 355/407/2693 308/408/2693 307/345/2693
f 355/407/2694 307/345/2694 278/314/2694
f 306/343/2695 355/407/2695 278/314/2695
f 306/343/2696 213/405/2696 354/404/2696
f 306/343/2697 276/344/2697 213/405/2697
f 91/374/2698 329/370/2698 323/364/2698
f 335/378/2699 90/377/2699 378/360/2699
f 358/265/2700 242/415/2700 241/353/2700
f 312/1866/2701 229/318/2701 280/317/2701
f 280/1867/2702 310/349/2702 312/348/2702
f 248/283/2703 247/1666/2703 266/298/2703
f 247/1666/2704 246/1630/2704 1407/295/2704
f 1407/295/2705 245/1631/2705 217/1632/2705
f 217/244/2706 263/246/2706 264/1868/2706
f 245/278/2707 262/245/2707 217/244/2707
f 1000/1869/2708 32/1870/2708 31/7/2708
f 32/1870/2709 37/1136/2709 31/7/2709
f 459/183/2710 159/521/2710 456/184/2710
