# Blender 4.0.0
# www.blender.org
o debris_4
v -0.552459 1.118976 1.451374
v -1.357524 -1.720446 -0.767021
v -0.708475 0.074102 -0.215747
v -0.600199 1.182930 0.318622
v 0.660558 -0.912858 -0.849858
v 0.696756 0.796791 -1.047743
v 0.863645 -0.624589 -0.540751
v 0.971990 -0.412857 -0.335915
v 1.090617 0.189297 -0.087195
v 0.996227 1.054020 -0.587158
v 0.501520 -0.760398 1.136010
v 0.888802 -0.910962 -0.432108
v -0.105756 1.417542 1.285967
v 0.747390 1.212324 0.935087
v -0.718637 0.006750 -0.536245
v 1.001828 0.446113 -0.645440
v 1.047071 0.437266 -0.442486
v 0.998026 0.535035 0.435716
v 0.985681 -0.456395 0.436225
v 0.851785 -0.363432 1.028413
v -0.591989 0.732621 1.109404
v -0.561731 0.169009 0.645181
v -0.361084 -1.592814 -0.860925
v 0.238637 1.500045 0.554396
v 0.536003 1.521685 0.545094
v 0.596659 1.469609 0.232242
v 0.070287 1.380667 -0.004302
v -1.030169 -1.055037 0.237936
v -1.144210 -1.411052 0.162194
v -1.188082 -1.515530 -0.195150
v -1.291301 -1.643188 -0.537110
v -1.272502 -1.768898 -1.169886
v -1.135023 -1.695747 -1.403385
v -0.900240 -0.875732 0.349513
v -0.829373 -0.329290 0.023011
v -0.819307 -0.049507 0.009109
v -0.731785 0.242885 -0.322928
v -0.780919 0.436718 -0.394910
v -0.738806 0.653755 -0.439817
v -0.610211 0.967751 -0.597507
v -0.655626 1.073616 -0.219940
v -0.606401 1.143314 -0.063099
v -0.647465 1.105466 0.119792
v -0.638918 1.162409 0.469150
v -0.711816 1.158576 1.001624
v -0.449990 0.792828 1.524724
v 0.028966 0.289454 1.578963
v 0.171605 0.142440 1.645700
v 0.341493 0.039238 1.597471
v 0.478636 -0.173391 1.441791
v -0.837729 -1.652157 -1.530058
v -0.593596 -1.645987 -1.581037
v -0.155499 -1.484341 -1.444472
v 0.411443 -1.229227 -1.260628
v 0.469904 -1.127158 -1.203717
v 0.585183 -1.055633 -0.888361
v -0.820349 -1.423680 -1.452326
v -0.638982 -1.171763 -1.530826
v -0.425738 -0.917223 -1.438402
v -0.239222 -0.535835 -1.383228
v -0.035828 -0.229253 -1.355755
v 0.381432 0.074851 -1.245615
v 0.971424 -0.421234 -0.449517
v 1.057862 0.028231 -0.161846
v 1.132399 0.317264 0.091896
v 1.034823 0.752095 0.236096
v 1.053506 1.007921 0.493270
v 0.183329 1.142444 -0.968083
v 0.349791 1.084351 -0.997082
v 0.670452 1.081126 -1.030617
v 1.104819 1.074913 -0.311574
v -0.791153 -0.848139 0.474525
v -0.397870 -0.915472 0.782954
v -0.138592 -0.872389 0.931681
v 0.028963 -0.809622 1.073675
v 0.153469 -0.733795 1.146874
v 0.227682 -0.901342 0.966339
v 0.731411 -0.567091 1.134308
v 0.883487 -0.754597 0.709165
v 0.956392 -0.720810 0.541299
v 0.876622 -0.929563 0.294664
v 0.921418 -0.725543 0.263950
v 0.921303 -0.814488 0.116265
v 0.860263 -0.897127 0.017731
v 0.931027 -0.734334 -0.149062
v 0.849070 -0.915221 -0.567282
v 0.829284 -0.777303 -0.553766
v -0.373527 1.256707 1.440356
v 0.478871 1.328500 1.161438
v 0.645516 1.359006 0.976882
v 0.984561 1.157360 0.705851
v -1.002753 -0.745330 0.184707
v -0.890947 -0.482891 0.000760
v -0.724375 0.030386 -0.379500
v -0.556552 0.501440 -0.620965
v -0.489382 0.789813 -0.716903
v -1.114387 -0.900914 0.030568
v -1.031920 -0.679106 -0.300488
v -0.977540 -0.600603 -0.189663
v -0.842278 -0.223689 -0.422243
v -0.547721 0.297945 -0.701725
v -0.395282 0.604113 -0.765085
v -1.077203 -0.877844 -0.140324
v -0.714346 -0.297770 -0.569045
v -0.704400 0.061360 -0.692482
v -0.316958 0.542575 -0.872897
v -0.224856 0.916160 -0.940120
v -0.873892 -0.460457 -0.426289
v -0.554539 0.057903 -0.872852
v -0.521804 0.200282 -0.794403
v -1.009067 -1.139370 -0.513670
v -0.948800 -0.680828 -0.527173
v -0.683963 -0.392194 -0.614929
v -0.511214 -0.026893 -0.954292
v -0.194600 0.649005 -0.960573
v 0.000392 0.793818 -1.025733
v -0.879136 -0.697349 -0.702783
v -0.740268 -0.545313 -0.676433
v -0.569235 -0.195279 -0.815362
v -0.227173 0.440927 -1.025361
v -0.621583 -0.486567 -0.786749
v -0.181841 0.280424 -1.068155
v 0.074763 0.522812 -1.122317
v -0.602026 -0.493928 -0.944222
v -0.098572 0.245094 -1.127907
v -0.042250 0.466737 -1.134489
v 0.182702 0.701958 -1.036472
v -0.695024 -0.644746 -1.038335
v -0.554790 -0.536460 -1.060545
v -0.306794 -0.124950 -1.091359
v 0.000125 0.209720 -1.222541
v -0.821504 -1.014079 -1.017386
v -0.593356 -0.678599 -1.183003
v -0.211011 -0.208505 -1.202788
v 0.347576 0.697417 -1.056116
v 0.127310 0.258902 -1.295536
v 0.436042 0.939848 -1.043110
v 0.522253 0.703079 -1.108819
v -0.171088 -0.344498 -1.284255
v -0.903110 -0.446624 0.129282
v -0.956989 -0.585690 0.087546
v -0.824897 -0.166433 -0.128552
v -0.553373 0.849033 -0.670230
v -0.116056 1.132885 -0.951340
v 0.629058 0.872889 -1.070026
v 0.517615 0.498463 -1.188493
v 0.246099 0.287778 -1.290890
v 0.140717 -0.036580 -1.289753
v -0.040798 -0.044976 -1.295892
v -0.314049 -0.525522 -1.287624
v -0.563966 -0.929359 -1.341900
v -0.845812 -1.239620 -1.274382
v -1.035995 -1.319698 -1.013340
v -1.065440 -1.193703 -0.774916
v -1.245154 -1.427617 -0.438685
v -1.204217 -1.252612 -0.093784
v -1.173447 -1.288666 -0.341195
v -1.111326 -1.119992 -0.202659
v -1.226952 -1.228540 0.081649
v -1.178133 -1.109090 -0.002631
v -0.866345 -0.980234 0.367500
v -0.047940 -0.540274 -1.428709
v 0.504618 0.060752 -1.155086
v 0.747563 0.576638 -0.934579
v 0.694807 0.650826 -1.014359
v 0.166893 -0.520067 -1.396092
v 0.358805 -0.114505 -1.166077
v 0.892272 0.844384 -0.922361
v 0.309464 -0.305184 -1.227213
v 0.380457 -0.287294 -1.159786
v 0.708523 0.248191 -1.046709
v 1.043957 0.608854 -0.669224
v 0.250066 -0.806649 -1.371881
v 0.262077 -0.644187 -1.364826
v 0.920251 0.557357 -0.777143
v 1.045504 0.880176 -0.579823
v 0.476868 -0.380960 -1.126642
v 0.344288 -0.732574 -1.300237
v 1.130599 0.615983 -0.518973
v 1.110673 0.787700 -0.525343
v 0.282623 -0.937676 -1.350320
v 0.474280 -0.798069 -1.151470
v 0.811110 -0.053217 -0.799779
v 0.945713 0.226974 -0.445237
v 1.163076 0.647117 -0.387962
v 1.193156 0.678863 -0.202550
v 0.547819 -0.814689 -1.068919
v 0.611365 -0.604984 -0.901107
v 0.836981 -0.308494 -0.660179
v 0.892879 0.042951 -0.556812
v 1.078115 0.382726 -0.279923
v 1.181190 0.536018 -0.169583
v 1.165678 0.909732 -0.009365
v 0.730587 -0.483245 -0.735302
v 0.927073 -0.165924 -0.593962
v 0.944084 0.113275 -0.374503
v 1.119507 0.729383 0.040039
v 1.144286 1.014063 0.109820
v 0.970336 -0.051356 -0.315082
v 0.475074 0.271989 -1.267152
v 1.060840 0.939681 0.360574
v 0.784060 -0.821309 -0.755619
v 0.024239 -1.332753 -1.360529
v -0.366619 -1.290387 -1.550209
v -0.703543 -1.530788 -1.553975
v -0.690096 -1.382078 -1.526245
v 0.953323 -0.506863 -0.248280
v 1.047388 0.216024 0.198594
v 1.061490 0.362785 0.353203
v 0.969650 -0.497808 -0.004450
v 1.026360 0.029254 0.141445
v 0.836490 1.098793 0.835815
v 1.013145 -0.394343 0.064006
v 1.019051 -0.108735 0.189724
v 0.944003 0.191562 0.493933
v 0.809511 0.730992 0.678405
v 0.909001 -0.616355 0.107263
v 0.936903 0.036382 0.431529
v 0.699278 0.887267 0.825350
v 1.027359 -0.230644 0.337179
v 0.934126 -0.029466 0.550661
v 0.512186 0.810817 1.084043
v 0.348554 1.232733 1.224811
v 1.002104 -0.250501 0.658020
v 0.933541 -0.016020 0.672475
v 0.697512 0.365079 0.967447
v 0.627495 0.531059 0.918312
v 1.009894 -0.440841 0.640685
v 0.907458 -0.162455 0.807033
v 0.529710 0.645170 1.044921
v 0.406615 0.958753 1.216389
v 0.410256 0.557029 1.209330
v 0.239553 0.919935 1.262647
v 0.957631 -0.471756 0.911994
v -0.041029 1.104639 1.356231
v 0.748192 -0.030185 1.087281
v 0.527152 0.210817 1.237547
v 0.843709 -0.218599 0.997293
v 0.343474 0.396775 1.292294
v 0.031697 0.627758 1.466938
v -0.337950 1.101646 1.466247
v 0.602472 -0.210104 1.371668
v 0.949774 -0.639446 -0.377431
v 1.023272 -0.320926 -0.190856
v 1.082401 -0.167958 -0.151412
v 1.039732 0.560654 0.242225
v 1.014789 0.997778 0.605596
v 0.216950 1.224467 1.282812
v -0.180632 1.056803 1.467254
v -0.403237 0.995504 1.484271
v -0.337288 0.848588 1.526293
v 0.141134 0.324580 1.522131
v 0.282178 0.276772 1.513191
v 0.478857 0.125483 1.417646
v 0.681242 -0.418447 1.205250
v 0.906985 -0.649462 0.927983
v 0.950660 -0.593926 0.727751
v 0.272949 -0.219255 1.418489
v -0.018082 0.169086 1.504672
v -0.452393 0.673762 1.348474
v -0.309185 0.266816 1.053759
v -0.417532 0.391203 1.145938
v 0.040900 -0.525956 1.248807
v -0.125708 -0.040373 1.214932
v -0.216368 0.025392 1.079551
v -0.365792 0.199313 0.940644
v -0.357565 0.070951 0.933900
v -0.728904 0.715891 0.819457
v -0.456420 -0.071471 0.867931
v -0.650281 0.392771 0.768014
v -0.702947 0.769005 0.635294
v -0.221909 -0.468790 0.976632
v -0.672518 0.399798 0.580685
v -0.696893 0.689940 0.517461
v -0.236952 -0.590939 0.964739
v -0.613225 0.168692 0.449897
v -0.675221 0.731650 0.414928
v -0.653249 0.946021 0.197324
v -0.402865 -0.487641 0.875345
v -0.545875 0.002217 0.645606
v -0.764153 0.560082 0.240635
v -0.751583 -0.171444 0.391919
v -0.714921 0.417542 0.382965
v -0.723991 0.148823 0.266298
v -0.841668 0.510508 0.135554
v -0.794338 0.648371 0.001003
v -0.712827 0.885919 -0.138424
v -0.681406 -0.630940 0.624734
v -0.750449 -0.655103 0.560352
v -0.692269 -0.456378 0.505679
v -0.806570 0.677989 -0.264922
v -0.740829 0.865685 -0.411380
v -0.824003 -0.125288 0.221868
v -0.828165 0.064901 0.105632
v -0.783655 0.727020 -0.345525
v 0.546558 -0.380614 1.399339
v 0.452736 -0.458784 1.334736
v 0.409667 -0.246267 1.415228
v 0.196452 -0.050177 1.567408
v -0.687394 0.959298 0.564970
v -0.709272 0.982937 -0.316528
v -0.669842 0.803812 -0.543560
v -0.780425 0.140635 -0.004482
v -0.790359 -0.406630 0.316936
v -0.846712 -0.749880 0.444856
v -0.545006 -0.781444 0.749671
v -0.345479 -0.773691 0.819047
v 0.030681 -0.663023 1.156958
v 0.239823 -0.676651 1.240388
v -0.732182 -1.175818 0.380807
v -0.863796 -1.465177 0.204185
v -0.948657 -1.569082 -0.081855
v -0.671224 -1.307669 0.338752
v -0.899116 -1.644754 -0.281811
v -0.761420 -1.673913 -0.671558
v -0.783607 -1.721271 -0.876566
v -0.663820 -1.467878 0.001817
v -0.651534 -1.521842 -0.178578
v -0.521562 -1.612513 -0.426553
v -0.449868 -1.116459 0.687623
v -0.421590 -1.255369 0.544897
v -0.396906 -1.519979 -0.205319
v -0.561877 -1.575437 -0.773173
v -0.521566 -1.640589 -0.921585
v -0.572092 -1.812791 -1.321027
v -0.419122 -1.759947 -1.245459
v -0.214396 -1.389173 -0.128541
v -0.155183 -1.587123 -1.150145
v -0.091931 -1.344828 0.044451
v -0.053763 -1.321850 -0.151911
v 0.108876 -1.117527 0.832523
v 0.085241 -1.201386 0.661759
v 0.154810 -1.342509 -0.320453
v 0.095595 -1.381742 -0.638316
v 0.054926 -1.529371 -0.955043
v 0.243772 -1.079078 0.805724
v 0.209878 -1.172153 0.724524
v 0.297998 -1.365080 -0.353296
v 0.550289 -1.332423 -0.247336
v 0.286937 -1.326243 -0.590496
v 0.500803 -1.211858 -0.881222
v 0.465114 -0.897195 0.976883
v 0.441158 -1.260603 0.016635
v 0.483467 -1.305273 -0.496744
v 0.688373 -1.035657 0.757554
v 0.594187 -1.119766 0.516510
v 0.626717 -1.230648 -0.161939
v 0.718586 -0.903962 0.926927
v 0.690156 -1.097555 0.076313
v 0.798232 -0.961358 -0.148083
v 0.793342 -1.040232 -0.287346
v 0.819357 -1.075540 -0.422213
v -0.890482 -1.322138 0.285605
v -1.001960 -1.526816 0.047892
v -1.169728 -1.712114 -0.509568
v -1.152704 -1.889525 -1.174245
v -0.076231 -1.526502 -1.256863
v 0.239543 -1.469106 -1.030195
v 0.590658 -1.060370 -0.791370
v 0.878332 -0.909244 0.522011
v 0.756275 -0.714095 1.046558
v 0.661450 -0.840742 1.050351
v 0.376471 -0.832516 1.052405
v -0.490118 1.373215 1.148416
v 0.742391 1.484461 0.614538
v -0.333613 1.396614 0.686226
v 0.661327 1.528078 0.437526
v 0.889541 1.449979 0.533555
v 1.005111 1.356938 0.298914
v 0.397399 1.544672 0.241437
v 0.926064 1.370561 0.145409
v -0.451468 1.304840 0.387032
v -0.248213 1.392767 0.383173
v 0.223112 1.416694 0.051328
v 1.039567 1.296893 -0.037213
v -0.193802 1.367223 0.137478
v -0.079423 1.451019 0.150520
v -0.402283 1.256116 -0.054646
v -0.276520 1.323729 -0.060945
v -0.056767 1.390960 -0.115957
v 0.254230 1.415463 -0.234481
v 0.644198 1.432469 -0.244720
v 1.050062 1.231832 -0.310171
v -0.209632 1.391647 -0.231242
v 0.940246 1.194638 -0.534287
v -0.156473 1.393643 -0.455364
v 0.049161 1.417007 -0.523761
v -0.419116 1.195713 -0.528392
v 0.296038 1.372643 -0.661749
v 0.322324 1.279594 -0.776981
v 0.751623 1.394461 -0.556574
v 0.677574 1.321285 -0.763372
v -0.405548 1.115923 -0.727199
v -0.261663 1.401298 1.345923
v -0.320591 1.409363 1.224335
v 0.174233 1.472885 0.926633
v 0.526823 1.446034 0.911920
v 0.823124 1.271780 0.862135
v 0.989094 1.256641 0.637665
v 1.008266 1.277369 0.479512
v 0.986142 1.376873 0.479052
v 1.051910 1.254873 0.353749
v 0.980632 1.348076 -0.258250
v 0.871529 1.092472 -0.922951
v 0.788827 1.142998 -0.950995
v 0.647176 1.162485 -0.965837
v 0.480714 1.214736 -0.851494
v 0.024634 1.320763 -0.784610
v -0.495381 1.208876 0.152289
v -1.072744 -0.724003 -0.010968
v -0.830838 -0.320120 -0.130585
v -0.868694 -0.412982 -0.267873
v -0.832496 -0.184739 -0.260506
v -0.751673 -0.113205 -0.539928
v -0.719311 0.232407 -0.537717
v -0.687450 0.197077 -0.637376
v -0.437516 0.519171 -0.704968
v -0.424883 0.745890 -0.727133
v -0.493011 0.650237 -0.714682
v -0.386244 0.386709 -0.833779
v -0.283419 0.758424 -0.856774
v -1.007641 -0.935231 -0.365564
v -0.786834 -0.529527 -0.581288
v -0.629088 -0.140628 -0.710989
v -0.608440 -0.381878 -0.698542
v -0.430733 0.168311 -0.932438
v -0.948077 -0.923111 -0.605528
v -0.924541 -0.944077 -0.760046
v -0.832486 -0.752164 -0.881766
v -0.538622 -0.297183 -0.895596
v -0.325911 0.252263 -0.985003
v -0.329985 0.005167 -1.080699
v -0.214456 0.122797 -1.098142
v -0.073811 0.681972 -1.044550
v -0.858222 -1.133176 -0.964881
v -0.412344 -0.446305 -1.040696
v -0.412853 -0.186616 -0.990816
v 0.063278 0.362576 -1.198031
v 0.235303 0.569689 -1.115553
v -0.807628 -1.141078 -1.167878
v -0.677696 -0.886226 -1.171702
v -0.330793 -0.474687 -1.177114
v -0.328480 -0.355986 -1.062157
v -0.195649 -0.038182 -1.188510
v -0.063723 0.080522 -1.218845
v 0.312258 0.406419 -1.222372
v 0.376361 0.566784 -1.142585
v -0.916294 -0.705852 0.303138
v -0.597976 0.595045 -0.581803
v -0.754730 0.392530 -0.473097
v -0.627983 0.402232 -0.577328
v -0.626574 0.687681 -0.597687
v -0.491374 0.944642 -0.709393
v -0.366856 1.016944 -0.786830
v -0.299341 0.928235 -0.857769
v 0.017881 1.089838 -0.979014
v -0.101006 0.949120 -1.002516
v 0.146564 0.990378 -1.003415
v 0.274123 0.891335 -1.016332
v 0.539807 1.033591 -1.052195
v 0.571827 0.611711 -1.088939
v 0.634829 0.717421 -1.082288
v -0.454778 -0.710972 -1.336102
v -0.727679 -1.074101 -1.313296
v -1.063704 -1.469004 -1.330144
v -0.924619 -1.355033 -1.367552
v -0.978113 -1.315096 -1.110350
v -1.204228 -1.567229 -1.230033
v -1.289681 -1.566850 -0.983135
v -1.196278 -1.433321 -0.944437
v -1.108905 -1.251430 -0.465322
v -1.309443 -1.484941 -0.773842
v -1.179131 -1.365184 -0.649475
v -1.223709 -1.352388 -0.243605
v -0.444159 -1.210075 -1.541245
v -0.240087 -0.880289 -1.485875
v -0.261209 -1.053426 -1.488678
v -0.120457 -0.758203 -1.445319
v 0.203437 -0.298105 -1.318366
v 0.570441 0.223996 -1.224917
v 0.670192 0.142112 -1.120733
v 0.670485 0.375882 -1.068105
v -0.127521 -0.947052 -1.474013
v -0.011756 -1.035969 -1.416582
v 0.063133 -0.778775 -1.401279
v 0.487976 -0.069823 -1.101760
v 0.823419 0.490393 -0.886050
v 0.845543 0.371058 -0.844130
v 1.025175 0.800096 -0.765608
v 1.064414 0.755660 -0.700020
v 0.123744 -1.088971 -1.364352
v 0.370402 -0.542280 -1.221942
v 0.527358 -0.384912 -1.064926
v 0.545583 -0.140577 -1.036403
v 0.604830 -0.219533 -1.002153
v 0.776032 0.002445 -0.922782
v 0.721259 0.031856 -1.005264
v 0.765240 0.220075 -0.919507
v 0.859880 0.252165 -0.757345
v 0.930834 0.384905 -0.741356
v 0.393731 -0.947807 -1.311424
v 0.463895 -0.550625 -1.095181
v 0.641672 -0.330276 -0.906244
v 0.518370 -0.562303 -0.991986
v 0.921334 0.285464 -0.611455
v 1.129521 0.926167 -0.213775
v 0.691003 -0.361164 -0.780091
v 0.878355 0.051938 -0.727005
v 0.893374 -0.106466 -0.687735
v 1.185290 0.799193 -0.102934
v 0.761274 -0.736618 -0.833436
v 0.682507 -0.547833 -0.857661
v 0.997634 0.136614 -0.274261
v 1.152765 0.396099 -0.082990
v 1.084088 0.890422 0.205195
v -0.422082 -1.044285 -1.497322
v -0.304627 -0.667528 -1.433177
v 0.140033 -0.217997 -1.345988
v 0.071075 -0.363434 -1.408873
v 0.259672 -0.080916 -1.252553
v 0.622441 0.510542 -1.084156
v 0.757141 0.713939 -0.980060
v 0.761689 0.910139 -1.028310
v 0.960011 0.985324 -0.909815
v 1.008810 0.978507 -0.707160
v 1.056195 1.033113 -0.420578
v 1.092659 1.151011 -0.151546
v 1.111681 1.033780 -0.135921
v 1.124495 1.082159 -0.024784
v 1.111008 1.224842 0.138901
v 1.094053 1.072855 0.318508
v 1.055443 1.097366 0.454013
v 1.143238 0.385465 -0.002318
v 0.992910 -0.255843 -0.504307
v 0.822296 -0.531839 -0.656520
v 0.940561 -0.376213 -0.546524
v 0.809551 -0.688420 -0.628287
v 0.588169 -0.944031 -0.968668
v 0.547722 -1.044533 -1.017211
v 0.220483 -1.309673 -1.322930
v 0.221606 -1.184203 -1.332959
v -0.063213 -1.257572 -1.393254
v -0.440567 -1.525564 -1.617413
v -0.208235 -1.271744 -1.462860
v -0.506129 -1.348222 -1.600956
v 1.017825 -0.394083 -0.094107
v 1.038261 -0.290096 0.004508
v 1.076907 -0.202629 -0.005419
v 0.973115 0.120141 0.312733
v 0.925875 0.421036 0.530958
v 0.964953 0.819062 0.585261
v 0.851778 0.585289 0.663873
v 0.842279 0.928130 0.734144
v 0.951420 -0.423947 0.237112
v 0.969787 -0.076194 0.346062
v 1.005374 0.320255 0.446359
v 0.854763 0.451470 0.704516
v 0.918866 0.276910 0.613341
v 0.725373 0.573468 0.771129
v 0.635047 0.759278 0.809113
v 0.683218 1.103806 0.955138
v 0.521128 1.087554 1.097243
v 1.000250 -0.272046 0.493135
v 0.880425 0.162500 0.669918
v 0.819795 0.379415 0.785183
v 0.771984 0.367634 0.835137
v 0.577276 0.949869 1.037937
v 0.907283 -0.077741 0.729876
v 0.798569 -0.014945 0.844046
v 0.710248 0.191786 0.894107
v 0.500592 0.573155 1.125362
v 0.418235 0.754112 1.221617
v 0.147842 1.045738 1.271076
v 0.822322 -0.102558 0.976696
v 0.683423 0.138374 1.028066
v 0.618591 0.301314 1.099590
v 0.264126 0.696340 1.340314
v 0.070944 0.905769 1.323742
v 0.731915 -0.280700 1.187529
v 0.689221 0.043976 1.202383
v 0.630364 -0.111081 1.325137
v 0.433698 0.214943 1.347307
v 0.237127 0.457319 1.396284
v 0.080562 0.728926 1.455164
v -0.099271 0.896281 1.461723
v -0.253077 0.995693 1.477043
v 1.078079 0.032126 -0.020228
v 1.092684 0.339495 0.244388
v 1.008662 0.738570 0.370947
v 1.034548 0.557066 0.358615
v 1.027630 0.859338 0.419719
v 0.011430 1.287364 1.345348
v -0.233125 1.206415 1.453404
v -0.416364 0.889815 1.526697
v -0.092135 0.612548 1.543615
v -0.185075 0.693639 1.591350
v -0.025585 0.428244 1.501700
v 0.363372 0.167639 1.547210
v 0.545341 -0.008586 1.365524
v 0.436462 -0.023307 1.491647
v 0.639889 -0.321168 1.333272
v 0.619729 -0.442627 1.263661
v 0.845570 -0.581840 1.034626
v 0.940762 -0.593789 0.323389
v 0.956764 -0.737105 -0.019374
v 0.933339 -0.778055 -0.364252
v 0.935265 -0.622694 -0.194028
v 0.251352 -0.472438 1.295409
v 0.203026 -0.313726 1.351545
v 0.057848 -0.030167 1.362264
v 0.134268 -0.214547 1.371101
v -0.136743 0.171447 1.385117
v -0.140817 0.140725 1.303573
v -0.379348 0.437748 1.353155
v -0.540586 0.512741 1.129634
v -0.542937 0.631359 1.142573
v -0.655568 0.855865 1.048336
v 0.054820 -0.338419 1.273843
v -0.017584 -0.191860 1.240388
v -0.186281 0.164383 1.127172
v -0.617518 0.518380 0.911839
v -0.721749 0.834926 0.740069
v -0.131322 -0.371629 1.144660
v -0.070747 -0.456344 1.181870
v -0.274272 -0.091411 1.020602
v -0.173915 -0.224986 1.135899
v -0.319391 -0.252472 1.010423
v -0.492674 0.370507 0.971793
v -0.573392 0.288615 0.798260
v -0.598692 0.296355 0.643423
v -0.704469 0.511517 0.724327
v -0.309462 -0.502657 0.911391
v -0.482430 -0.210233 0.861987
v -0.488735 0.071896 0.799441
v -0.646988 0.287815 0.414236
v -0.736518 0.505520 0.536189
v -0.694959 0.728038 0.262766
v -0.460533 -0.470343 0.823511
v -0.608979 -0.139673 0.615094
v -0.614296 -0.324916 0.714552
v -0.618274 0.038406 0.423393
v -0.756575 0.788562 0.048174
v -0.591798 -0.563322 0.729424
v -0.714431 -0.239736 0.547599
v -0.740208 -0.278877 0.419007
v -0.736516 -0.035786 0.313913
v -0.818889 0.370388 0.159682
v -0.800802 0.196351 0.153515
v -0.805284 0.416748 -0.008659
v -0.834035 0.548324 -0.188567
v 0.582880 -0.596659 1.208340
v 0.343639 -0.342684 1.357639
v 0.182192 -0.093331 1.497558
v 0.065305 0.073803 1.537771
v -0.064561 0.398285 1.535996
v -0.178595 0.357321 1.441558
v -0.356667 0.592239 1.593473
v -0.497477 0.868997 1.383141
v -0.530738 0.848680 1.285803
v -0.550828 0.983926 1.450856
v -0.594916 0.979275 1.276675
v -0.636444 1.068783 1.246522
v -0.757123 0.981570 0.839725
v -0.685410 1.200793 0.756228
v -0.726590 1.045257 0.695958
v -0.635023 1.032317 0.393830
v -0.703585 0.917512 0.051984
v -0.808278 0.555391 -0.312074
v -0.776630 0.260285 -0.145332
v -0.857258 -0.324286 0.215580
v -0.762834 -0.582093 0.451075
v -0.810287 -0.548868 0.335824
v -0.835629 -0.901259 0.423002
v -0.663842 -0.848853 0.679919
v -0.658456 -0.754351 0.710685
v -0.753855 -0.768900 0.582886
v -0.245691 -0.709976 0.929699
v -0.125103 -0.616069 1.048471
v 0.388591 -0.584730 1.293037
v 0.376485 -0.701715 1.207570
v -0.742672 -1.489288 0.161897
v -0.817086 -1.567903 -0.187160
v -0.798206 -1.694306 -0.449319
v -0.742892 -1.574392 -0.293448
v -0.858398 -1.750818 -0.766058
v -0.795008 -1.871139 -1.272485
v -0.768386 -1.805227 -1.064024
v -0.561980 -1.209597 0.482059
v -0.562702 -1.454864 0.211456
v -0.386030 -1.437257 0.270305
v -0.493478 -1.482964 -0.087904
v -0.406718 -1.469623 0.077057
v -0.562275 -1.593405 -0.648894
v -0.314424 -1.588755 -0.516869
v -0.573714 -1.719250 -1.079299
v -0.132954 -1.097917 0.790519
v -0.164178 -1.182688 0.638113
v -0.329548 -1.320626 0.453868
v -0.152948 -1.262283 0.498385
v -0.233382 -1.336205 0.332963
v -0.392250 -1.585610 -0.365057
v -0.092453 -1.423324 -0.386930
v -0.333595 -1.587013 -0.675245
v -0.154679 -1.608659 -0.708952
v -0.330951 -1.694322 -1.121539
v -0.116209 -1.616148 -0.885872
v 0.047691 -1.221864 0.432882
v -0.003726 -1.231230 0.263146
v 0.094859 -1.216327 0.561676
v 0.086252 -1.229198 0.087077
v 0.137393 -1.211197 0.214154
v 0.101476 -1.340687 -0.097700
v -0.078418 -1.516013 -0.562312
v 0.043552 -1.422115 -0.512063
v 0.307443 -1.193150 0.423226
v 0.452560 -1.155824 0.679455
v 0.323620 -1.222183 0.249880
v 0.241625 -1.233235 0.096056
v 0.438557 -1.217595 0.320466
v 0.454231 -1.228022 0.183306
v 0.277990 -1.353681 -0.173421
v 0.202789 -1.391382 -0.815215
v 0.433871 -1.332201 -0.748592
v 0.563841 -0.980810 0.884101
v 0.595175 -1.130811 0.707856
v 0.535357 -1.145024 0.296992
v 0.818535 -0.996785 0.487386
v 0.750307 -1.049795 0.300400
v 0.642482 -1.158586 0.000358
v 0.686202 -1.213315 -0.352025
v 0.519674 -1.227640 -0.693754
v 0.656956 -1.142177 -0.583730
v -0.981320 -1.162681 0.324560
v -0.819410 -1.081315 0.354264
v -1.089687 -1.576419 -0.226514
v -1.024065 -1.660329 -0.358506
v -1.175125 -1.837002 -0.762386
v -0.989515 -1.741125 -0.577163
v -1.032311 -1.841358 -0.819377
v -1.039217 -1.901688 -1.014994
v -0.986215 -1.920860 -1.198597
v -0.846001 -1.762006 -1.479462
v -1.031799 -1.821438 -1.388518
v -0.661797 -1.775649 -1.447710
v -0.422481 -1.723101 -1.482299
v -0.211837 -1.583976 -1.367401
v 0.033203 -1.431205 -1.319334
v 0.108736 -1.460690 -1.173503
v 0.354852 -1.425138 -1.101241
v 0.380745 -1.385661 -0.938628
v 0.502660 -1.236340 -1.040048
v 0.817318 -0.967557 -0.618867
v 0.846832 -0.973868 -0.318263
v 0.798131 -0.971065 0.063309
v 0.791128 -0.905896 0.739708
v 0.812390 -0.790509 0.965961
v 0.659932 -0.652949 1.150555
v -0.054387 -0.998049 0.926008
v -0.541063 -1.000784 0.716353
v -0.705754 -0.986890 0.521110
v -0.754801 -1.016877 0.427398
v -0.388172 1.361022 0.933363
v -0.157609 1.399285 0.856442
v -0.164966 1.410695 1.110994
v 0.087577 1.456738 0.750229
v 0.280489 1.460707 0.825929
v 0.459353 1.491547 0.677920
v 0.623188 1.477687 0.701452
v -0.327272 1.443156 0.545635
v -0.108222 1.446861 0.718941
v -0.083254 1.499324 0.490321
v 0.062082 1.483731 0.586314
v 0.387933 1.560019 0.376665
v 0.733483 1.454341 0.258994
v 0.872661 1.427231 0.338459
v -0.295552 1.343525 0.257789
v -0.331036 1.258274 0.164077
v 0.113074 1.521996 0.368489
v 0.118886 1.454488 0.190247
v 0.386502 1.498345 0.116263
v 0.516393 1.480898 0.137204
v 0.579588 1.446119 0.061988
v 0.801856 1.381374 0.024521
v -0.136053 1.401653 -0.035780
v 0.207836 1.381160 -0.161736
v 0.401023 1.461613 -0.110818
v 0.429342 1.469379 -0.268393
v 0.666342 1.408467 -0.129851
v 0.858990 1.404706 -0.355523
v -0.236683 1.403362 -0.317960
v -0.438251 1.191099 -0.405805
v 0.004109 1.381365 -0.251318
v 0.076782 1.411139 -0.365401
v 0.232770 1.419580 -0.408401
v 0.471520 1.478124 -0.488557
v 0.631429 1.460771 -0.443122
v 0.894048 1.324328 -0.448147
v 0.871126 1.267266 -0.621245
v -0.294054 1.301826 -0.487873
v -0.041490 1.398907 -0.670517
v -0.261356 1.215490 -0.759364
v 0.236731 1.439188 -0.548746
v 0.162267 1.303743 -0.751587
v 0.611274 1.413750 -0.625938
v 0.498201 1.366305 -0.655638
v 0.743324 1.290187 -0.805273
v 0.853184 1.202618 -0.771355
v -0.524895 1.276949 1.285543
v 0.128510 1.383836 1.225556
v 0.004930 1.437294 1.146951
v 0.094921 1.482729 1.044731
v 0.374310 1.443798 1.098092
v 0.362774 1.471775 0.935935
v 0.629881 1.449754 0.807398
v 0.793738 1.371302 0.752474
v 0.913840 1.364243 0.640120
v 0.959658 1.101312 -0.750315
v 0.400069 1.150242 -0.937123
v 0.002439 1.220762 -0.925743
v -0.160025 1.251852 -0.858702
v -0.194183 1.137355 -0.879558
v -0.471220 1.114277 -0.590349
v -0.612992 1.011903 -0.518475
v -0.522295 1.059049 -0.676914
v -0.536881 1.101709 -0.473913
v -0.522098 1.239282 -0.168950
v -0.476940 1.243192 -0.230314
v -0.522366 1.200623 0.047268
v -0.675540 1.157732 0.599656
v -0.581944 1.308772 0.599008
v -0.614346 1.286174 1.075314
v -0.649459 1.235580 0.898152
vn -0.8901 0.2917 0.3502
vn -0.8069 0.5903 -0.0222
vn -0.8894 0.4369 0.1344
vn -0.7968 0.5960 0.0996
vn -0.7982 0.6023 -0.0093
vn -0.9875 0.1571 -0.0147
vn -0.9150 0.3652 -0.1712
vn -0.9896 0.1323 -0.0562
vn -0.9893 0.1403 -0.0411
vn -0.6544 0.3159 -0.6870
vn -0.6340 0.1647 -0.7556
vn -0.7676 -0.0733 -0.6368
vn -0.9233 0.2125 -0.3200
vn -0.9160 0.2161 -0.3380
vn -0.9771 0.0576 -0.2048
vn -0.7812 0.2740 -0.5609
vn -0.9389 -0.0015 -0.3443
vn -0.5938 0.3653 -0.7169
vn -0.6749 0.4691 -0.5697
vn -0.8054 -0.2511 -0.5369
vn -0.9641 0.2654 0.0049
vn -0.7018 0.3835 -0.6004
vn -0.8066 0.2209 -0.5483
vn -0.6772 0.0550 -0.7337
vn -0.7799 -0.0405 -0.6246
vn -0.9688 0.0737 -0.2368
vn -0.9033 0.4167 -0.1023
vn -0.9191 0.1188 -0.3758
vn -0.7640 0.4619 -0.4505
vn -0.7326 -0.0975 -0.6737
vn -0.8847 -0.0992 -0.4554
vn -0.8786 -0.0567 -0.4742
vn -0.7518 -0.2235 -0.6204
vn -0.6851 0.4660 -0.5599
vn -0.6364 0.3399 -0.6924
vn -0.6282 0.0852 -0.7733
vn -0.7744 0.2954 -0.5594
vn -0.6521 0.4184 -0.6322
vn -0.7184 0.4026 -0.5672
vn -0.5820 0.0683 -0.8103
vn -0.5981 0.3221 -0.7338
vn -0.9371 0.3218 0.1353
vn -0.6575 0.6552 -0.3720
vn -0.6587 0.6632 -0.3554
vn -0.9601 0.2175 -0.1757
vn -0.9284 0.0135 -0.3714
vn -0.5807 0.3023 -0.7559
vn -0.5478 -0.1491 -0.8232
vn -0.6232 0.3360 -0.7062
vn -0.5203 0.2623 -0.8127
vn -0.5173 0.2643 -0.8140
vn -0.5104 0.0840 -0.8558
vn -0.4879 0.2595 -0.8334
vn -0.0831 0.3738 -0.9238
vn -0.1886 0.2833 -0.9403
vn -0.6772 0.4183 -0.6054
vn -0.9126 0.1074 -0.3946
vn -0.6331 0.6930 -0.3449
vn -0.6366 0.6941 -0.3363
vn -0.7138 -0.0975 -0.6936
vn -0.7524 0.6135 -0.2397
vn -0.5655 0.6210 -0.5427
vn -0.7554 0.2744 -0.5951
vn -0.4287 0.7783 -0.4587
vn -0.4131 0.1710 -0.8945
vn -0.5022 0.3779 -0.7778
vn -0.5366 0.3182 -0.7815
vn -0.6101 0.2803 -0.7411
vn -0.6687 -0.0585 -0.7412
vn -0.1135 0.4311 -0.8951
vn -0.1125 0.1586 -0.9809
vn -0.0879 0.4307 -0.8982
vn -0.8871 0.4508 -0.0990
vn -0.9517 0.1857 -0.2444
vn -0.6097 0.6787 -0.4094
vn -0.4402 0.7896 -0.4274
vn -0.6578 0.3466 -0.6687
vn -0.6050 0.5756 -0.5501
vn -0.6852 0.5135 -0.5165
vn -0.6647 0.2306 -0.7106
vn -0.7238 0.5786 -0.3758
vn -0.5164 0.3775 -0.7686
vn -0.6558 0.3043 -0.6909
vn -0.0981 0.5381 -0.8371
vn -0.1501 0.5225 -0.8393
vn -0.1249 0.3625 -0.9236
vn -0.1545 0.4889 -0.8586
vn -0.7673 -0.1412 0.6256
vn -0.8175 0.0785 0.5706
vn -0.6027 -0.0585 0.7958
vn -0.7489 0.3949 0.5321
vn -0.9127 0.2586 0.3164
vn -0.8906 0.4327 -0.1402
vn -0.9751 0.1675 -0.1455
vn -0.9033 0.3444 -0.2559
vn -0.9012 0.4332 -0.0082
vn -0.9996 0.0269 -0.0006
vn -0.9986 0.0519 -0.0035
vn -0.9992 0.0385 0.0118
vn -0.9914 -0.0648 0.1136
vn -0.8009 0.3651 -0.4746
vn -0.6368 0.0813 -0.7668
vn -0.8184 0.0402 -0.5732
vn -0.5410 -0.3016 -0.7851
vn -0.5691 0.0325 -0.8216
vn -0.6266 -0.0649 -0.7767
vn -0.6441 0.1146 -0.7563
vn -0.5087 -0.6041 -0.6135
vn -0.4912 0.2927 -0.8204
vn -0.1154 0.2577 -0.9593
vn -0.0637 0.1592 -0.9852
vn 0.0141 0.1568 -0.9875
vn -0.0012 0.1137 -0.9935
vn -0.1981 0.1244 -0.9723
vn -0.2428 0.1763 -0.9539
vn 0.1018 0.1654 -0.9810
vn 0.3982 0.0868 -0.9132
vn 0.7102 0.2414 -0.6614
vn 0.6566 0.2957 -0.6939
vn 0.5617 -0.2859 -0.7763
vn 0.6440 -0.1787 -0.7438
vn 0.4638 0.1911 -0.8651
vn 0.1226 0.4442 -0.8875
vn -0.0625 0.4645 -0.8834
vn -0.6447 0.5196 -0.5607
vn -0.1888 0.5034 -0.8432
vn -0.5888 0.2062 -0.7815
vn -0.6254 0.2258 -0.7469
vn 0.0341 0.2958 -0.9546
vn -0.6396 0.5291 -0.5577
vn -0.5634 0.3021 -0.7690
vn -0.7568 0.4229 -0.4984
vn -0.4721 0.3046 -0.8273
vn -0.4086 0.3944 -0.8231
vn -0.6352 0.7060 -0.3133
vn -0.9684 0.1199 -0.2188
vn -0.8718 0.1567 -0.4642
vn -0.7942 0.6036 -0.0700
vn -0.6791 0.7340 0.0047
vn -0.7642 0.6369 -0.1020
vn -0.9572 0.2014 0.2080
vn -0.9622 0.0884 0.2574
vn -0.8847 0.4328 -0.1731
vn -0.8522 0.5128 -0.1041
vn -0.7737 0.5924 -0.2246
vn -0.9482 0.2743 -0.1605
vn -0.7025 -0.0045 0.7116
vn -0.8683 0.4640 -0.1756
vn -0.9805 -0.1201 0.1555
vn -0.8544 0.0298 0.5188
vn -0.8551 0.1846 0.4845
vn -0.6378 0.6008 0.4820
vn -0.8107 0.2616 0.5237
vn 0.1066 0.0031 -0.9943
vn 0.1860 0.1408 -0.9724
vn 0.6530 0.0727 -0.7539
vn 0.1491 0.0105 -0.9888
vn 0.6665 0.0527 -0.7436
vn 0.6797 0.0585 -0.7312
vn 0.3674 -0.3914 -0.8437
vn 0.4021 -0.4923 -0.7720
vn 0.7756 0.1274 -0.6182
vn 0.6821 0.2050 -0.7019
vn 0.7711 0.1528 -0.6182
vn 0.5983 -0.2893 -0.7472
vn 0.6611 -0.3021 -0.6868
vn 0.6389 -0.2415 -0.7304
vn 0.4817 0.0133 -0.8762
vn 0.2850 -0.2299 -0.9305
vn 0.4398 -0.1944 -0.8768
vn 0.2262 -0.0712 -0.9715
vn 0.5702 0.2393 -0.7859
vn 0.1598 0.0310 -0.9867
vn 0.1822 0.2088 -0.9608
vn 0.3766 0.0605 -0.9244
vn 0.7629 0.0244 -0.6460
vn 0.5080 -0.4996 -0.7017
vn 0.9070 -0.0203 -0.4206
vn 0.4838 -0.3479 -0.8031
vn 0.9093 -0.0395 -0.4142
vn 0.8927 -0.1391 -0.4288
vn 0.7617 -0.0844 -0.6424
vn 0.7689 -0.0803 -0.6343
vn 0.6730 0.1896 -0.7149
vn 0.2967 -0.1679 -0.9401
vn 0.2492 -0.0967 -0.9636
vn 0.6106 -0.0107 -0.7919
vn 0.7633 -0.1299 -0.6328
vn 0.6111 0.1191 -0.7826
vn 0.7649 -0.1179 -0.6333
vn 0.8401 0.0498 -0.5401
vn 0.8850 0.0111 -0.4654
vn 0.8754 -0.2947 -0.3830
vn 0.3237 -0.1615 -0.9323
vn 0.6789 -0.1090 -0.7261
vn 0.7477 -0.3303 -0.5760
vn 0.7723 -0.0833 -0.6297
vn 0.8617 0.0814 -0.5008
vn 0.8538 0.4228 -0.3037
vn 0.3380 0.1261 -0.9327
vn 0.7780 0.1702 -0.6048
vn 0.6752 -0.0882 -0.7323
vn 0.8386 -0.3536 -0.4145
vn 0.8552 -0.4732 -0.2113
vn 0.8481 -0.4864 -0.2103
vn 0.9520 0.2361 -0.1949
vn 0.7470 0.2543 -0.6143
vn 0.2576 0.3608 -0.8964
vn 0.6479 -0.0683 -0.7587
vn 0.7857 -0.0777 -0.6138
vn 0.6677 -0.2804 -0.6896
vn 0.9706 -0.2214 -0.0945
vn 0.8679 -0.4148 -0.2732
vn 0.9656 -0.1472 -0.2144
vn 0.8658 -0.4007 -0.2998
vn 0.8348 -0.1892 -0.5170
vn 0.8603 -0.4107 -0.3021
vn 0.9236 -0.1386 0.3573
vn 0.4698 0.0833 -0.8788
vn 0.8614 -0.1147 -0.4947
vn 0.6282 0.3611 -0.6892
vn 0.7046 0.4747 -0.5274
vn 0.7191 -0.3553 -0.5972
vn 0.6994 -0.1143 -0.7055
vn 0.9534 0.1968 -0.2287
vn 0.9565 0.0488 -0.2875
vn 0.7523 -0.0987 -0.6514
vn 0.8616 -0.2913 -0.4156
vn 0.8773 -0.3685 -0.3075
vn 0.9854 -0.1396 0.0980
vn 0.9672 0.0357 0.2516
vn 0.9391 -0.1567 0.3057
vn 0.8850 -0.2240 0.4082
vn -0.5313 0.2015 -0.8229
vn -0.4385 0.3192 -0.8402
vn -0.4824 0.6265 -0.6122
vn -0.3869 0.0740 -0.9191
vn 0.0918 0.3130 -0.9453
vn -0.2732 0.1524 -0.9498
vn 0.0635 0.2580 -0.9640
vn -0.3005 0.3941 -0.8685
vn -0.1844 0.2312 -0.9553
vn 0.5211 0.1211 -0.8449
vn 0.4746 -0.5010 -0.7238
vn 0.7370 0.1855 -0.6499
vn 0.7158 0.1748 -0.6760
vn 0.7845 -0.1002 -0.6120
vn 0.5494 -0.2115 -0.8084
vn 0.9305 0.2972 -0.2141
vn 0.9606 0.1621 -0.2259
vn 0.9606 0.2694 -0.0688
vn 0.8265 0.2927 -0.4809
vn 0.8433 0.3582 -0.4007
vn 0.9871 0.1600 -0.0011
vn 0.9728 0.2300 -0.0267
vn 0.9530 0.2646 -0.1473
vn 0.9565 0.2104 -0.2019
vn 0.9294 -0.2300 0.2885
vn 0.9985 0.0021 0.0541
vn 0.9636 -0.1771 0.2003
vn 0.9321 -0.2809 0.2285
vn 0.9488 -0.2551 0.1862
vn 0.9620 -0.2177 0.1648
vn 0.9185 0.0147 0.3950
vn 0.9292 0.0356 0.3678
vn 0.9445 0.2284 0.2361
vn 0.9702 -0.2350 -0.0585
vn 0.8505 0.0687 -0.5215
vn 0.8477 0.0781 -0.5248
vn 0.8848 -0.2460 -0.3957
vn 0.8657 0.3882 -0.3162
vn 0.9035 -0.4277 0.0270
vn 0.9741 0.0281 -0.2244
vn 0.8881 -0.1632 -0.4298
vn 0.6410 -0.5255 -0.5594
vn 0.8422 -0.3296 -0.4267
vn 0.8899 -0.4503 -0.0722
vn 0.9320 -0.0799 -0.3535
vn 0.7558 -0.0699 -0.6510
vn 0.1966 -0.0799 -0.9772
vn 0.2162 -0.3600 -0.9075
vn 0.3211 -0.1486 -0.9353
vn 0.4243 -0.6718 -0.6071
vn 0.5837 -0.2676 -0.7666
vn 0.5123 0.0530 -0.8571
vn 0.5093 -0.4536 -0.7313
vn 0.2280 -0.5354 -0.8133
vn -0.2350 0.0040 -0.9720
vn -0.2340 0.0037 -0.9722
vn 0.2105 0.3068 -0.9282
vn -0.2051 0.0340 -0.9781
vn 0.9152 -0.4022 0.0264
vn 0.9897 -0.1128 0.0886
vn 0.9754 -0.2187 0.0285
vn 0.8919 -0.2211 0.3946
vn 0.9552 0.0337 0.2940
vn 0.8495 -0.4191 0.3204
vn 0.7955 0.0028 0.6060
vn 0.8040 -0.2010 0.5596
vn 0.4900 0.0554 0.8700
vn 0.5726 -0.3098 0.7590
vn 0.5509 -0.4132 0.7250
vn 0.8413 -0.4960 0.2151
vn 0.9830 -0.1283 -0.1311
vn 0.9075 -0.0747 0.4134
vn 0.9133 -0.3903 0.1164
vn 0.9532 0.2571 0.1589
vn 0.9739 0.1882 0.1268
vn 0.9990 -0.0451 -0.0016
vn 0.8343 0.2425 0.4952
vn 0.6791 0.3761 0.6303
vn 0.9365 -0.1604 0.3118
vn 0.6372 0.1088 0.7630
vn 0.9253 0.1289 0.3565
vn 0.5214 -0.3598 0.7738
vn 0.6146 0.2418 0.7509
vn 0.8015 -0.2626 0.5373
vn 0.7220 -0.4310 0.5413
vn 0.6613 -0.0526 0.7483
vn 0.9684 -0.1585 -0.1925
vn 0.9129 0.3262 0.2453
vn 0.9650 0.2359 0.1143
vn 0.9582 0.2847 -0.0268
vn 0.7898 -0.0730 0.6090
vn 0.7313 0.3480 0.5866
vn 0.9130 0.0002 0.4080
vn 0.7698 0.2546 0.5853
vn 0.8626 -0.2598 0.4342
vn 0.7226 -0.0030 0.6912
vn 0.8124 0.0609 0.5799
vn 0.9913 0.0516 -0.1213
vn 0.9274 0.1323 0.3498
vn 0.7942 0.1968 0.5749
vn 0.9163 0.3403 0.2111
vn 0.7650 0.2329 0.6004
vn 0.8777 -0.1307 0.4611
vn 0.9273 0.2446 0.2832
vn 0.6860 -0.0729 0.7240
vn 0.3227 0.1729 0.9306
vn 0.9157 0.3396 0.2151
vn 0.8021 0.1679 0.5731
vn 0.8998 0.2315 0.3698
vn 0.8915 0.4102 0.1925
vn 0.9396 0.3131 0.1383
vn 0.6022 0.1545 0.7832
vn 0.6145 0.4082 0.6751
vn 0.6257 -0.0737 0.7765
vn 0.4937 0.3333 0.8032
vn 0.5156 0.5290 0.6740
vn 0.7198 0.0801 0.6895
vn 0.6074 0.2171 0.7642
vn 0.4343 0.0983 0.8954
vn 0.2945 0.3423 0.8922
vn 0.7199 -0.0007 0.6941
vn 0.8939 0.0154 0.4480
vn 0.8500 0.1977 0.4883
vn 0.8237 0.0340 0.5660
vn 0.6691 0.4987 0.5510
vn 0.7363 0.4875 0.4692
vn 0.3664 0.0566 0.9287
vn 0.2427 0.5692 0.7855
vn 0.2998 -0.0339 0.9534
vn 0.4563 -0.0008 0.8898
vn 0.1142 0.0237 0.9932
vn 0.1628 0.2282 0.9599
vn 0.3426 0.3990 0.8505
vn 0.3822 0.3777 0.8434
vn 0.8658 -0.1542 -0.4760
vn 0.8496 -0.2395 -0.4699
vn 0.9895 -0.1134 0.0892
vn 0.9471 -0.2793 -0.1579
vn 0.9360 -0.3305 -0.1214
vn 0.9340 -0.3571 -0.0153
vn 0.9350 -0.1957 0.2956
vn 0.9993 -0.0027 0.0370
vn 0.8371 -0.5183 0.1751
vn 0.9893 0.1378 0.0483
vn 0.8857 0.1103 0.4510
vn 0.8886 0.0963 0.4484
vn 0.9169 -0.2872 0.2773
vn 0.7134 -0.0512 0.6989
vn 0.5964 -0.2095 0.7749
vn 0.6922 -0.3519 0.6301
vn 0.3430 -0.0293 0.9389
vn 0.7370 0.0515 0.6740
vn 0.5123 -0.1361 0.8479
vn 0.2187 0.3139 0.9239
vn 0.4051 -0.2150 0.8886
vn 0.3950 -0.0588 0.9168
vn 0.3880 0.4947 0.7776
vn 0.4218 -0.0672 0.9042
vn 0.2085 0.4956 0.8432
vn 0.5432 0.2643 0.7969
vn 0.0114 0.1104 0.9938
vn 0.0437 0.1073 0.9933
vn -0.2324 0.3871 0.8923
vn -0.2203 -0.0064 0.9754
vn -0.4185 0.1268 0.8993
vn 0.1852 0.3462 0.9197
vn -0.0047 -0.0187 0.9998
vn -0.1424 0.2610 0.9548
vn 0.6657 0.6390 0.3854
vn 0.7683 0.0958 0.6329
vn 0.7602 0.1204 0.6384
vn 0.3420 0.5021 0.7943
vn 0.7454 0.1143 0.6568
vn 0.9528 0.2910 0.0866
vn 0.6886 -0.4432 0.5739
vn 0.6057 -0.0700 0.7926
vn 0.4885 -0.0186 0.8724
vn 0.3530 -0.3899 0.8505
vn 0.5946 -0.3356 0.7306
vn 0.7390 -0.0019 0.6737
vn 0.8392 -0.5198 0.1596
vn 0.9150 -0.3930 0.0906
vn 0.8682 -0.3974 0.2971
vn 0.9883 -0.0896 -0.1231
vn 0.9797 -0.1345 -0.1486
vn 0.9667 -0.2368 -0.0965
vn 0.9871 -0.0834 -0.1364
vn 0.9541 0.0724 0.2908
vn 0.9799 -0.0406 -0.1953
vn 0.9994 -0.0311 0.0170
vn 0.9901 -0.1090 0.0883
vn 0.9887 -0.0867 -0.1222
vn -0.3697 -0.4079 0.8348
vn -0.6539 -0.2366 0.7186
vn -0.7682 -0.2911 0.5702
vn -0.5884 -0.2934 0.7534
vn -0.7613 -0.5432 0.3541
vn -0.6719 -0.6814 0.2903
vn -0.7655 -0.6335 0.1123
vn -0.6994 -0.6788 0.2237
vn -0.6121 -0.7399 0.2790
vn -0.4918 -0.3525 0.7962
vn -0.8235 -0.2447 0.5119
vn -0.8709 -0.2355 0.4315
vn -0.5451 -0.0711 0.8353
vn -0.6407 -0.3939 0.6591
vn -0.5085 -0.2232 0.8316
vn -0.5369 -0.1060 0.8369
vn -0.8329 -0.0093 0.5533
vn -0.7387 0.0263 0.6735
vn -0.7749 -0.4948 0.3932
vn -0.8640 -0.2818 0.4173
vn -0.8726 -0.2392 0.4259
vn -0.9197 -0.1261 0.3718
vn -0.9722 -0.0867 -0.2176
vn -0.9828 0.0123 -0.1841
vn -0.7619 -0.2906 0.5788
vn -0.6079 -0.3768 0.6989
vn -0.8057 0.0417 0.5909
vn -0.6617 0.1388 0.7368
vn -0.6289 0.1277 0.7670
vn -0.6574 0.0912 0.7480
vn -0.6870 -0.4040 0.6040
vn -0.6346 0.0847 0.7682
vn -0.7953 0.1059 0.5969
vn -0.6189 -0.5591 0.5517
vn -0.6167 -0.2368 0.7507
vn -0.8144 -0.5708 0.1045
vn -0.8333 -0.5472 0.0784
vn -0.9115 -0.3549 0.2079
vn -0.9184 -0.3843 0.0946
vn -0.8628 -0.2944 0.4109
vn -0.9989 -0.0096 -0.0449
vn -0.9622 0.2227 0.1568
vn -0.9872 -0.0470 -0.1527
vn -0.5963 -0.0047 0.8027
vn 0.0540 0.9637 0.2615
vn -0.5414 -0.1816 0.8209
vn -0.8527 0.2851 0.4376
vn -0.9205 -0.0865 0.3811
vn -0.8506 -0.4873 0.1974
vn -0.9485 -0.1939 0.2504
vn -0.8902 -0.4294 0.1524
vn -0.9629 -0.0909 0.2541
vn -0.8723 -0.4669 0.1452
vn -0.9315 0.3321 0.1484
vn -0.9678 0.2213 0.1203
vn -0.9240 0.3660 0.1112
vn -0.8707 0.3475 0.3480
vn -0.5807 -0.0040 0.8141
vn -0.7162 0.3460 0.6061
vn -0.6687 -0.1636 0.7253
vn -0.7862 0.4333 0.4407
vn -0.7329 0.2161 0.6451
vn -0.8504 -0.0730 0.5210
vn -0.8491 -0.0846 0.5214
vn -0.8421 -0.1063 0.5287
vn -0.8984 -0.0714 0.4334
vn -0.9618 0.1942 0.1927
vn -0.8411 0.2681 0.4698
vn -0.6490 0.5966 0.4721
vn -0.8116 0.2938 0.5049
vn -0.8076 0.2285 0.5437
vn -0.9609 -0.1441 0.2365
vn -0.9762 -0.0502 0.2110
vn -0.8890 -0.0166 0.4576
vn -0.8248 0.3479 0.4457
vn -0.8656 0.1793 0.4676
vn -0.8318 -0.0288 0.5544
vn -0.8717 0.1307 0.4724
vn -0.9913 -0.0907 -0.0959
vn -0.9367 0.2742 -0.2175
vn -0.9819 0.0387 0.1852
vn -0.9586 0.0569 -0.2789
vn -0.9265 0.3669 0.0835
vn -0.9760 0.0899 -0.1984
vn 0.3921 -0.3926 0.8320
vn 0.2942 -0.5835 0.7570
vn -0.3234 -0.7741 0.5443
vn -0.0948 -0.5775 0.8109
vn 0.1469 -0.5209 0.8409
vn -0.2671 -0.6431 0.7177
vn -0.6549 -0.5758 0.4894
vn 0.0372 -0.3722 0.9274
vn -0.6075 -0.2466 0.7551
vn -0.7127 -0.5898 0.3797
vn -0.6126 -0.2277 0.7569
vn -0.6684 -0.3498 0.6565
vn -0.9088 -0.3399 0.2420
vn -0.3141 -0.6719 0.6707
vn -0.8920 -0.4483 0.0580
vn -0.8439 -0.3889 0.3695
vn -0.9091 -0.3412 0.2392
vn -0.8800 -0.2788 0.3844
vn -0.9228 -0.2148 0.3198
vn -0.8249 -0.3759 0.4222
vn -0.9676 -0.0730 -0.2417
vn -0.9276 0.1174 -0.3546
vn -0.9626 0.1014 -0.2513
vn -0.9565 0.1242 -0.2640
vn -0.9903 0.1347 0.0327
vn -0.9626 0.1114 -0.2471
vn -0.9404 0.1757 0.2912
vn -0.9750 0.2219 -0.0070
vn -0.9178 0.3560 0.1756
vn -0.8446 0.1369 -0.5176
vn -0.7443 0.0516 -0.6659
vn -0.8850 0.0536 -0.4626
vn -0.8680 0.0579 -0.4932
vn -0.8116 -0.0304 -0.5835
vn -0.9713 0.0970 -0.2171
vn -0.9678 -0.2130 -0.1339
vn -0.9749 -0.0797 -0.2079
vn -0.9018 0.0874 -0.4231
vn -0.9283 -0.3110 -0.2039
vn -0.9374 -0.2525 -0.2397
vn -0.9415 0.1718 -0.2900
vn -0.8527 0.2898 0.4346
vn -0.7821 0.3724 0.4997
vn -0.7817 0.4347 0.4472
vn -0.8514 0.1845 0.4911
vn -0.8090 -0.3058 0.5021
vn -0.8661 -0.3987 0.3014
vn -0.5175 -0.3318 0.7888
vn -0.3698 -0.2685 0.8895
vn -0.8102 -0.3040 0.5012
vn -0.5180 -0.3319 0.7884
vn -0.0253 -0.8425 0.5382
vn -0.4008 -0.5692 0.7179
vn -0.2376 -0.5284 0.8150
vn -0.1848 -0.2459 0.9515
vn 0.0834 -0.5935 0.8005
vn -0.5308 -0.3071 0.7899
vn 0.1968 -0.9798 -0.0341
vn -0.1346 -0.6636 0.7359
vn 0.2426 -0.9249 0.2928
vn 0.2496 -0.9402 0.2316
vn 0.0683 -0.9545 0.2902
vn 0.3914 -0.7913 0.4698
vn -0.0874 -0.9388 0.3331
vn 0.1938 -0.8096 0.5541
vn 0.5310 -0.8364 0.1357
vn 0.4960 -0.8563 0.1441
vn 0.4456 -0.8930 0.0628
vn 0.1407 -0.9789 0.1479
vn 0.0134 -0.8062 0.5915
vn 0.0449 -0.9860 0.1603
vn 0.3807 -0.8290 0.4096
vn -0.0517 -0.8356 0.5468
vn -0.0358 -0.9944 0.0992
vn -0.1688 -0.9713 0.1674
vn -0.0290 -0.9967 0.0758
vn 0.0260 -0.9344 0.3553
vn 0.0254 -0.9344 0.3553
vn 0.1107 -0.9181 0.3805
vn 0.0112 -0.9897 -0.1430
vn 0.1075 -0.8993 0.4240
vn -0.0682 -0.9968 0.0412
vn 0.3843 -0.9139 -0.1309
vn 0.0896 -0.9028 0.4207
vn 0.1619 -0.9034 0.3971
vn 0.1586 -0.9148 0.3716
vn 0.2296 -0.9253 0.3018
vn 0.1889 -0.9816 -0.0270
vn 0.3666 -0.9302 -0.0211
vn 0.3821 -0.9235 -0.0338
vn 0.4430 -0.8246 0.3517
vn 0.4055 -0.8616 0.3053
vn 0.4742 -0.8410 0.2605
vn -0.1194 -0.9928 0.0035
vn -0.1170 -0.9930 0.0166
vn 0.3412 -0.8195 0.4604
vn 0.4935 -0.8536 -0.1665
vn 0.3952 -0.9050 -0.1577
vn 0.3249 -0.6861 0.6509
vn -0.1499 -0.8791 0.4525
vn 0.1442 -0.9895 0.0109
vn 0.1484 -0.9759 0.1599
vn 0.3841 -0.7762 0.5000
vn -0.0803 -0.9902 0.1139
vn -0.0519 -0.8569 0.5128
vn -0.0881 -0.9837 0.1565
vn -0.1139 -0.9933 -0.0191
vn 0.2009 -0.9110 0.3603
vn 0.2391 -0.9380 0.2509
vn 0.3134 -0.9344 -0.1696
vn 0.2292 -0.9545 0.1909
vn 0.6031 -0.7498 0.2721
vn 0.3838 -0.8957 0.2245
vn 0.1825 -0.9586 0.2187
vn -0.0212 -0.6714 0.7408
vn 0.1161 -0.7519 0.6489
vn 0.5884 -0.8059 -0.0650
vn -0.0063 -0.9972 0.0750
vn -0.0563 -0.9790 0.1958
vn -0.0063 -0.9972 0.0751
vn -0.0514 -0.9134 0.4038
vn 0.4565 -0.8792 0.1361
vn 0.1912 -0.9690 -0.1567
vn -0.0368 -0.9561 0.2909
vn 0.7928 -0.6025 -0.0917
vn -0.0269 -0.7566 0.6533
vn 0.2331 -0.7874 0.5707
vn 0.2542 -0.8080 0.5315
vn 0.0043 -0.7611 0.6486
vn 0.7669 -0.5657 0.3030
vn 0.6439 -0.7373 0.2042
vn 0.4024 -0.9114 0.0862
vn 0.5893 -0.7689 0.2480
vn 0.4051 -0.9143 -0.0034
vn 0.4481 -0.8324 0.3261
vn 0.7860 -0.6182 0.0034
vn 0.7183 -0.6763 0.1631
vn 0.5659 -0.7654 -0.3064
vn 0.7577 -0.5805 0.2981
vn 0.7022 -0.5569 -0.4436
vn -0.5296 -0.3473 0.7739
vn -0.5641 -0.3052 0.7672
vn -0.2238 -0.3497 0.9097
vn -0.2232 -0.5133 0.8287
vn -0.2366 -0.8142 0.5302
vn -0.2479 -0.9248 0.2886
vn -0.0223 -0.9389 0.3434
vn -0.3441 -0.8050 0.4832
vn -0.5195 -0.7616 0.3873
vn -0.1740 -0.8679 0.4653
vn -0.6218 -0.5737 -0.5331
vn -0.3157 -0.3772 -0.8707
vn 0.0484 -0.8786 -0.4752
vn 0.0465 -0.8804 -0.4720
vn 0.0155 -0.8829 -0.4693
vn 0.1234 -0.4228 -0.8978
vn 0.3871 -0.9102 -0.1471
vn 0.0624 -0.7313 -0.6792
vn 0.1419 -0.9228 0.3581
vn 0.6191 -0.6686 -0.4118
vn 0.5279 -0.8462 0.0725
vn 0.6454 -0.6610 -0.3828
vn 0.4121 -0.8933 -0.1793
vn 0.2088 -0.9465 -0.2461
vn 0.4618 -0.7920 -0.3993
vn 0.2090 -0.9464 -0.2464
vn 0.4305 -0.8904 0.1476
vn 0.7830 -0.6215 0.0262
vn 0.8029 -0.5876 0.1000
vn 0.7903 -0.5075 -0.3432
vn 0.9284 -0.3650 -0.0702
vn 0.9390 -0.1862 -0.2890
vn 0.9549 0.1614 -0.2491
vn 0.6448 -0.6672 -0.3730
vn 0.7581 -0.6475 -0.0783
vn 0.9131 -0.3534 -0.2035
vn 0.9178 -0.3746 0.1314
vn 0.8073 -0.5253 0.2691
vn 0.7780 -0.6268 0.0437
vn 0.7587 -0.6507 -0.0295
vn 0.6834 -0.7229 -0.1022
vn 0.6877 -0.7246 -0.0455
vn 0.8703 -0.3912 0.2993
vn 0.5447 -0.3855 0.7448
vn 0.2308 -0.4566 0.8592
vn 0.5500 -0.3897 0.7387
vn 0.2528 -0.5027 0.8267
vn 0.2519 -0.4847 0.8376
vn -0.0088 -0.7646 0.6445
vn -0.0282 -0.7548 0.6553
vn 0.0370 -0.7249 0.6879
vn -0.0729 -0.7458 0.6622
vn -0.5121 -0.3780 0.7713
vn 0.1122 -0.6432 0.7574
vn 0.0708 -0.5529 0.8303
vn 0.3190 -0.6194 0.7174
vn -0.4270 -0.5917 0.6838
vn -0.1952 -0.3786 0.9047
vn -0.2699 -0.3548 0.8952
vn -0.6713 -0.5226 0.5257
vn -0.7037 -0.4337 0.5627
vn -0.1254 0.9855 0.1142
vn -0.1795 0.9825 -0.0492
vn -0.1091 0.9844 -0.1382
vn -0.2441 0.9402 0.2376
vn -0.3697 0.9252 0.0858
vn -0.0070 0.9961 -0.0877
vn -0.1445 0.9883 -0.0485
vn 0.0189 0.9948 -0.1003
vn 0.0465 0.9680 0.2465
vn 0.1734 0.9749 0.1396
vn 0.1222 0.9803 0.1554
vn 0.4664 0.7611 0.4508
vn 0.4475 0.7438 0.4964
vn 0.3346 0.7858 0.5201
vn 0.2818 0.9536 0.1059
vn -0.4042 0.8736 0.2710
vn -0.4937 0.8090 -0.3189
vn -0.3507 0.9347 0.0572
vn -0.2485 0.9229 0.2943
vn -0.1760 0.9635 0.2019
vn -0.2918 0.8641 -0.4100
vn -0.0624 0.9854 0.1585
vn 0.0005 0.9752 0.2215
vn 0.0100 0.9974 0.0709
vn 0.1664 0.9333 -0.3182
vn 0.2930 0.9363 -0.1938
vn 0.3199 0.9143 -0.2483
vn -0.5438 0.7130 -0.4427
vn -0.4530 0.8747 -0.1725
vn -0.4919 0.8612 -0.1280
vn -0.5406 0.7850 -0.3026
vn 0.0572 0.9286 -0.3666
vn 0.0109 0.9900 -0.1406
vn 0.3398 0.9237 -0.1772
vn 0.2768 0.9395 -0.2018
vn -0.2411 0.8930 -0.3801
vn 0.3219 0.9330 -0.1610
vn 0.2686 0.9609 -0.0671
vn 0.1384 0.9791 -0.1490
vn 0.2374 0.9450 -0.2249
vn -0.4632 0.8748 0.1422
vn -0.4642 0.8757 0.1328
vn 0.1054 0.9940 -0.0283
vn 0.0599 0.9955 -0.0735
vn -0.4997 0.8541 0.1444
vn -0.6100 0.7882 0.0815
vn -0.5880 0.8081 -0.0354
vn -0.1749 0.9731 -0.1498
vn 0.1021 0.9945 -0.0246
vn 0.0942 0.9919 0.0854
vn -0.4044 0.9064 -0.1222
vn -0.3399 0.9247 -0.1713
vn 0.2050 0.9652 0.1622
vn -0.0476 0.9759 0.2131
vn 0.3464 0.9317 0.1093
vn -0.4791 0.8637 0.1563
vn -0.4683 0.8191 -0.3313
vn -0.0698 0.9975 -0.0129
vn -0.3388 0.9362 0.0938
vn -0.0460 0.9985 0.0293
vn -0.1655 0.9862 0.0075
vn -0.3245 0.9380 0.1219
vn 0.1777 0.9482 -0.2635
vn 0.2596 0.9280 -0.2673
vn 0.3102 0.9265 -0.2129
vn -0.1877 0.8022 -0.5668
vn 0.0917 0.9942 0.0570
vn 0.6205 0.6932 -0.3667
vn -0.5397 0.7679 -0.3450
vn -0.5861 0.7491 -0.3088
vn -0.1234 0.9913 -0.0461
vn 0.0747 0.7345 -0.6745
vn 0.0184 0.7799 -0.6256
vn 0.1823 0.9046 -0.3854
vn 0.5722 0.6948 -0.4356
vn 0.6391 0.6318 -0.4386
vn -0.0193 0.7881 -0.6152
vn -0.4618 0.8418 0.2796
vn -0.4832 0.6726 0.5604
vn -0.6613 0.6824 0.3113
vn -0.0659 0.9930 0.0978
vn -0.1577 0.9874 0.0147
vn 0.1363 0.9906 0.0090
vn 0.0112 0.9940 -0.1084
vn 0.4194 0.8361 0.3537
vn 0.4602 0.7101 0.5329
vn 0.5827 0.7376 0.3412
vn 0.5046 0.7023 0.5022
vn 0.6304 0.6514 0.4222
vn 0.6311 0.4266 0.6478
vn 0.4761 0.8573 0.1959
vn 0.9752 0.1709 0.1406
vn 0.9658 0.1153 0.2322
vn 0.8852 0.1707 0.4327
vn 0.9657 0.2154 0.1453
vn 0.9553 0.1750 0.2383
vn 0.8984 0.4368 0.0463
vn 0.6833 0.6370 0.3567
vn 0.8756 0.4521 -0.1702
vn 0.9237 0.3792 -0.0549
vn 0.8348 0.5420 -0.0971
vn 0.9405 0.3290 -0.0850
vn 0.9133 0.3973 -0.0896
vn 0.6942 0.6814 -0.2320
vn 0.7129 0.5461 -0.4399
vn 0.9295 0.2006 -0.3094
vn 0.8375 0.4763 -0.2679
vn 0.7299 0.5536 -0.4010
vn 0.2137 0.2853 -0.9343
vn -0.0893 0.6046 -0.7915
vn -0.1036 0.8389 -0.5343
vn -0.0284 0.6845 -0.7284
vn -0.1607 0.7882 -0.5941
vn -0.1208 0.6200 -0.7752
vn -0.2336 0.1657 -0.9581
vn 0.0587 0.7903 -0.6099
vn 0.0300 0.7846 -0.6192
vn 0.0871 0.6333 -0.7690
vn 0.2100 0.7937 -0.5709
vn -0.0731 0.3685 -0.9268
vn 0.2365 0.7749 -0.5862
vn 0.0266 0.8029 -0.5956
vn -0.0777 0.8192 -0.5682
vn -0.3247 0.2624 -0.9087
vn -0.6409 0.4286 -0.6368
vn -0.5604 0.0825 -0.8241
vn -0.6830 0.0227 -0.7301
vn -0.6765 0.6682 -0.3094
vn -0.6413 0.7041 -0.3049
vn -0.6355 0.6435 -0.4267
vn -0.5927 0.8047 0.0334
vn -0.2925 0.9414 0.1680
vn -0.2556 0.9667 -0.0103
vn -0.6694 0.7314 0.1299
vn -0.9664 0.1066 -0.2340
vn -0.7892 0.6138 -0.0189
vn -0.5112 0.8479 -0.1408
vn -0.8250 0.3991 0.4002
vn -0.9732 0.2043 -0.1055
vn -0.8763 0.4751 -0.0798
vn -0.9745 0.1491 0.1678
vn -0.8145 0.5733 -0.0888
vn -0.9909 0.1318 0.0282
vn -0.9547 -0.1684 -0.2455
vn -0.8436 0.3609 -0.3976
vn -0.9608 0.2669 -0.0754
vn -0.5816 0.0620 -0.8111
vn -0.5989 0.3799 -0.7049
vn -0.3914 0.1608 -0.9061
vn -0.1642 -0.0114 -0.9864
vn -0.5429 -0.2883 -0.7888
vn -0.5248 -0.2818 -0.8032
vn -0.9565 -0.0167 -0.2912
vn -0.8790 0.4640 -0.1102
vn -0.8138 0.5811 -0.0123
vn -0.5506 0.2148 -0.8067
vn -0.8461 0.4311 -0.3135
vn -0.8382 0.1210 -0.5317
vn -0.6585 -0.0145 -0.7524
vn -0.8162 -0.0747 -0.5729
vn -0.6633 0.4150 -0.6228
vn -0.7002 0.3396 -0.6280
vn -0.8117 -0.0098 -0.5841
vn -0.7510 0.1645 -0.6395
vn -0.6621 0.1576 -0.7327
vn -0.9579 0.1729 -0.2291
vn -0.8105 0.3477 -0.4714
vn -0.6502 0.4877 -0.5825
vn -0.7004 0.6292 -0.3370
vn -0.6335 0.6511 -0.4181
vn -0.7084 0.5047 -0.4934
vn -0.8490 -0.0165 -0.5282
vn -0.9009 -0.0457 -0.4316
vn -0.9404 -0.0151 -0.3397
vn -0.6816 0.4744 -0.5571
vn -0.7755 0.2854 -0.5631
vn -0.8489 0.4908 -0.1959
vn -0.9183 0.2417 -0.3134
vn -0.7550 0.6439 -0.1239
vn -0.9343 0.2909 -0.2060
vn -0.5235 -0.1298 -0.8421
vn -0.9336 0.3334 -0.1315
vn -0.6723 0.1384 -0.7273
vn -0.4931 0.3552 -0.7942
vn -0.4583 0.3276 -0.8263
vn -0.5150 0.0821 -0.8533
vn -0.5467 0.1143 -0.8295
vn 0.1292 0.3642 -0.9223
vn -0.8654 0.2725 -0.4206
vn -0.6068 0.6525 -0.4540
vn -0.5832 0.6574 -0.4772
vn -0.6787 -0.0290 -0.7338
vn -0.7621 -0.0103 -0.6474
vn -0.6349 -0.0500 -0.7710
vn -0.5137 0.3736 -0.7724
vn -0.4489 0.0877 -0.8893
vn -0.5770 0.3562 -0.7349
vn -0.1690 0.4826 -0.8594
vn -0.1034 0.4798 -0.8713
vn -0.0903 0.4843 -0.8702
vn -0.8116 0.4075 -0.4187
vn -0.7322 0.6486 -0.2077
vn -0.8019 0.2437 -0.5454
vn -0.7971 0.4841 -0.3609
vn -0.7316 0.6585 -0.1762
vn -0.7643 0.2788 -0.5814
vn -0.4908 0.6488 -0.5815
vn -0.4857 0.6425 -0.5928
vn -0.6824 0.6193 -0.3883
vn -0.8663 0.3561 -0.3502
vn -0.5607 0.3111 -0.7674
vn -0.7055 0.1222 -0.6981
vn 0.0433 -0.0176 -0.9989
vn 0.0346 -0.0180 -0.9992
vn -0.5622 0.1193 -0.8183
vn -0.1829 0.6112 -0.7700
vn -0.5647 0.3529 -0.7461
vn -0.2662 0.4906 -0.8297
vn -0.7606 0.1031 0.6410
vn -0.8310 0.0472 0.5542
vn -0.7791 0.4735 0.4109
vn -0.8261 0.4463 0.3441
vn -0.9003 0.3892 -0.1950
vn -0.8923 0.4054 -0.1988
vn -0.9293 0.3681 0.0308
vn -0.8995 0.4360 -0.0291
vn -0.9979 0.0379 0.0522
vn -0.9982 -0.0196 -0.0570
vn -0.9792 -0.1975 -0.0472
vn -0.5923 0.0736 -0.8023
vn -0.9438 -0.2948 -0.1495
vn -0.7420 0.0356 -0.6695
vn -0.6733 -0.3220 -0.6656
vn -0.6581 0.0051 -0.7529
vn -0.6660 0.1310 -0.7344
vn -0.5419 0.0338 -0.8398
vn -0.5669 -0.0580 -0.8218
vn -0.7436 -0.0318 -0.6679
vn -0.7450 -0.0737 -0.6630
vn -0.6010 0.2875 -0.7458
vn -0.6643 0.1495 -0.7323
vn -0.4534 0.0169 -0.8911
vn 0.0116 0.1552 -0.9878
vn -0.0135 0.1122 -0.9936
vn -0.0182 0.1063 -0.9942
vn -0.0830 0.2445 -0.9661
vn -0.2125 0.1791 -0.9606
vn 0.0974 0.1630 -0.9818
vn -0.2899 0.1565 -0.9442
vn 0.3026 -0.0099 -0.9531
vn 0.2183 0.0848 -0.9722
vn 0.2384 -0.0812 -0.9678
vn 0.0096 0.3265 -0.9452
vn 0.4810 0.2057 -0.8523
vn 0.0916 -0.1510 -0.9843
vn 0.2122 -0.0724 -0.9745
vn 0.2444 -0.1483 -0.9583
vn 0.3783 0.2728 -0.8846
vn -0.6166 0.2634 -0.7419
vn 0.0179 0.3093 -0.9508
vn -0.5545 0.5774 -0.5993
vn -0.6358 0.6988 -0.3279
vn -0.6157 0.5941 -0.5177
vn -0.5618 0.1510 -0.8133
vn -0.7016 0.4091 -0.5834
vn -0.7536 0.6030 -0.2617
vn -0.6172 0.7122 -0.3344
vn -0.6645 0.7086 -0.2374
vn -0.6512 0.6935 -0.3083
vn -0.9224 0.2170 -0.3196
vn -0.7317 0.6119 -0.3002
vn -0.7363 0.6036 -0.3058
vn -0.9670 0.1926 -0.1667
vn -0.7855 0.5716 -0.2370
vn -0.8132 0.5794 0.0550
vn -0.7535 0.6320 0.1810
vn -0.9772 0.1341 0.1645
vn -0.9722 -0.1620 0.1693
vn -0.8793 0.3587 -0.3132
vn -0.9361 0.3124 -0.1615
vn -0.9643 -0.1447 0.2218
vn -0.8996 -0.4330 -0.0572
vn -0.6690 0.2575 0.6972
vn 0.0542 0.0096 -0.9985
vn 0.1021 0.2072 -0.9730
vn 0.0267 0.3865 -0.9219
vn 0.0660 0.2473 -0.9667
vn 0.1476 0.0262 -0.9887
vn 0.2455 0.1366 -0.9597
vn 0.2252 -0.0708 -0.9717
vn 0.4741 0.2205 -0.8524
vn 0.6501 0.1536 -0.7442
vn 0.4394 0.0224 -0.8980
vn 0.5142 -0.3796 -0.7691
vn 0.7285 0.1036 -0.6771
vn 0.6629 -0.2767 -0.6957
vn 0.2803 -0.0454 -0.9588
vn 0.3198 -0.1840 -0.9295
vn 0.5415 0.2765 -0.7939
vn 0.8509 -0.3119 -0.4227
vn 0.6455 0.2081 -0.7349
vn 0.7258 -0.2839 -0.6266
vn 0.6929 -0.2392 -0.6801
vn 0.2802 -0.2073 -0.9373
vn 0.5970 0.0164 -0.8021
vn 0.8020 0.1298 -0.5830
vn 0.7837 -0.1923 -0.5907
vn 0.7190 0.1778 -0.6719
vn 0.7833 -0.4512 -0.4276
vn 0.8582 0.0502 -0.5108
vn 0.8444 -0.4754 -0.2472
vn 0.9192 0.0253 -0.3930
vn 0.7221 -0.3419 -0.6014
vn 0.8484 -0.2848 -0.4462
vn 0.8362 -0.2849 -0.4687
vn 0.8597 -0.2294 -0.4563
vn 0.8393 -0.4049 -0.3628
vn 0.9586 -0.1799 -0.2209
vn 0.7802 0.2098 -0.5893
vn 0.3152 -0.1441 -0.9380
vn 0.8384 -0.2707 -0.4732
vn 0.8821 0.1394 -0.4499
vn 0.7336 0.2813 -0.6186
vn 0.7730 -0.2484 -0.5838
vn 0.8258 -0.2216 -0.5186
vn 0.8265 -0.1854 -0.5316
vn 0.9799 -0.0930 -0.1765
vn 0.8817 -0.4589 -0.1095
vn 0.9655 0.2111 -0.1522
vn 0.9597 0.1016 -0.2621
vn 0.9900 0.0968 -0.1029
vn 0.7461 0.2633 -0.6116
vn 0.8958 0.1351 -0.4234
vn 0.9166 -0.1083 -0.3849
vn 0.9940 0.0742 -0.0809
vn 0.8237 -0.2959 -0.4836
vn 0.9558 0.1955 -0.2195
vn 0.6896 -0.3108 -0.6541
vn 0.9361 -0.3391 -0.0938
vn 0.9889 -0.0507 0.1393
vn 0.9494 0.2348 -0.2087
vn 0.9462 0.2898 -0.1441
vn 0.7845 0.2547 -0.5654
vn 0.9703 0.0422 -0.2382
vn 0.7454 -0.3746 -0.5515
vn 0.6339 -0.0543 -0.7715
vn 0.7202 -0.0587 -0.6913
vn 0.8865 0.3632 -0.2867
vn 0.8843 -0.0272 -0.4661
vn 0.8983 -0.3011 -0.3201
vn 0.8748 -0.2649 -0.4056
vn 0.8918 -0.2605 -0.3699
vn 0.9173 -0.1683 0.3608
vn 0.9221 -0.1084 0.3714
vn -0.4721 0.3159 -0.8230
vn -0.1049 0.4159 -0.9034
vn -0.0013 0.2563 -0.9666
vn -0.5164 0.1070 -0.8497
vn -0.2255 0.1484 -0.9629
vn -0.5775 0.2960 -0.7608
vn 0.5195 0.1195 -0.8461
vn 0.0265 0.3861 -0.9221
vn 0.5213 -0.3733 -0.7674
vn 0.5264 -0.3906 -0.7552
vn 0.6746 0.2232 -0.7036
vn 0.2901 -0.2390 -0.9267
vn 0.6105 -0.1843 -0.7703
vn 0.5918 -0.2054 -0.7795
vn 0.5566 -0.1956 -0.8074
vn 0.9355 0.3349 -0.1126
vn 0.5532 -0.3338 0.7633
vn 0.9666 0.2381 -0.0946
vn 0.8952 0.2108 -0.3927
vn 0.9209 0.2484 -0.3004
vn 0.7793 0.3843 -0.4950
vn 0.9865 0.1637 -0.0002
vn 0.9758 0.1355 -0.1715
vn 0.9845 0.1640 -0.0618
vn 0.9664 0.2278 -0.1190
vn 0.9720 0.1261 0.1984
vn 0.9448 -0.1425 0.2950
vn 0.9098 -0.3003 0.2865
vn 0.9488 -0.2565 0.1843
vn 0.9546 -0.2884 0.0747
vn 0.9606 0.1606 0.2268
vn 0.8989 -0.0357 -0.4367
vn 0.9619 -0.1901 -0.1966
vn 0.9726 -0.1155 -0.2017
vn 0.8205 -0.2659 -0.5060
vn 0.8864 -0.1511 -0.4376
vn 0.8701 -0.2789 -0.4063
vn 0.7222 -0.3777 -0.5795
vn 0.9281 -0.2335 -0.2899
vn 0.9335 -0.1826 -0.3086
vn 0.8369 0.0271 -0.5467
vn 0.8642 -0.1108 -0.4908
vn 0.3388 -0.0780 -0.9376
vn 0.1978 -0.1175 -0.9732
vn 0.3876 0.0502 -0.9205
vn 0.2561 -0.1196 -0.9592
vn 0.2125 -0.1020 -0.9718
vn 0.4711 0.1022 -0.8761
vn 0.4302 0.0287 -0.9023
vn 0.2667 0.1863 -0.9456
vn -0.4003 0.2028 -0.8937
vn 0.9449 -0.2476 -0.2142
vn 0.9273 -0.3670 0.0736
vn 0.9632 0.0419 0.2654
vn 0.9605 0.0452 0.2746
vn 0.9034 -0.3292 0.2749
vn 0.8095 0.1657 0.5633
vn 0.8928 -0.3407 0.2947
vn 0.8330 -0.0685 0.5490
vn 0.6113 -0.3078 0.7291
vn 0.5718 -0.3902 0.7217
vn 0.9328 -0.3190 0.1679
vn 0.9080 -0.4074 0.0980
vn 0.9180 0.3295 0.2207
vn 0.9433 -0.0391 0.3297
vn 0.9424 -0.2640 -0.2052
vn 0.9482 0.0375 0.3155
vn 0.9702 -0.1272 0.2060
vn 0.9370 0.0470 0.3463
vn 0.8805 -0.2779 0.3840
vn 0.9233 0.1557 0.3510
vn 0.8843 0.0849 0.4592
vn 0.6080 0.1357 0.7822
vn 0.9969 -0.0785 -0.0010
vn 0.9630 0.2684 -0.0250
vn 0.9579 0.2830 -0.0478
vn 0.9829 -0.1205 0.1389
vn 0.6313 0.3570 0.6884
vn 0.7317 -0.1489 0.6652
vn 0.7715 0.4566 0.4431
vn 0.8570 -0.0337 0.5142
vn 0.8639 -0.1411 0.4835
vn 0.8545 0.2009 0.4789
vn 0.8331 -0.0421 0.5516
vn 0.6512 0.1149 0.7501
vn 0.7160 -0.1064 0.6900
vn 0.2115 0.0148 0.9773
vn 0.8400 -0.0150 0.5424
vn 0.8729 0.3295 0.3598
vn 0.8108 0.5447 0.2146
vn 0.7588 0.4395 0.4808
vn 0.8309 0.4393 0.3415
vn 0.7645 0.2360 0.5999
vn 0.7929 0.1993 0.5758
vn 0.7613 0.2748 0.5873
vn 0.6452 0.2104 0.7345
vn 0.8577 0.4404 0.2655
vn 0.7719 0.3087 0.5558
vn 0.8759 0.1558 0.4566
vn 0.2411 0.1112 0.9641
vn 0.2582 0.0393 0.9653
vn 0.9478 -0.2811 0.1505
vn 0.8268 0.1619 0.5387
vn 0.8716 0.2368 0.4293
vn 0.8224 0.5312 0.2036
vn 0.5936 0.4337 0.6779
vn 0.7034 0.0730 0.7071
vn 0.5426 0.1329 0.8294
vn 0.5165 0.5287 0.6736
vn 0.5485 0.2505 0.7977
vn 0.7355 -0.1868 0.6512
vn 0.7632 -0.2018 0.6139
vn 0.6707 0.2869 0.6840
vn 0.8474 0.0817 0.5246
vn 0.6577 0.5250 0.5402
vn 0.6552 0.6428 0.3969
vn 0.7235 0.5023 0.4736
vn 0.7302 0.0993 0.6760
vn 0.5338 -0.1612 0.8301
vn -0.1057 0.2293 0.9676
vn 0.9451 0.1633 -0.2830
vn 0.8692 -0.1479 -0.4718
vn 0.8755 -0.0479 -0.4809
vn 0.9952 -0.0980 0.0023
vn 0.9330 -0.3265 -0.1515
vn 0.9102 -0.4093 -0.0629
vn 0.9882 -0.1438 -0.0531
vn 0.9884 -0.0146 0.1509
vn 0.9829 0.1153 -0.1435
vn 0.9812 -0.1364 -0.1363
vn 0.9523 0.0145 0.3049
vn 0.8606 -0.4216 0.2856
vn 0.8387 -0.4311 0.3327
vn 0.9712 0.2330 0.0504
vn 0.9806 0.0111 0.1958
vn 0.9806 0.0313 0.1934
vn 0.9604 0.1263 0.2483
vn 0.9222 -0.2603 0.2858
vn 0.6424 -0.2611 0.7206
vn 0.9458 -0.0243 0.3238
vn 0.6456 -0.3148 0.6958
vn 0.6718 -0.0604 0.7382
vn 0.6616 -0.0825 0.7453
vn 0.3295 0.4758 0.8155
vn 0.2432 -0.1569 0.9572
vn 0.2799 0.5955 0.7531
vn 0.2411 0.5740 0.7825
vn 0.0956 0.4914 0.8657
vn -0.0356 0.1566 0.9870
vn -0.0562 0.1519 0.9868
vn -0.0519 0.1981 0.9788
vn -0.0513 0.3433 0.9378
vn 0.5267 -0.0031 0.8500
vn 0.0977 -0.1447 0.9846
vn 0.4774 0.0302 0.8782
vn 0.2555 0.5654 0.7842
vn 0.2449 0.5308 0.8114
vn 0.2535 0.5627 0.7868
vn 0.6357 0.0544 0.7700
vn 0.6782 0.6250 0.3865
vn 0.2361 0.5463 0.8036
vn 0.2319 0.5796 0.7812
vn 0.4114 0.2706 0.8703
vn 0.5640 0.1477 0.8125
vn 0.5306 0.2334 0.8148
vn 0.7572 -0.0042 0.6532
vn 0.7395 -0.0157 0.6730
vn 0.7036 -0.4376 0.5598
vn 0.7052 -0.0972 0.7024
vn 0.5502 -0.3115 0.7748
vn 0.6403 -0.1440 0.7545
vn 0.5940 -0.3351 0.7313
vn 0.7207 -0.3174 0.6163
vn 0.9559 -0.2602 0.1363
vn 0.8004 -0.1766 0.5729
vn 0.9661 -0.2299 -0.1179
vn 0.9466 -0.2522 0.2007
vn 0.9225 -0.3850 0.0275
vn 0.9975 0.0603 -0.0371
vn 0.8489 -0.4973 -0.1791
vn 0.8452 -0.5284 -0.0805
vn 0.8400 -0.5317 -0.1083
vn 0.9186 -0.3851 0.0881
vn -0.1147 -0.3621 0.9251
vn -0.1402 -0.5013 0.8539
vn -0.3100 -0.3862 0.8688
vn -0.6577 -0.1567 0.7368
vn -0.3663 -0.4179 0.8314
vn -0.5680 -0.6107 0.5517
vn -0.5596 -0.4015 0.7250
vn -0.9569 -0.1882 0.2214
vn -0.7272 -0.6296 0.2735
vn -0.6935 -0.6650 0.2772
vn -0.9087 -0.0630 0.4126
vn -0.8472 -0.2584 0.4642
vn -0.8654 -0.2244 0.4481
vn -0.1485 -0.2494 0.9569
vn -0.1864 -0.1164 0.9756
vn -0.5646 -0.0417 0.8243
vn -0.5575 -0.0869 0.8256
vn -0.8347 -0.0177 0.5504
vn -0.7283 -0.0824 0.6803
vn -0.7256 -0.0772 0.6838
vn -0.7174 0.0040 0.6967
vn -0.5727 -0.7478 0.3360
vn -0.5783 -0.5399 0.6116
vn -0.6945 -0.4092 0.5918
vn -0.6992 -0.6771 0.2294
vn -0.9419 -0.0548 0.3313
vn -0.7420 -0.4120 0.5289
vn -0.8597 -0.2872 0.4225
vn -0.9876 -0.0414 -0.1512
vn -0.6030 -0.3804 0.7012
vn -0.6318 -0.1379 0.7627
vn -0.4749 -0.0765 0.8767
vn -0.7468 -0.3961 0.5343
vn -0.9512 -0.2741 0.1417
vn -0.8729 -0.4597 0.1634
vn -0.8756 -0.2469 0.4151
vn -0.9783 0.1452 -0.1477
vn -0.9909 0.0329 -0.1302
vn -0.3640 -0.0298 0.9309
vn -0.7002 -0.1538 0.6972
vn -0.6715 -0.4000 0.6237
vn -0.8640 0.1413 0.4832
vn -0.5223 -0.1677 0.8361
vn -0.9312 -0.0367 0.3625
vn -0.9401 -0.2700 0.2082
vn -0.9549 -0.2950 0.0348
vn -0.9725 0.1962 -0.1257
vn -0.9273 0.2586 0.2704
vn -0.6843 -0.3241 0.6532
vn -0.9213 -0.0630 0.3836
vn -0.3209 0.0191 0.9469
vn -0.5614 -0.0437 0.8264
vn -0.5022 -0.0682 0.8621
vn -0.8145 0.2924 0.5011
vn -0.7522 0.5183 0.4069
vn -0.8812 -0.1751 0.4392
vn -0.8842 0.3201 0.3402
vn -0.9517 -0.0254 0.3059
vn -0.8293 -0.3247 0.4547
vn -0.8395 -0.1028 0.5336
vn -0.8317 0.2212 0.5092
vn -0.9560 0.2832 -0.0764
vn -0.8834 0.3187 0.3435
vn -0.7703 0.5608 0.3036
vn -0.8180 0.2868 0.4986
vn -0.7453 0.3926 0.5389
vn -0.9199 0.0015 0.3922
vn -0.9893 -0.0990 -0.1072
vn -0.9905 -0.0907 -0.1038
vn -0.9751 -0.1807 -0.1286
vn -0.9663 0.2471 0.0720
vn -0.9101 0.4144 -0.0067
vn -0.9565 0.2639 0.1247
vn -0.9589 0.2821 -0.0297
vn 0.3347 -0.4454 0.8304
vn 0.3008 -0.7956 0.5259
vn -0.2800 -0.3891 0.8776
vn -0.2207 -0.3843 0.8964
vn -0.1208 -0.2371 0.9640
vn -0.0728 -0.4742 0.8774
vn -0.1590 -0.3327 0.9295
vn 0.1742 -0.4785 0.8606
vn -0.5285 -0.3773 0.7605
vn -0.5874 -0.2462 0.7709
vn -0.5727 -0.2239 0.7886
vn -0.9221 -0.2801 0.2671
vn -0.5028 -0.7048 0.5005
vn -0.9502 -0.2520 0.1832
vn -0.8924 -0.2702 0.3613
vn -0.8273 -0.5155 0.2232
vn -0.9241 -0.0126 0.3820
vn -0.9575 -0.0183 0.2880
vn -0.9549 0.2924 -0.0524
vn -0.9559 0.2832 -0.0776
vn -0.9687 -0.0721 -0.2377
vn -0.9334 0.3297 -0.1414
vn -0.8974 0.4320 0.0897
vn -0.9751 0.1245 0.1833
vn -0.9568 0.2908 -0.0018
vn -0.9246 0.3805 -0.0183
vn -0.8169 0.4793 -0.3207
vn -0.8163 0.4915 -0.3033
vn -0.8902 0.0392 -0.4539
vn -0.9810 -0.1932 0.0155
vn -0.9175 0.1616 -0.3634
vn -0.9409 -0.2644 -0.2117
vn -0.9983 -0.0451 -0.0381
vn -0.8578 -0.0701 0.5092
vn -0.7417 0.1894 0.6434
vn -0.9041 0.0387 0.4255
vn -0.8378 0.4053 0.3657
vn -0.8132 0.1364 0.5658
vn -0.7525 -0.0087 0.6586
vn -0.7838 -0.1514 0.6023
vn -0.7902 0.2445 0.5620
vn -0.4396 -0.1426 0.8868
vn -0.7025 0.1584 0.6939
vn -0.8035 -0.3277 0.4969
vn -0.1816 -0.7725 0.6085
vn -0.3219 -0.1201 0.9391
vn -0.3438 -0.1471 0.9275
vn -0.6151 -0.1807 0.7674
vn -0.7718 0.1266 0.6231
vn -0.4420 -0.2810 0.8519
vn -0.4859 -0.4274 0.7624
vn -0.6044 -0.3038 0.7365
vn -0.2075 -0.4814 0.8516
vn -0.1715 -0.2298 0.9580
vn -0.5186 -0.4680 0.7156
vn -0.1944 -0.3785 0.9050
vn -0.2116 -0.7239 0.6567
vn 0.2120 -0.4533 0.8658
vn -0.0702 -0.6816 0.7283
vn -0.0429 -0.9159 0.3992
vn 0.0012 -0.9507 0.3102
vn 0.2421 -0.9249 0.2932
vn 0.3315 -0.8523 0.4047
vn 0.4075 -0.8491 0.3363
vn 0.3257 -0.9449 0.0341
vn 0.0320 -0.9530 0.3012
vn 0.2864 -0.9573 -0.0404
vn 0.3667 -0.8808 0.2997
vn 0.4716 -0.7899 0.3921
vn 0.3770 -0.8439 0.3819
vn 0.6048 -0.7959 0.0271
vn 0.4083 -0.8841 0.2274
vn 0.3961 -0.8256 0.4019
vn 0.3656 -0.8930 0.2625
vn 0.3606 -0.9112 0.1992
vn 0.3318 -0.9108 0.2456
vn 0.3073 -0.8868 0.3452
vn -0.4732 -0.6763 0.5645
vn -0.1483 -0.7326 0.6644
vn -0.4526 -0.7693 0.4509
vn 0.5270 -0.8333 0.1669
vn 0.1566 -0.9825 0.1006
vn 0.0644 -0.9259 0.3723
vn 0.3851 -0.9108 -0.1488
vn 0.1038 -0.9943 -0.0235
vn 0.0176 -0.9959 -0.0888
vn 0.1324 -0.9183 0.3730
vn 0.0340 -0.8672 0.4967
vn -0.0471 -0.7205 0.6919
vn 0.1561 -0.8528 0.4983
vn 0.2759 -0.9204 0.2771
vn 0.4648 -0.8484 0.2532
vn 0.3971 -0.9151 -0.0698
vn 0.3763 -0.9195 0.1137
vn 0.4605 -0.8514 0.2512
vn 0.4680 -0.8201 0.3292
vn 0.3380 -0.8650 0.3707
vn 0.4210 -0.7876 0.4499
vn -0.0525 -0.9326 0.3572
vn -0.0903 -0.9949 0.0444
vn -0.0123 -0.8969 0.4421
vn -0.1118 -0.8585 0.5004
vn -0.0871 -0.9865 0.1389
vn 0.1097 -0.9940 -0.0035
vn 0.1100 -0.9939 0.0025
vn 0.1650 -0.9836 0.0729
vn 0.1904 -0.9731 0.1295
vn -0.0345 -0.9875 0.1538
vn 0.4876 -0.8396 0.2395
vn -0.0745 -0.9887 -0.1302
vn -0.0779 -0.9969 -0.0105
vn 0.1130 -0.9013 0.4181
vn 0.6104 -0.7921 -0.0017
vn 0.3141 -0.9345 -0.1677
vn 0.6427 -0.7529 0.1414
vn -0.0502 -0.9117 0.4079
vn 0.4624 -0.8249 0.3251
vn 0.4931 -0.8580 0.1435
vn 0.3406 -0.8239 0.4529
vn 0.1775 -0.6829 0.7086
vn 0.0847 -0.9917 0.0965
vn -0.0493 -0.9840 0.1712
vn 0.3935 -0.9085 0.1410
vn -0.0587 -0.9854 0.1596
vn 0.6147 -0.7781 0.1294
vn 0.0392 -0.9103 0.4121
vn 0.0464 -0.9924 -0.1143
vn 0.1598 -0.9338 0.3201
vn 0.5224 -0.7431 0.4182
vn 0.1831 -0.9688 -0.1672
vn 0.2319 -0.9710 0.0582
vn 0.8322 -0.5490 -0.0782
vn 0.7988 -0.5874 -0.1299
vn 0.3526 -0.6807 0.6421
vn -0.0216 -0.7540 0.6565
vn 0.4747 -0.8785 -0.0532
vn 0.1836 -0.9813 -0.0576
vn 0.5232 -0.8216 0.2265
vn 0.4864 -0.8710 0.0694
vn 0.7558 -0.6517 -0.0640
vn 0.5341 -0.8131 -0.2316
vn 0.7986 -0.5684 0.1981
vn 0.8057 -0.5271 0.2702
vn 0.8292 -0.5363 0.1576
vn 0.8843 -0.4493 -0.1268
vn 0.6036 -0.7376 -0.3026
vn 0.6221 -0.7606 -0.1854
vn -0.7954 -0.3158 0.5173
vn -0.0936 -0.1718 0.9807
vn -0.5292 -0.3404 0.7772
vn -0.2159 0.0742 0.9736
vn -0.2930 -0.3811 0.8769
vn -0.4445 -0.8436 0.3012
vn -0.4339 -0.8520 0.2928
vn -0.1893 -0.9539 0.2330
vn -0.1766 -0.8680 0.4640
vn -0.5169 -0.7391 0.4319
vn -0.5003 -0.7670 0.4018
vn 0.0216 -0.8965 0.4424
vn -0.2554 -0.9607 0.1086
vn 0.0870 -0.9528 0.2908
vn 0.1163 -0.9248 0.3622
vn -0.5382 -0.8392 0.0777
vn -0.1775 -0.9828 0.0514
vn -0.7092 -0.7020 -0.0652
vn -0.6069 -0.5832 -0.5400
vn -0.2262 -0.8842 -0.4086
vn -0.3140 -0.3617 -0.8778
vn 0.1564 -0.9124 -0.3783
vn -0.1344 -0.6751 -0.7253
vn 0.1473 -0.9161 -0.3729
vn 0.5953 -0.7926 -0.1317
vn 0.4795 -0.8667 -0.1376
vn 0.5810 -0.7974 -0.1631
vn 0.4750 -0.7941 -0.3792
vn 0.4083 -0.8899 -0.2034
vn 0.2227 -0.9267 -0.3027
vn 0.4680 -0.6351 -0.6145
vn 0.8794 -0.2956 -0.3732
vn 0.8307 -0.5487 0.0943
vn 0.9052 -0.1617 -0.3931
vn 0.6101 -0.6512 -0.4514
vn 0.8936 -0.3610 0.2669
vn 0.8870 -0.3892 -0.2485
vn 0.8309 -0.4849 0.2729
vn 0.8016 -0.5734 -0.1691
vn 0.7562 -0.6537 -0.0297
vn 0.9735 -0.1961 0.1173
vn 0.8165 -0.5756 0.0453
vn 0.7278 -0.6162 0.3010
vn 0.8317 -0.4391 0.3399
vn 0.7695 -0.5696 0.2888
vn 0.5277 -0.6317 0.5679
vn 0.6923 -0.6671 0.2751
vn 0.8561 -0.4885 0.1687
vn 0.5800 -0.3430 0.7389
vn 0.0152 -0.7599 0.6498
vn -0.0191 -0.7644 0.6444
vn -0.0150 -0.7681 0.6402
vn -0.1726 -0.7424 0.6473
vn -0.4292 -0.3256 0.8425
vn -0.1123 -0.8584 0.5005
vn -0.5663 -0.5895 0.5760
vn -0.6613 -0.5413 0.5193
vn -0.4426 0.8890 0.1176
vn -0.3943 0.8878 -0.2372
vn -0.0363 0.9955 -0.0870
vn -0.4155 0.8953 0.1605
vn -0.0773 0.9818 0.1737
vn -0.1560 0.9876 0.0173
vn -0.0811 0.9846 0.1551
vn -0.0460 0.9876 0.1502
vn 0.0899 0.9758 0.1993
vn 0.0456 0.9667 0.2520
vn 0.1251 0.9711 0.2035
vn 0.5445 0.8264 -0.1435
vn -0.3648 0.8242 -0.4331
vn -0.0075 0.9852 0.1713
vn -0.0403 0.9748 0.2193
vn -0.0599 0.9834 0.1713
vn -0.0987 0.9651 0.2427
vn -0.1325 0.9838 -0.1209
vn -0.1401 0.9678 0.2089
vn 0.3159 0.8816 -0.3506
vn 0.3370 0.9378 -0.0828
vn 0.4564 0.8883 -0.0502
vn 0.3726 0.9175 -0.1392
vn 0.4305 0.8913 -0.1426
vn 0.2842 0.9358 -0.2083
vn -0.3919 0.8970 -0.2043
vn -0.2506 0.9116 -0.3258
vn -0.6180 0.6837 -0.3880
vn -0.1375 0.9248 -0.3547
vn -0.1008 0.9383 -0.3309
vn -0.3162 0.8837 -0.3450
vn -0.3270 0.8952 -0.3028
vn 0.1805 0.9172 -0.3552
vn 0.1551 0.9767 -0.1481
vn 0.2803 0.9379 -0.2041
vn 0.3597 0.9255 0.1184
vn -0.1174 0.9928 -0.0231
vn -0.2924 0.9524 0.0859
vn -0.4866 0.8735 0.0114
vn 0.1409 0.9455 -0.2934
vn 0.0432 0.9977 -0.0513
vn -0.2735 0.9589 0.0760
vn -0.4148 0.8961 0.1580
vn -0.2953 0.9554 -0.0060
vn 0.1605 0.9840 0.0773
vn 0.1540 0.9795 0.1298
vn 0.1879 0.9764 -0.1066
vn 0.1712 0.9815 0.0860
vn 0.6517 0.5978 -0.4669
vn 0.6763 0.6636 -0.3199
vn 0.1911 0.9734 0.1266
vn -0.4681 0.8445 0.2601
vn -0.6046 0.7174 -0.3462
vn -0.6665 0.7172 -0.2035
vn 0.0157 0.9650 0.2618
vn -0.0388 0.9949 -0.0930
vn 0.0586 0.9916 0.1157
vn -0.0418 0.9981 0.0443
vn -0.0986 0.9859 0.1350
vn -0.2350 0.9284 0.2879
vn -0.2836 0.9572 0.0576
vn 0.0046 0.8314 -0.5557
vn 0.0421 0.8704 -0.4905
vn 0.6035 0.7300 -0.3206
vn -0.6322 0.7717 -0.0696
vn -0.6726 0.6698 -0.3147
vn -0.4731 0.8215 -0.3182
vn -0.5485 0.7901 -0.2738
vn -0.5495 0.7902 -0.2713
vn -0.0643 0.8056 -0.5890
vn 0.0805 0.8768 -0.4741
vn 0.2173 0.8595 -0.4627
vn 0.0433 0.7821 -0.6217
vn 0.3226 0.8501 -0.4163
vn -0.1678 0.7785 -0.6048
vn -0.1598 0.7875 -0.5952
vn 0.0344 0.7889 -0.6136
vn 0.6005 0.7301 -0.3261
vn 0.6466 0.6695 -0.3656
vn -0.8715 0.4193 0.2545
vn -0.8443 0.3819 0.3760
vn -0.3790 0.7999 0.4654
vn -0.4576 0.7066 0.5398
vn -0.0297 0.9991 -0.0290
vn -0.1519 0.9801 -0.1276
vn 0.0846 0.8807 0.4660
vn 0.2113 0.9301 0.3004
vn -0.0026 0.9854 0.1702
vn 0.0318 0.8794 0.4750
vn 0.2349 0.6230 0.7461
vn 0.1753 0.9722 0.1553
vn 0.3840 0.8283 0.4081
vn 0.5977 0.1934 0.7781
vn 0.7673 0.3389 0.5445
vn 0.7612 0.5236 0.3827
vn 0.9348 0.2092 0.2870
vn 0.9355 0.2044 0.2881
vn 0.9548 0.1745 0.2405
vn 0.5958 0.7668 -0.2387
vn 0.6189 0.7824 0.0690
vn 0.8586 0.4842 0.1685
vn 0.7586 0.4712 -0.4499
vn 0.8432 0.4498 -0.2945
vn 0.6763 0.6324 -0.3777
vn 0.4530 0.2700 -0.8496
vn 0.4297 0.2391 -0.8708
vn 0.1668 0.6429 -0.7475
vn 0.1696 0.7193 -0.6736
vn 0.5385 0.0521 -0.8410
vn -0.0566 0.3705 -0.9271
vn -0.0082 0.2282 -0.9736
vn -0.4343 0.7366 -0.5185
vn -0.7189 0.3263 -0.6138
vn -0.4226 0.3407 -0.8398
vn -0.4962 0.2974 -0.8157
vn -0.6605 0.6453 -0.3838
vn -0.7252 0.6885 -0.0114
vn -0.6529 0.6986 -0.2928
vn -0.5050 0.8312 -0.2324
vn -0.6961 0.2574 0.6702
vn -0.6423 0.7631 -0.0715
vn -0.6372 0.7451 -0.1969
vn -0.7720 0.6344 -0.0396
vn -0.6568 0.6710 -0.3440
vn -0.6489 0.7484 -0.1373
vn -0.3980 0.9169 0.0302
vn -0.5541 0.8017 -0.2241
vn -0.8650 0.4765 -0.1575
vn -0.5052 0.7992 -0.3258
vn -0.7149 0.6992 0.0097
vn -0.8019 0.5612 -0.2049
vn -0.8378 0.5066 -0.2034
vn -0.9416 0.3048 -0.1432
vn -0.7559 0.6540 0.0312
vt 0.440542 0.352811
vt 0.429220 0.377784
vt 0.419774 0.346318
vt 0.472787 0.338624
vt 0.482006 0.355642
vt 0.480321 0.291736
vt 0.456169 0.312048
vt 0.438371 0.325686
vt 0.499342 0.277345
vt 0.513474 0.323893
vt 0.493962 0.311199
vt 0.526230 0.247535
vt 0.542835 0.274678
vt 0.565259 0.232074
vt 0.546708 0.256419
vt 0.569009 0.253903
vt 0.597509 0.180423
vt 0.585468 0.215398
vt 0.565089 0.198782
vt 0.550514 0.224501
vt 0.542104 0.200636
vt 0.596861 0.164073
vt 0.577594 0.183894
vt 0.570988 0.170593
vt 0.454592 0.379499
vt 0.456306 0.417263
vt 0.425527 0.410669
vt 0.488104 0.393512
vt 0.546356 0.300647
vt 0.538910 0.336405
vt 0.517598 0.361357
vt 0.597858 0.231754
vt 0.603394 0.255914
vt 0.573630 0.280670
vt 0.615894 0.202176
vt 0.628573 0.179163
vt 0.605000 0.148662
vt 0.632417 0.146836
vt 0.609805 0.169148
vt 0.650114 0.125537
vt 0.650649 0.163138
vt 0.523937 0.398546
vt 0.467111 0.448340
vt 0.545308 0.367759
vt 0.553021 0.314683
vt 0.554455 0.340544
vt 0.569595 0.313721
vt 0.590716 0.290207
vt 0.621976 0.238250
vt 0.615795 0.269447
vt 0.653349 0.196108
vt 0.637830 0.224722
vt 0.667809 0.118954
vt 0.670936 0.157447
vt 0.533088 0.447069
vt 0.504004 0.427915
vt 0.578443 0.332231
vt 0.571161 0.380493
vt 0.545465 0.406368
vt 0.601756 0.306551
vt 0.646004 0.263390
vt 0.625132 0.290100
vt 0.659627 0.218895
vt 0.658604 0.243442
vt 0.681472 0.190181
vt 0.672913 0.223270
vt 0.067905 0.850931
vt 0.049023 0.846526
vt 0.067905 0.829568
vt 0.142941 0.737914
vt 0.142941 0.779635
vt 0.132217 0.754370
vt 0.573942 0.438420
vt 0.585398 0.422210
vt 0.581228 0.473582
vt 0.564285 0.472648
vt 0.541778 0.491661
vt 0.603338 0.366334
vt 0.600286 0.338367
vt 0.618208 0.347049
vt 0.629063 0.372980
vt 0.618075 0.404857
vt 0.627459 0.328724
vt 0.637833 0.313866
vt 0.669147 0.268931
vt 0.684641 0.248747
vt 0.691871 0.228405
vt 0.646972 0.281443
vt 0.689318 0.177829
vt 0.695756 0.203702
vt 0.195256 0.772614
vt 0.202627 0.796308
vt 0.181690 0.800486
vt 0.700892 0.165505
vt 0.613485 0.464399
vt 0.603975 0.445245
vt 0.601162 0.506329
vt 0.650731 0.334974
vt 0.658600 0.378477
vt 0.647858 0.413345
vt 0.629852 0.438358
vt 0.667126 0.294121
vt 0.678452 0.315028
vt 0.665539 0.345652
vt 0.694323 0.268580
vt 0.717779 0.189954
vt 0.719970 0.211516
vt 0.711455 0.219797
vt 0.703391 0.141427
vt 0.714646 0.162134
vt 0.723082 0.136642
vt 0.729814 0.168720
vt 0.230664 0.341014
vt 0.243990 0.346325
vt 0.233243 0.355484
vt 0.257043 0.333028
vt 0.271999 0.350154
vt 0.257207 0.377981
vt 0.439110 0.302622
vt 0.411267 0.333470
vt 0.417274 0.306433
vt 0.460246 0.287375
vt 0.433180 0.280573
vt 0.438012 0.251005
vt 0.506741 0.234816
vt 0.482983 0.269671
vt 0.467334 0.247875
vt 0.521761 0.215590
vt 0.530716 0.192400
vt 0.543164 0.161845
vt 0.572480 0.159007
vt 0.601069 0.122083
vt 0.599681 0.144242
vt 0.589893 0.136305
vt 0.621413 0.110450
vt 0.634143 0.123335
vt 0.132217 0.836345
vt 0.143371 0.819974
vt 0.141203 0.835156
vt 0.648040 0.090925
vt 0.163066 0.752476
vt 0.145548 0.773989
vt 0.146814 0.750880
vt 0.178856 0.762291
vt 0.157766 0.792366
vt 0.146570 0.808979
vt 0.215294 0.760702
vt 0.722340 0.087119
vt 0.712074 0.103588
vt 0.748848 0.026172
vt 0.756296 0.054786
vt 0.736892 0.043371
vt 0.770623 0.058147
vt 0.767069 0.073014
vt 0.754213 0.084556
vt 0.767552 0.091357
vt 0.761975 0.109193
vt 0.780483 0.099148
vt 0.783603 0.076223
vt 0.744428 0.138325
vt 0.767436 0.139846
vt 0.740503 0.158088
vt 0.683292 0.348077
vt 0.703086 0.343898
vt 0.699501 0.296726
vt 0.752899 0.206719
vt 0.761304 0.228357
vt 0.742983 0.245257
vt 0.682904 0.370785
vt 0.670710 0.410474
vt 0.663099 0.457152
vt 0.618022 0.486832
vt 0.635560 0.496136
vt 0.640724 0.531957
vt 0.601839 0.543564
vt 0.576274 0.521350
vt 0.537854 0.515166
vt 0.560182 0.550055
vt 0.502232 0.531342
vt 0.488606 0.445413
vt 0.505662 0.470644
vt 0.472347 0.474028
vt 0.510446 0.496575
vt 0.478324 0.509749
vt 0.443315 0.475664
vt 0.449687 0.455509
vt 0.433186 0.435230
vt 0.409040 0.426176
vt 0.241137 0.380195
vt 0.281704 0.414059
vt 0.257528 0.424775
vt 0.401600 0.446312
vt 0.285250 0.409815
vt 0.285966 0.383632
vt 0.068871 0.798854
vt 0.068871 0.741242
vt 0.083759 0.752275
vt 0.775396 0.339487
vt 0.767907 0.364128
vt 0.757903 0.341310
vt 0.764893 0.316193
vt 0.791245 0.197655
vt 0.794845 0.224699
vt 0.775903 0.232621
vt 0.759467 0.251651
vt 0.781741 0.262202
vt 0.758150 0.283486
vt 0.771497 0.201788
vt 0.806420 0.216699
vt 0.808959 0.139268
vt 0.806712 0.181228
vt 0.794755 0.163573
vt 0.784245 0.137486
vt 0.796461 0.111300
vt 0.811329 0.123534
vt 0.800889 0.081075
vt 0.818920 0.085121
vt 0.797741 0.035901
vt 0.788347 0.063287
vt 0.795699 0.012912
vt 0.827466 0.030552
vt 0.833023 0.069173
vt 0.791198 0.386039
vt 0.768951 0.401747
vt 0.798501 0.340377
vt 0.810936 0.371935
vt 0.803111 0.269000
vt 0.789080 0.302697
vt 0.812954 0.289688
vt 0.825883 0.219714
vt 0.823089 0.185134
vt 0.831546 0.148883
vt 0.829557 0.122782
vt 0.833189 0.097896
vt 0.820664 0.335132
vt 0.827503 0.302813
vt 0.823258 0.272853
vt 0.836426 0.216138
vt 0.818652 0.248035
vt 0.837709 0.189673
vt 0.846045 0.148153
vt 0.850245 0.111618
vt 0.869006 0.134431
vt 0.863655 0.152628
vt 0.850958 0.052705
vt 0.849406 0.089361
vt 0.856717 0.026123
vt 0.871641 0.045191
vt 0.257812 0.688702
vt 0.266414 0.697332
vt 0.251272 0.713986
vt 0.842964 0.294449
vt 0.839260 0.241624
vt 0.853556 0.270275
vt 0.857265 0.200474
vt 0.874248 0.236459
vt 0.854130 0.238916
vt 0.874837 0.200706
vt 0.342443 0.743850
vt 0.332199 0.773363
vt 0.318074 0.750297
vt 0.321965 0.719635
vt 0.354065 0.663621
vt 0.358344 0.698512
vt 0.336465 0.710074
vt 0.869099 0.266331
vt 0.881078 0.223527
vt 0.895982 0.182203
vt 0.891357 0.212284
vt 0.885125 0.152548
vt 0.354389 0.775682
vt 0.348016 0.807031
vt 0.326039 0.811949
vt 0.367061 0.789729
vt 0.021695 0.622919
vt 0.025291 0.667269
vt 0.007999 0.655513
vt 0.038386 0.623559
vt 0.042832 0.645053
vt -0.000000 0.689283
vt 0.379419 0.658327
vt 0.393948 0.683330
vt 0.368773 0.677534
vt 0.904809 0.239563
vt 0.905634 0.269725
vt 0.890708 0.279103
vt 0.910785 0.210574
vt 0.919565 0.248332
vt 0.900498 0.157404
vt 0.920844 0.181996
vt 0.377856 0.811284
vt 0.346673 0.838379
vt 0.921076 0.163068
vt 0.021491 0.705319
vt 0.049023 0.668774
vt 0.367458 0.718262
vt 0.396325 0.734637
vt 0.384681 0.735858
vt 0.393762 0.639131
vt 0.413736 0.654396
vt 0.424834 0.673976
vt 0.655365 0.488532
vt 0.655588 0.511084
vt 0.679060 0.480240
vt 0.741565 0.300235
vt 0.740160 0.321639
vt 0.691025 0.400693
vt 0.676599 0.430518
vt 0.773570 0.172172
vt 0.770828 0.038796
vt 0.228053 0.671614
vt 0.238481 0.684908
vt 0.217534 0.698519
vt 0.243057 0.712673
vt 0.248008 0.666098
vt 0.070838 0.798854
vt 0.085899 0.814894
vt 0.074058 0.822159
vt 0.085899 0.847911
vt 0.068871 0.840036
vt 0.358474 0.629084
vt 0.362587 0.645380
vt 0.338502 0.645729
vt 0.375221 0.634235
vt 0.423126 0.623693
vt 0.442955 0.615724
vt 0.450784 0.627366
vt 0.434541 0.641947
vt 0.446766 0.651902
vt 0.444834 0.671429
vt 0.430643 0.701569
vt 0.433675 0.733097
vt 0.411451 0.741327
vt 0.393829 0.766799
vt 0.045877 0.700179
vt 0.040201 0.721429
vt 0.019672 0.731217
vt 0.049023 0.747826
vt 0.935147 0.185377
vt 0.395708 0.821181
vt 0.356890 0.847542
vt 0.384997 0.864628
vt 0.370142 0.869902
vt 0.352466 0.941124
vt 0.364103 0.916960
vt 0.375225 0.927023
vt 0.931127 0.218933
vt 0.937457 0.240383
vt 0.922985 0.230858
vt 0.944602 0.264031
vt 0.913671 0.294191
vt 0.904910 0.293434
vt 0.217534 0.646316
vt 0.209913 0.671128
vt 0.200488 0.662170
vt 0.208117 0.622919
vt 0.189271 0.651557
vt 0.163261 0.647875
vt 0.872504 0.310148
vt 0.869131 0.327301
vt 0.840248 0.338195
vt 0.849953 0.353556
vt 0.828103 0.373504
vt 0.839441 0.384913
vt 0.890197 0.357142
vt 0.813452 0.407227
vt 0.772689 0.436320
vt 0.799695 0.459564
vt 0.768323 0.464730
vt 0.754449 0.420778
vt 0.750775 0.460724
vt 0.755824 0.398965
vt 0.747434 0.487490
vt 0.435090 0.847224
vt 0.431627 0.865207
vt 0.413735 0.852769
vt 0.400463 0.875395
vt 0.412051 0.890522
vt 0.387172 0.899336
vt 0.422674 0.833892
vt 0.433898 0.753203
vt 0.456501 0.763916
vt 0.432812 0.782659
vt 0.466592 0.791344
vt 0.443531 0.801105
vt 0.449510 0.726175
vt 0.466679 0.729668
vt 0.459779 0.698865
vt 0.480232 0.712865
vt 0.473929 0.652560
vt 0.498112 0.685042
vt 0.498711 0.663784
vt 0.498571 0.632739
vt 0.520991 0.637023
vt 0.507745 0.604338
vt 0.533294 0.601056
vt 0.462903 0.846049
vt 0.479778 0.867814
vt 0.453664 0.879154
vt 0.437097 0.900713
vt 0.416456 0.821085
vt 0.466009 0.813503
vt 0.476953 0.772276
vt 0.494815 0.777646
vt 0.480504 0.747386
vt 0.495642 0.730986
vt 0.520802 0.684342
vt 0.522013 0.711040
vt 0.507041 0.703039
vt 0.508804 0.746049
vt 0.526486 0.656944
vt 0.555359 0.621688
vt 0.563029 0.600156
vt 0.488118 0.843296
vt 0.489652 0.814272
vt 0.510696 0.771354
vt 0.532048 0.711505
vt 0.548721 0.735684
vt 0.547831 0.686356
vt 0.569514 0.641007
vt 0.567777 0.666318
vt 0.589784 0.615928
vt 0.595409 0.645400
vt 0.510886 0.805240
vt 0.513356 0.833477
vt 0.534336 0.788163
vt 0.565297 0.790262
vt 0.521727 0.778584
vt 0.578163 0.760689
vt 0.542138 0.766580
vt 0.554495 0.707988
vt 0.578901 0.713435
vt 0.569750 0.738983
vt 0.599747 0.674614
vt 0.582344 0.674257
vt 0.611203 0.604188
vt 0.627012 0.623538
vt 0.607703 0.621783
vt 0.553673 0.828887
vt 0.572938 0.810145
vt 0.560706 0.774342
vt 0.595201 0.746446
vt 0.619504 0.695724
vt 0.605623 0.722706
vt 0.622668 0.651289
vt 0.047773 0.774565
vt 0.023922 0.785722
vt 0.023922 0.754087
vt 0.638471 0.684385
vt 0.632986 0.594675
vt 0.656530 0.621889
vt 0.043798 0.747826
vt 0.608911 0.813743
vt 0.580217 0.841784
vt 0.619605 0.765295
vt 0.630328 0.778359
vt 0.599493 0.793762
vt 0.626098 0.719230
vt 0.656157 0.705999
vt 0.656291 0.659337
vt 0.670113 0.687774
vt 0.090678 0.690736
vt 0.074309 0.712960
vt 0.065500 0.693561
vt 0.648794 0.644489
vt 0.684891 0.647718
vt 0.674840 0.660192
vt 0.196230 0.017633
vt 0.202284 0.023552
vt 0.177346 0.035027
vt 0.316594 0.718337
vt 0.316594 0.756116
vt 0.310042 0.730863
vt 0.167496 0.832327
vt 0.145548 0.854070
vt 0.145548 0.824222
vt 0.963699 0.232548
vt 0.954393 0.214216
vt 0.398480 0.845508
vt 0.407902 0.787429
vt 0.446568 0.698001
vt 0.468494 0.625269
vt 0.507309 0.578369
vt 0.523512 0.585263
vt 0.479350 0.598803
vt 0.531526 0.563553
vt 0.567598 0.563265
vt 0.587024 0.576392
vt 0.818383 0.877049
vt 0.784581 0.879943
vt 0.766501 0.865042
vt 0.603391 0.576987
vt 0.623117 0.567883
vt 0.833731 0.899908
vt 0.803446 0.890519
vt 0.655387 0.578528
vt 0.875247 0.899269
vt 0.868392 0.922277
vt 0.658021 0.599229
vt 0.211595 0.003292
vt 0.219572 0.013752
vt 0.039410 0.827276
vt 0.048932 0.806827
vt 0.048932 0.832012
vt 0.221966 0.023606
vt 0.249760 0.014583
vt 0.242593 0.029136
vt 0.215869 0.041379
vt 0.216301 0.030576
vt 0.043208 0.842646
vt 0.203646 0.034630
vt 0.189893 0.055219
vt 0.172344 0.043644
vt 0.076448 0.664104
vt 0.052047 0.685728
vt 0.061000 0.663032
vt 0.635053 0.729244
vt 0.670168 0.736913
vt 0.651740 0.748735
vt 0.658518 0.719772
vt 0.049023 0.718203
vt 0.627578 0.749879
vt 0.625902 0.795479
vt 0.642314 0.802813
vt 0.621292 0.815863
vt 0.646566 0.771890
vt 0.620554 0.840664
vt 0.609493 0.850062
vt 0.600379 0.837351
vt 0.591182 0.861600
vt 0.563966 0.854746
vt 0.578982 0.874973
vt 0.539254 0.878108
vt 0.532978 0.853314
vt 0.511308 0.878364
vt 0.476755 0.889325
vt 0.459567 0.907536
vt 0.421402 0.905217
vt 0.393820 0.919224
vt 0.101712 0.186563
vt 0.067588 0.197659
vt 0.079637 0.174973
vt 0.113145 0.144155
vt 0.120480 0.174712
vt 0.093025 0.162630
vt 0.087058 0.136085
vt 0.143896 0.161682
vt 0.126988 0.108207
vt 0.109420 0.114528
vt 0.148451 0.121126
vt 0.151171 0.133005
vt 0.196031 0.097154
vt 0.166597 0.149217
vt 0.191664 0.146566
vt 0.208282 0.124102
vt 0.161026 0.095457
vt 0.218175 0.072679
vt 0.231720 0.113407
vt 0.240547 0.060879
vt 0.237562 0.099320
vt 0.116613 0.209545
vt 0.095041 0.209409
vt 0.093564 0.233825
vt 0.144439 0.190061
vt 0.130783 0.204669
vt 0.165630 0.169303
vt 0.170041 0.188342
vt 0.252322 0.136064
vt 0.225271 0.144998
vt 0.250863 0.092182
vt 0.268524 0.085688
vt 0.281638 0.125131
vt 0.298185 0.094613
vt 0.380267 0.069238
vt 0.393461 0.092474
vt 0.380653 0.106692
vt 0.420819 0.080076
vt 0.407426 0.105012
vt 0.145601 0.233218
vt 0.141848 0.247667
vt 0.121771 0.240989
vt 0.168211 0.206950
vt 0.202407 0.203184
vt 0.198985 0.218850
vt 0.193533 0.180440
vt 0.200947 0.165987
vt 0.217280 0.195142
vt 0.239815 0.172432
vt 0.256842 0.164824
vt 0.250734 0.187984
vt 0.268816 0.183846
vt 0.239148 0.201284
vt 0.272216 0.156939
vt 0.421952 0.120322
vt 0.391523 0.138318
vt 0.413629 0.147125
vt 0.158539 0.244165
vt 0.303171 0.660259
vt 0.305593 0.671946
vt 0.303171 0.686957
vt 0.405077 0.208038
vt 0.402156 0.231405
vt 0.381400 0.207338
vt 0.228401 0.219072
vt 0.267310 0.213209
vt 0.255010 0.222084
vt 0.284511 0.202914
vt 0.406684 0.184942
vt 0.428398 0.193864
vt 0.284863 0.177497
vt 0.437580 0.117422
vt 0.451049 0.151123
vt 0.471041 0.094235
vt 0.455929 0.124161
vt 0.485868 0.105290
vt 0.480411 0.125504
vt 0.217452 0.247338
vt 0.201456 0.271268
vt 0.184409 0.250714
vt 0.230898 0.237849
vt 0.242909 0.256238
vt 0.429372 0.213475
vt 0.420360 0.248886
vt 0.277229 0.244071
vt 0.267170 0.258971
vt 0.250179 0.238887
vt 0.306245 0.231960
vt 0.295131 0.251207
vt 0.317631 0.219561
vt 0.481537 0.148381
vt 0.405219 0.283122
vt 0.405159 0.305328
vt 0.387649 0.303154
vt 0.083759 0.741242
vt 0.089718 0.759177
vt 0.083759 0.770983
vt 0.381620 0.286712
vt 0.214745 0.289991
vt 0.201346 0.294107
vt 0.250260 0.274074
vt 0.230702 0.283792
vt 0.415912 0.262744
vt 0.401653 0.251624
vt 0.255062 0.298773
vt 0.433833 0.231993
vt 0.294202 0.270497
vt 0.278463 0.278706
vt 0.272913 0.300918
vt 0.478241 0.181944
vt 0.475025 0.220098
vt 0.453838 0.207115
vt 0.455956 0.228427
vt 0.501746 0.170834
vt 0.458303 0.164612
vt 0.509516 0.117038
vt 0.515810 0.154311
vt 0.519846 0.173474
vt 0.641882 0.817534
vt 0.043597 0.209246
vt 0.043115 0.230846
vt 0.020979 0.218391
vt 0.084161 0.124044
vt 0.052624 0.159953
vt 0.072101 0.157431
vt 0.068048 0.110519
vt 0.045964 0.148974
vt 0.093807 0.095268
vt 0.123500 0.087232
vt 0.143576 0.080544
vt 0.232668 0.048306
vt 0.256270 0.048148
vt 0.267821 0.041916
vt 0.402275 0.064428
vt 0.420380 0.050273
vt 0.448140 0.074204
vt 0.440145 0.053140
vt 0.484163 0.074266
vt 0.462931 0.054420
vt 0.527361 0.091470
vt 0.534579 0.109670
vt 0.578195 0.118738
vt 0.564154 0.142028
vt 0.542748 0.130827
vt 0.528788 0.149529
vt 0.495614 0.208152
vt 0.397137 0.332181
vt 0.249503 0.312175
vt 0.238950 0.322518
vt 0.225098 0.329666
vt 0.219215 0.309585
vt 0.213712 0.352546
vt 0.183018 0.292327
vt 0.198604 0.307515
vt 0.138484 0.264177
vt 0.115724 0.280851
vt 0.061120 0.225430
vt 0.074000 0.241838
vt 0.204638 0.374389
vt 0.175524 0.366494
vt 0.199953 0.431091
vt 0.197930 0.445175
vt 0.175443 0.421243
vt 0.222587 0.400933
vt 0.191641 0.392644
vt 0.234551 0.466330
vt 0.221926 0.476561
vt 0.216601 0.488021
vt 0.201830 0.469839
vt 0.178575 0.455313
vt 0.282432 0.826047
vt 0.282432 0.855966
vt 0.266414 0.833732
vt 0.252663 0.505564
vt 0.253974 0.537008
vt 0.233265 0.495182
vt 0.224979 0.517552
vt 0.191259 0.504917
vt 0.128486 0.663805
vt 0.114118 0.678215
vt 0.119602 0.650254
vt 0.090678 0.663393
vt 0.145548 0.670199
vt 0.244705 0.557181
vt 0.151538 0.364075
vt 0.140094 0.380152
vt 0.116661 0.345127
vt 0.160081 0.436110
vt 0.150075 0.412243
vt 0.309805 0.815029
vt 0.282657 0.802563
vt 0.300089 0.794737
vt 0.169203 0.471102
vt 0.172565 0.494891
vt 0.207935 0.526413
vt 0.214545 0.537524
vt 0.178985 0.527285
vt 0.212654 0.559885
vt 0.190920 0.547540
vt 0.217534 0.854049
vt 0.217534 0.823223
vt 0.229207 0.824219
vt 0.222825 0.585161
vt 0.193686 0.585635
vt 0.207775 0.606155
vt 0.132045 0.394007
vt 0.117501 0.368282
vt 0.095854 0.369755
vt 0.083906 0.355395
vt 0.039410 0.855800
vt 0.024860 0.831501
vt 0.039410 0.807608
vt 0.023922 0.806827
vt 0.257618 0.771281
vt 0.260964 0.795968
vt 0.234449 0.763833
vt 0.225033 0.805993
vt 0.217534 0.771707
vt 0.252806 0.820227
vt 0.155562 0.532204
vt 0.169029 0.510750
vt 0.158210 0.551372
vt 0.143409 0.506460
vt 0.141973 0.478172
vt 0.836370 0.450446
vt 0.844685 0.421674
vt 0.872222 0.423552
vt 0.878238 0.397384
vt 0.074640 0.316284
vt 0.063333 0.332953
vt 0.059872 0.314254
vt 0.109841 0.319861
vt 0.081342 0.343338
vt 0.110060 0.388846
vt 0.094536 0.391091
vt 0.280977 0.750426
vt 0.272492 0.720097
vt 0.299136 0.737655
vt 0.084948 0.405302
vt 0.067485 0.387539
vt 0.107031 0.437918
vt 0.106291 0.406631
vt 0.063142 0.366314
vt 0.131208 0.442403
vt 0.110104 0.461210
vt 0.129673 0.490457
vt 0.905200 0.388461
vt 0.897510 0.378085
vt 0.917348 0.354717
vt 0.302306 0.670797
vt 0.287439 0.684408
vt 0.286112 0.648449
vt 0.130861 0.779178
vt 0.115656 0.825371
vt 0.090678 0.783679
vt 0.157680 0.736913
vt 0.151343 0.712880
vt 0.165905 0.704116
vt 0.266414 0.686025
vt 0.267207 0.656954
vt 0.063783 0.278391
vt 0.031847 0.275586
vt 0.033892 0.334648
vt 0.528800 0.964290
vt 0.517472 0.953489
vt 0.542232 0.941337
vt 0.052837 0.394464
vt 0.060590 0.415524
vt 0.049137 0.379032
vt 0.091358 0.466325
vt 0.054509 0.450366
vt 0.489379 0.981349
vt 0.471508 0.964846
vt 0.509827 0.970522
vt 0.940487 0.360074
vt 0.943923 0.335386
vt 0.973026 0.334464
vt 0.266414 0.622919
vt 0.189862 0.712619
vt 0.204302 0.701609
vt 0.217534 0.729697
vt 0.018645 0.293784
vt 0.005188 0.260776
vt 0.005045 0.312299
vt 0.000000 0.280218
vt 0.014854 0.328228
vt 0.565965 0.919459
vt 0.553421 0.900067
vt 0.582930 0.893918
vt 0.567948 0.936114
vt 0.520598 0.921985
vt 0.476879 0.952727
vt 0.501539 0.937122
vt 0.452909 0.981295
vt 0.436319 0.939701
vt 0.449250 1.000000
vt 0.423319 0.984886
vt 0.943263 0.299645
vt 0.970173 0.307261
vt 0.401640 0.965856
vt 0.420279 0.956199
vt 0.926180 0.321415
vt 0.222375 0.367484
vt 0.215400 0.424702
vt 0.237855 0.448455
vt 0.259656 0.483044
vt 0.276386 0.527748
vt 0.274475 0.473731
vt 0.297428 0.523876
vt 0.282324 0.567725
vt 0.605379 0.557351
vt 0.567520 0.563265
vt 0.729814 0.520021
vt 0.758554 0.501873
vt 0.788459 0.511990
vt 0.750807 0.526183
vt 0.778070 0.535486
vt 0.781312 0.487400
vt 0.821859 0.465361
vt 0.803586 0.484811
vt 0.228933 0.620569
vt 0.820969 0.424821
vt 0.839929 0.406592
vt 0.296865 0.847767
vt 0.296865 0.815030
vt 0.309657 0.835874
vt 0.861237 0.382787
vt 0.887080 0.373187
vt 0.145548 0.695026
vt 0.167883 0.672141
vt 0.187001 0.684094
vt 0.897005 0.321590
vt 0.375984 0.947361
vt 0.968485 0.278281
vt 0.391319 0.941483
vt 0.410903 0.947047
vt 0.372598 0.957169
vt 0.464735 0.933581
vt 0.452645 0.923754
vt 0.489363 0.918424
vt 0.518956 0.907346
vt 0.601262 0.880951
vt 0.026712 0.243999
vt 0.010463 0.230095
vt 0.043523 0.261180
vt 0.090067 0.258322
vt 0.098267 0.294500
vt 0.154940 0.302455
vt 0.172704 0.319364
vt 0.155895 0.334324
vt 0.204395 0.339231
vt 0.866160 0.827415
vt 0.894724 0.805559
vt 0.899396 0.843361
vt 0.863954 0.863687
vt 0.885720 0.882290
vt 0.860879 0.804976
vt 0.826392 0.847476
vt 0.838226 0.865333
vt 0.816037 0.829742
vt 0.831239 0.806261
vt 0.801407 0.814219
vt 0.751902 0.790685
vt 0.767277 0.767642
vt 0.776801 0.789089
vt 0.763337 0.823650
vt 0.787708 0.828415
vt 0.749331 0.806975
vt 0.708568 0.782308
vt 0.735267 0.776187
vt 0.725084 0.799915
vt 0.714126 0.763824
vt 0.749997 0.750100
vt 0.895917 0.783337
vt 0.932498 0.800163
vt 0.457428 -0.000000
vt 0.466822 0.029606
vt 0.429734 0.025717
vt 0.860488 0.769577
vt 0.885945 0.760877
vt 0.811500 0.774140
vt 0.832874 0.748296
vt 0.837386 0.781937
vt 0.791884 0.743970
vt 0.792169 0.724999
vt 0.741132 0.726379
vt 0.762041 0.723873
vt 0.719101 0.736919
vt 0.713335 0.710682
vt 0.005330 0.795995
vt 0.023922 0.794681
vt 0.000000 0.824976
vt 0.894394 0.745523
vt 0.864131 0.722593
vt 0.000000 0.759806
vt 0.011994 0.773344
vt 0.833965 0.725317
vt 0.843373 0.701030
vt 0.775373 0.710890
vt 0.766711 0.700576
vt 0.795801 0.677644
vt 0.819993 0.705369
vt 0.733579 0.694630
vt 0.756054 0.673258
vt 0.895654 0.700189
vt 0.913977 0.705662
vt 0.900435 0.736025
vt 0.927394 0.681983
vt 0.863917 0.686369
vt 0.874776 0.698611
vt 0.888312 0.671949
vt 0.880912 0.725779
vt 0.021884 0.747826
vt 0.824890 0.676376
vt 0.856549 0.666406
vt 0.847369 0.647729
vt 0.795182 0.709032
vt 0.761032 0.656067
vt 0.710390 0.652725
vt 0.730210 0.638166
vt 0.576015 0.034130
vt 0.599622 0.037815
vt 0.592349 0.056674
vt 0.869029 0.606020
vt 0.883344 0.638850
vt 0.853634 0.625097
vt 0.819120 0.663841
vt 0.824659 0.638954
vt 0.790362 0.621597
vt 0.826044 0.617900
vt 0.793700 0.654244
vt 0.765740 0.626544
vt 0.770897 0.602444
vt 0.748872 0.611195
vt 0.049023 0.741242
vt 0.063258 0.766102
vt 0.051749 0.771514
vt 0.725715 0.627611
vt 0.612424 0.095547
vt 0.586801 0.077429
vt 0.628739 0.077728
vt 0.818275 0.603500
vt 0.839062 0.595306
vt 0.815316 0.590336
vt 0.752788 0.579779
vt 0.762252 0.585485
vt 0.733994 0.569067
vt 0.747036 0.564159
vt 0.735385 0.586653
vt 0.768535 0.563265
vt 0.914676 0.899438
vt 0.889864 0.920366
vt 0.915659 0.930144
vt 0.911866 0.875277
vt 0.930896 0.870094
vt 0.852820 0.887736
vt 0.783666 0.852726
vt 0.744205 0.834842
vt 0.718642 0.819334
vt 0.696704 0.785262
vt 0.467231 0.586731
vt 0.469389 0.571816
vt 0.491831 0.568117
vt 0.444377 0.589138
vt 0.442972 0.574916
vt 0.393919 0.607782
vt 0.425467 0.596410
vt 0.418331 0.584027
vt 0.699965 0.757574
vt 0.373046 0.604364
vt 0.337841 0.623445
vt 0.345972 0.605445
vt 0.247966 0.643351
vt 0.719174 0.619842
vt 0.718578 0.592283
vt 0.201180 0.824222
vt 0.185096 0.849267
vt 0.173187 0.843730
vt 0.265015 0.657077
vt 0.264418 0.622919
vt 0.316594 0.692339
vt 0.305757 0.695743
vt 0.305757 0.670909
vt 0.777715 0.007700
vt 0.800242 0.000000
vt 0.763193 0.008727
vt 0.720990 0.062058
vt 0.729814 0.075172
vt 0.792228 0.579981
vt 0.805040 0.571450
vt 0.699046 0.071102
vt 0.702134 0.084336
vt 0.068871 0.792037
vt 0.064880 0.829568
vt 0.049023 0.807888
vt 0.837820 0.570429
vt 0.217356 0.736913
vt 0.206636 0.744560
vt 0.186077 0.741676
vt 0.864780 0.575928
vt 0.164445 0.736913
vt 0.860186 0.591839
vt 0.888376 0.586643
vt 0.649667 0.072775
vt 0.669740 0.074137
vt 0.596438 0.105722
vt 0.589764 0.093001
vt 0.569591 0.092750
vt 0.569344 0.074252
vt 0.544483 0.061763
vt 0.533126 0.061603
vt 0.112866 0.825371
vt 0.131229 0.826916
vt 0.112866 0.848930
vt 0.933312 0.691622
vt 0.930256 0.724319
vt 0.924877 0.738707
vt 0.938194 0.765210
vt 0.511622 0.074193
vt 0.504279 0.059193
vt 0.364885 0.012614
vt 0.384612 0.027448
vt 0.365324 0.036694
vt 0.938194 0.847169
vt 0.337417 0.037929
vt 0.519092 0.289107
vt 0.143371 0.852752
vt 0.161537 0.824222
vt 0.688893 0.145642
vt 0.729814 0.172092
vt 0.734076 0.223799
vt 0.663021 0.091539
vt 0.132217 0.779635
vt 0.143683 0.803970
vt 0.132217 0.819974
vt 0.749775 0.377236
vt 0.733600 0.411685
vt 0.840057 0.032903
vt 0.317632 0.784090
vt 0.866069 0.103139
vt 0.860177 0.076312
vt 0.266414 0.730741
vt 0.317632 0.695089
vt 0.334697 0.833440
vt 0.363610 0.745651
vt 0.341217 0.931822
vt 0.007821 0.707569
vt 0.302306 0.645588
vt 0.303171 0.622919
vt 0.303171 0.689267
vt 0.817678 0.010805
vt 0.355189 0.895033
vt 0.203830 0.643088
vt 0.889779 0.294525
vt 0.042325 0.806827
vt 0.074364 0.622919
vt 0.963107 0.252124
vt 0.390451 0.793268
vt 0.233518 0.000000
vt 0.173187 0.849489
vt 0.678002 0.691345
vt 0.090678 0.733495
vt 0.087198 0.741242
vt 0.071852 0.732196
vt 0.684593 0.722057
vt 0.059108 0.176703
vt 0.173433 0.246828
vt 0.433759 0.164467
vt 0.090678 0.825371
vt 0.112866 0.835407
vt 0.090678 0.852607
vt 0.305005 0.202799
vt 0.258574 0.265436
vt 0.454541 0.182827
vt 0.643924 0.838064
vt 0.021466 0.195844
vt 0.028164 0.175330
vt 0.039621 0.191002
vt 0.399939 0.038781
vt 0.568401 0.109685
vt 0.276693 0.323358
vt 0.390624 0.311268
vt 0.225676 0.299708
vt 0.153608 0.283161
vt 0.270382 0.815030
vt 0.020468 0.824976
vt 0.020468 0.853283
vt 0.000000 0.842587
vt 0.234196 0.858406
vt 0.252480 0.820227
vt 0.145548 0.634478
vt 0.112478 0.708302
vt 0.090716 0.711549
vt 0.137764 0.622919
vt 0.109369 0.737915
vt 0.141520 0.698604
vt 0.129954 0.724834
vt 0.296865 0.855338
vt 0.282432 0.842118
vt 0.296865 0.815029
vt 0.253409 0.622919
vt 0.260964 0.730741
vt 0.309805 0.765341
vt 0.317631 0.670909
vt 0.305757 0.637717
vt 0.317632 0.622919
vt 0.266414 0.781861
vt 0.099737 0.737915
vt 0.114298 0.763241
vt 0.097082 0.763317
vt 0.126050 0.424465
vt 0.086314 0.446329
vt 0.090678 0.814514
vt 0.132217 0.805873
vt 0.289841 0.720097
vt 0.573982 0.942349
vt 0.589256 0.908347
vt 0.024386 0.347128
vt 0.312880 0.556653
vt 0.295628 0.616471
vt 0.272516 0.600466
vt 0.265683 0.573420
vt 0.272931 0.621515
vt 0.317631 0.603688
vt 0.760430 0.546632
vt 0.948330 0.255233
vt 0.483558 0.010406
vt 0.699396 0.732192
vt 0.915769 0.767942
vt 0.698340 0.685775
vt 0.700001 0.648997
vt 0.893577 0.659381
vt 0.787920 0.601731
vt 0.731097 0.605359
vt 0.636144 0.041041
vt 0.317632 0.020487
vt 0.343832 0.003216
vt 0.684891 0.713031
vt 0.201180 0.852998
vt 0.307693 0.718338
vt 0.745821 0.018834
vt 0.303171 0.622919
vt 0.304276 0.643739
vt 0.303171 0.660259
vt 0.492682 0.053273
s 0
f 410/1/1 97/2/1 92/3/1
f 99/4/2 98/5/2 410/1/2
f 411/6/3 99/4/3 93/7/3
f 93/7/4 410/1/4 141/8/4
f 93/7/5 99/4/5 410/1/5
f 413/9/6 108/10/6 412/11/6
f 94/12/7 414/13/7 413/9/7
f 416/14/8 15/15/8 94/12/8
f 416/14/9 105/16/9 15/15/9
f 417/17/10 101/18/10 451/19/10
f 451/19/11 415/20/11 450/21/11
f 419/22/12 95/23/12 449/24/12
f 103/25/13 158/26/13 160/27/13
f 103/25/14 422/28/14 158/26/14
f 98/5/15 103/25/15 97/2/15
f 104/29/16 423/30/16 108/10/16
f 98/5/17 112/31/17 422/28/17
f 101/18/18 105/16/18 416/14/18
f 110/32/19 109/33/19 105/16/19
f 105/16/20 424/34/20 414/13/20
f 15/15/21 105/16/21 414/13/21
f 101/18/22 420/35/22 110/32/22
f 106/36/23 420/35/23 417/17/23
f 418/37/24 421/38/24 102/39/24
f 107/40/25 115/41/25 421/38/25
f 112/31/26 427/42/26 422/28/26
f 422/28/27 157/43/27 158/26/27
f 112/31/28 117/44/28 427/42/28
f 113/45/29 118/46/29 423/30/29
f 424/34/30 425/47/30 113/45/30
f 424/34/31 119/48/31 425/47/31
f 109/33/32 119/48/32 424/34/32
f 105/16/33 109/33/33 424/34/33
f 110/32/34 426/49/34 109/33/34
f 426/49/35 114/50/35 109/33/35
f 115/41/36 420/35/36 106/36/36
f 115/41/37 120/51/37 420/35/37
f 420/35/38 431/52/38 426/49/38
f 420/35/39 426/49/39 110/32/39
f 457/53/40 434/54/40 115/41/40
f 115/41/41 434/54/41 120/51/41
f 427/42/42 154/55/42 111/56/42
f 121/57/43 429/58/43 117/44/43
f 121/57/44 117/44/44 118/46/44
f 117/44/45 428/59/45 427/42/45
f 114/50/46 430/60/46 119/48/46
f 431/52/47 432/61/47 114/50/47
f 432/61/48 437/62/48 114/50/48
f 426/49/49 431/52/49 114/50/49
f 122/63/50 433/64/50 431/52/50
f 434/54/51 126/65/51 120/51/51
f 120/51/52 122/63/52 431/52/52
f 122/63/53 125/66/53 433/64/53
f 123/67/54 126/68/54 434/69/54
f 116/70/55 123/71/55 434/72/55
f 428/59/56 435/73/56 154/55/56
f 132/74/57 435/73/57 428/59/57
f 435/73/58 467/75/58 153/76/58
f 435/73/59 153/76/59 470/77/59
f 429/58/60 128/78/60 428/59/60
f 124/79/61 128/78/61 429/58/61
f 129/80/62 133/81/62 128/78/62
f 133/81/63 441/82/63 128/78/63
f 436/83/64 129/80/64 124/79/64
f 437/62/65 443/84/65 436/83/65
f 433/64/66 444/85/66 432/61/66
f 125/66/67 445/86/67 433/64/67
f 131/87/68 445/86/68 125/66/68
f 432/61/69 130/88/69 437/62/69
f 123/89/70 438/90/70 126/65/70
f 459/91/71 135/92/71 127/93/71
f 439/94/72 438/90/72 123/89/72
f 441/82/73 152/95/73 440/96/73
f 132/74/74 440/96/74 435/73/74
f 440/96/75 152/95/75 465/97/75
f 436/83/76 442/98/76 129/80/76
f 463/99/77 151/100/77 133/81/77
f 151/100/78 464/101/78 441/82/78
f 443/84/79 442/98/79 436/83/79
f 134/102/80 139/103/80 442/98/80
f 139/103/81 150/104/81 442/98/81
f 445/86/82 149/105/82 444/85/82
f 131/87/83 149/105/83 445/86/83
f 446/106/84 147/107/84 136/108/84
f 135/109/85 447/110/85 439/94/85
f 138/111/86 146/112/86 447/110/86
f 447/110/87 446/106/87 439/94/87
f 673/113/88 34/114/88 161/115/88
f 448/116/89 92/117/89 34/114/89
f 161/115/90 34/114/90 28/118/90
f 140/119/91 448/120/91 672/121/91
f 140/119/92 141/8/92 448/120/92
f 35/122/93 140/119/93 670/123/93
f 293/124/94 35/122/94 670/123/94
f 3/125/95 142/126/95 36/127/95
f 3/125/96 413/9/96 142/126/96
f 142/126/97 35/122/97 293/124/97
f 36/127/98 142/126/98 293/124/98
f 142/126/99 411/6/99 35/122/99
f 37/128/100 94/12/100 3/125/100
f 449/24/101 450/21/101 38/129/101
f 449/24/102 451/19/102 450/21/102
f 39/130/103 452/131/103 38/129/103
f 452/131/104 449/24/104 38/129/104
f 453/132/105 96/133/105 143/134/105
f 143/134/106 96/133/106 452/131/106
f 454/135/107 455/136/107 96/133/107
f 96/137/108 421/138/108 418/139/108
f 821/140/109 457/53/109 107/40/109
f 456/141/110 457/142/110 144/143/110
f 456/141/111 458/144/111 116/145/111
f 457/142/112 116/145/112 434/146/112
f 458/144/113 127/93/113 116/145/113
f 137/147/114 135/92/114 459/91/114
f 460/148/115 138/111/115 137/149/115
f 70/150/116 145/151/116 460/152/116
f 145/151/117 6/153/117 462/154/117
f 138/155/118 461/156/118 146/157/118
f 461/156/119 521/158/119 146/157/119
f 462/154/120 165/159/120 461/156/120
f 6/153/121 165/159/121 462/154/121
f 165/159/122 521/158/122 461/156/122
f 446/160/123 200/161/123 147/162/123
f 447/110/124 146/112/124 446/106/124
f 139/103/125 60/163/125 150/104/125
f 139/103/126 162/164/126 60/163/126
f 61/165/127 162/164/127 139/103/127
f 149/105/128 61/165/128 134/102/128
f 148/166/129 518/167/129 61/168/129
f 150/104/130 60/163/130 517/169/130
f 463/99/131 59/170/131 151/100/131
f 464/101/132 58/171/132 152/95/132
f 466/172/133 57/173/133 465/97/133
f 465/97/134 51/174/134 33/175/134
f 153/76/135 468/176/135 470/77/135
f 469/177/136 32/178/136 2/179/136
f 468/176/137 33/175/137 32/178/137
f 471/180/138 473/181/138 155/182/138
f 473/181/139 472/183/139 155/182/139
f 111/56/140 473/181/140 471/180/140
f 31/184/141 472/183/141 2/179/141
f 30/185/142 155/182/142 31/184/142
f 157/43/143 474/186/143 156/187/143
f 157/43/144 155/182/144 474/186/144
f 111/56/145 471/180/145 157/43/145
f 160/27/146 156/187/146 159/188/146
f 733/189/147 159/190/147 29/191/147
f 158/26/148 157/43/148 156/187/148
f 29/192/149 156/187/149 30/185/149
f 28/118/150 160/193/150 733/189/150
f 28/118/151 97/194/151 160/193/151
f 733/195/152 160/196/152 159/197/152
f 34/114/153 97/194/153 28/118/153
f 483/198/154 477/199/154 476/200/154
f 478/201/155 483/198/155 476/200/155
f 167/202/156 169/203/156 479/204/156
f 519/205/157 166/206/157 162/207/157
f 520/208/158 167/202/158 479/204/158
f 167/202/159 170/209/159 169/203/159
f 481/210/160 486/211/160 163/212/160
f 480/213/161 481/210/161 163/212/161
f 482/214/162 171/215/162 480/213/162
f 164/216/163 487/217/163 482/214/163
f 171/215/164 481/210/164 480/213/164
f 168/218/165 164/216/165 522/219/165
f 524/220/166 489/221/166 164/216/166
f 164/216/167 489/221/167 175/222/167
f 477/199/168 544/223/168 204/224/168
f 483/198/169 484/225/169 477/199/169
f 484/225/170 542/226/170 544/223/170
f 166/206/171 174/227/171 485/228/171
f 169/203/172 174/227/172 166/206/172
f 174/227/173 173/229/173 485/228/173
f 485/228/174 173/229/174 483/198/174
f 486/211/175 177/230/175 170/209/175
f 494/231/176 177/230/176 486/211/176
f 481/210/177 497/232/177 486/211/177
f 498/233/178 497/232/178 481/210/178
f 497/232/179 494/231/179 486/211/179
f 171/215/180 498/233/180 481/210/180
f 487/217/181 498/233/181 171/215/181
f 487/217/182 488/234/182 498/233/182
f 175/222/183 488/234/183 487/217/183
f 164/216/184 175/222/184 487/217/184
f 484/225/185 491/235/185 542/226/185
f 173/229/186 181/236/186 484/225/186
f 174/227/187 178/237/187 173/229/187
f 177/230/188 493/238/188 492/239/188
f 494/231/189 495/240/189 177/230/189
f 495/240/190 493/238/190 177/230/190
f 498/233/191 496/241/191 497/232/191
f 499/242/192 508/243/192 496/241/192
f 508/243/193 183/244/193 496/241/193
f 497/232/194 495/240/194 494/231/194
f 175/222/195 172/245/195 500/246/195
f 500/246/196 499/242/196 488/234/196
f 175/222/197 500/246/197 488/234/197
f 180/247/198 179/248/198 172/245/198
f 176/249/199 180/250/199 490/251/199
f 178/237/200 501/252/200 181/236/200
f 502/253/201 182/254/201 178/237/201
f 503/255/202 188/256/202 504/257/202
f 183/244/203 507/258/203 503/255/203
f 17/259/204 505/260/204 16/261/204
f 179/262/205 17/259/205 16/261/205
f 506/263/206 186/264/206 185/265/206
f 182/254/207 187/266/207 501/252/207
f 507/258/208 512/267/208 188/256/208
f 507/258/209 189/268/209 194/269/209
f 508/243/210 509/270/210 183/244/210
f 509/270/211 189/268/211 507/258/211
f 184/271/212 190/272/212 508/273/212
f 17/259/213 184/271/213 505/260/213
f 184/271/214 196/274/214 190/272/214
f 185/275/215 191/276/215 17/277/215
f 186/278/216 192/279/216 191/276/216
f 17/277/217 191/276/217 184/280/217
f 193/281/218 197/282/218 510/283/218
f 512/267/219 511/284/219 188/256/219
f 187/266/220 5/285/220 538/286/220
f 188/256/221 511/284/221 187/266/221
f 194/269/222 535/287/222 512/267/222
f 511/284/223 202/288/223 5/285/223
f 195/289/224 536/290/224 189/268/224
f 190/272/225 199/291/225 195/292/225
f 196/274/226 199/291/226 190/272/226
f 195/289/227 534/293/227 536/290/227
f 191/276/228 513/294/228 184/280/228
f 192/279/229 514/295/229 191/276/229
f 192/296/230 533/297/230 514/298/230
f 197/282/231 533/297/231 192/296/231
f 198/299/232 197/282/232 193/281/232
f 515/300/233 66/301/233 197/282/233
f 206/302/234 205/303/234 57/173/234
f 57/173/235 205/303/235 51/174/235
f 59/170/236 58/171/236 151/100/236
f 58/171/237 545/304/237 206/302/237
f 60/305/238 478/201/238 517/306/238
f 517/169/239 476/307/239 59/170/239
f 517/306/240 478/201/240 476/200/240
f 476/307/241 516/308/241 59/170/241
f 61/168/242 519/205/242 162/207/242
f 520/208/243 479/204/243 518/167/243
f 480/213/244 163/212/244 62/309/244
f 521/158/245 482/214/245 480/213/245
f 521/158/246 164/216/246 482/214/246
f 165/159/247 164/216/247 521/158/247
f 523/310/248 168/218/248 522/219/248
f 817/311/249 525/312/249 524/313/249
f 525/312/250 489/314/250 524/313/250
f 10/315/251 176/249/251 525/312/251
f 383/316/252 71/317/252 526/318/252
f 526/318/253 180/319/253 176/320/253
f 527/321/254 528/322/254 71/323/254
f 529/324/255 198/299/255 193/281/255
f 528/322/256 193/281/256 506/263/256
f 529/324/257 193/281/257 528/322/257
f 531/325/258 515/300/258 198/299/258
f 532/326/259 67/327/259 201/328/259
f 531/325/260 201/328/260 515/300/260
f 201/328/261 66/301/261 515/300/261
f 201/328/262 591/329/262 66/301/262
f 591/329/263 589/330/263 66/301/263
f 66/301/264 533/297/264 197/282/264
f 66/301/265 246/331/265 533/297/265
f 246/331/266 588/332/266 533/297/266
f 533/297/267 65/333/267 9/334/267
f 9/335/268 64/336/268 199/337/268
f 64/336/269 245/338/269 199/337/269
f 534/293/270 63/339/270 536/290/270
f 199/291/271 245/340/271 534/341/271
f 245/340/272 8/342/272 63/343/272
f 202/344/273 537/345/273 87/346/273
f 7/347/274 87/348/274 537/349/274
f 5/285/275 752/350/275 359/351/275
f 538/286/276 5/285/276 56/352/276
f 5/353/277 359/354/277 56/355/277
f 187/356/278 539/357/278 55/358/278
f 501/252/279 55/359/279 54/360/279
f 541/361/280 540/362/280 203/363/280
f 203/363/281 540/362/281 747/364/281
f 501/252/282 54/360/282 541/361/282
f 540/362/283 749/365/283 747/364/283
f 203/363/284 747/364/284 53/366/284
f 544/223/285 53/366/285 543/367/285
f 543/367/286 53/366/286 745/368/286
f 543/367/287 745/368/287 52/369/287
f 545/370/288 52/369/288 205/371/288
f 545/370/289 543/367/289 52/369/289
f 475/372/290 204/224/290 545/370/290
f 205/371/291 52/369/291 51/373/291
f 213/374/292 210/375/292 546/376/292
f 207/377/293 607/378/293 243/379/293
f 547/380/294 213/374/294 546/376/294
f 208/381/295 549/382/295 211/383/295
f 549/382/296 555/384/296 214/385/296
f 209/386/297 556/387/297 208/381/297
f 18/388/298 550/389/298 209/386/298
f 551/390/299 552/391/299 18/388/299
f 551/390/300 216/392/300 552/391/300
f 553/393/301 219/394/301 216/392/301
f 212/395/302 561/396/302 553/393/302
f 213/374/303 554/397/303 210/375/303
f 554/397/304 604/398/304 217/399/304
f 210/375/305 217/399/305 605/400/305
f 548/401/306 554/397/306 547/380/306
f 214/385/307 220/402/307 548/401/307
f 218/403/308 221/404/308 555/384/308
f 215/405/309 221/404/309 218/403/309
f 550/389/310 558/406/310 556/387/310
f 559/407/311 565/408/311 557/409/311
f 558/406/312 564/410/312 215/405/312
f 216/392/313 559/407/313 552/391/313
f 552/391/314 557/409/314 550/389/314
f 219/394/315 560/411/315 216/392/315
f 552/391/316 559/407/316 557/409/316
f 561/396/317 567/412/317 219/394/317
f 219/394/318 567/412/318 560/411/318
f 562/413/319 567/412/319 561/396/319
f 19/414/320 604/398/320 554/397/320
f 555/384/321 563/415/321 220/402/321
f 221/404/322 563/415/322 555/384/322
f 564/410/323 225/416/323 221/404/323
f 566/417/324 570/418/324 564/410/324
f 227/419/325 566/417/325 559/407/325
f 222/420/326 230/421/326 560/411/326
f 560/411/327 227/419/327 559/407/327
f 567/412/328 222/420/328 560/411/328
f 562/413/329 231/422/329 567/412/329
f 231/422/330 572/423/330 222/420/330
f 224/424/331 228/425/331 19/414/331
f 229/426/332 238/427/332 228/425/332
f 225/416/333 568/428/333 224/424/333
f 570/418/334 236/429/334 569/430/334
f 225/416/335 569/430/335 568/428/335
f 226/431/336 576/432/336 570/418/336
f 576/432/337 575/433/337 570/418/337
f 572/423/338 232/434/338 571/435/338
f 573/436/339 578/437/339 233/438/339
f 238/427/340 234/439/340 228/425/340
f 238/427/341 20/440/341 234/439/341
f 574/441/342 238/427/342 229/426/342
f 575/433/343 580/442/343 236/429/343
f 576/432/344 580/442/344 575/433/344
f 232/434/345 239/443/345 576/432/345
f 239/443/346 237/444/346 576/432/346
f 572/423/347 577/445/347 232/434/347
f 233/438/348 577/445/348 572/423/348
f 578/446/349 584/447/349 577/448/349
f 577/445/350 583/449/350 239/443/350
f 235/450/351 585/451/351 578/437/351
f 235/450/352 578/437/352 573/436/352
f 578/446/353 577/448/353 233/452/353
f 20/440/354 255/453/354 603/454/354
f 580/442/355 581/455/355 236/429/355
f 236/429/356 581/455/356 238/427/356
f 581/455/357 242/456/357 579/457/357
f 239/443/358 582/458/358 237/444/358
f 583/449/359 253/459/359 239/443/359
f 240/460/360 597/461/360 583/449/360
f 583/462/361 252/463/361 253/464/361
f 584/465/362 240/460/362 583/449/362
f 596/466/363 595/467/363 584/465/363
f 249/468/364 586/469/364 585/470/364
f 241/471/365 251/472/365 586/473/365
f 586/474/366 596/475/366 585/476/366
f 585/451/367 596/466/367 584/465/367
f 7/347/368 606/477/368 87/348/368
f 63/339/369 243/478/369 7/347/369
f 8/342/370 207/377/370 243/379/370
f 244/479/371 546/376/371 8/342/371
f 245/340/372 244/479/372 8/342/372
f 245/340/373 547/380/373 244/479/373
f 208/381/374 211/383/374 587/480/374
f 587/480/375 548/401/375 245/340/375
f 65/333/376 208/381/376 9/334/376
f 589/330/377 590/481/377 246/331/377
f 590/481/378 18/388/378 209/386/378
f 589/330/379 18/388/379 590/481/379
f 247/482/380 551/390/380 591/329/380
f 398/483/381 14/484/381 212/395/381
f 14/484/382 561/396/382 212/395/382
f 91/485/383 212/395/383 553/393/383
f 90/486/384 561/396/384 14/484/384
f 90/486/385 89/487/385 561/396/385
f 89/487/386 223/488/386 562/413/386
f 809/489/387 223/490/387 89/491/387
f 248/492/388 573/436/388 223/488/388
f 592/493/389 235/450/389 573/436/389
f 809/489/390 592/494/390 248/495/390
f 592/493/391 593/496/391 235/450/391
f 394/497/392 593/498/392 592/494/392
f 593/496/393 249/499/393 235/450/393
f 593/500/394 241/501/394 586/469/394
f 593/500/395 586/469/395 249/468/395
f 250/502/396 660/503/396 594/504/396
f 250/505/397 1/506/397 660/507/397
f 660/507/398 46/508/398 594/509/398
f 250/502/399 594/504/399 251/510/399
f 594/509/400 46/508/400 251/511/400
f 251/511/401 657/512/401 596/513/401
f 582/514/402 598/515/402 254/516/402
f 254/517/403 49/518/403 600/519/403
f 598/520/404 49/518/404 254/517/404
f 253/464/405 48/521/405 598/515/405
f 254/517/406 600/519/406 599/522/406
f 242/456/407 601/523/407 255/453/407
f 601/523/408 296/524/408 602/525/408
f 242/456/409 296/524/409 601/523/409
f 242/456/410 50/526/410 296/524/410
f 602/525/411 651/527/411 757/528/411
f 603/454/412 78/529/412 361/530/412
f 20/440/413 603/454/413 234/439/413
f 256/531/414 756/532/414 79/533/414
f 257/534/415 256/531/415 79/533/415
f 257/534/416 79/533/416 80/535/416
f 604/398/417 80/535/417 82/536/417
f 228/425/418 80/535/418 604/398/418
f 19/414/419 228/425/419 604/398/419
f 604/398/420 82/536/420 217/399/420
f 217/399/421 83/537/421 605/400/421
f 210/375/422 605/400/422 85/538/422
f 607/378/423 85/538/423 606/539/423
f 243/379/424 607/378/424 606/539/424
f 210/375/425 85/538/425 607/378/425
f 618/540/426 608/541/426 609/542/426
f 610/543/427 619/544/427 611/545/427
f 610/543/428 611/545/428 653/546/428
f 264/547/429 619/544/429 610/543/429
f 259/548/430 610/543/430 654/549/430
f 612/550/431 613/551/431 610/543/431
f 614/552/432 620/553/432 613/551/432
f 614/552/433 261/554/433 620/553/433
f 262/555/434 261/554/434 614/552/434
f 614/552/435 612/550/435 656/556/435
f 260/557/436 615/558/436 614/552/436
f 659/559/437 616/560/437 260/557/437
f 618/540/438 624/561/438 263/562/438
f 624/561/439 308/563/439 263/562/439
f 264/547/440 626/564/440 619/544/440
f 626/564/441 623/565/441 619/544/441
f 620/553/442 265/566/442 264/547/442
f 265/566/443 625/567/443 626/564/443
f 621/568/444 628/569/444 262/555/444
f 21/570/445 621/568/445 616/560/445
f 617/571/446 268/572/446 21/570/446
f 663/573/447 268/572/447 617/571/447
f 663/574/448 622/575/448 268/576/448
f 300/577/449 271/578/449 622/575/449
f 623/565/450 272/579/450 624/561/450
f 624/561/451 275/580/451 678/581/451
f 272/579/452 275/580/452 624/561/452
f 625/567/453 627/582/453 626/564/453
f 625/567/454 269/583/454 627/582/454
f 269/583/455 633/584/455 627/582/455
f 627/582/456 272/579/456 623/565/456
f 267/585/457 269/583/457 625/567/457
f 266/586/458 634/587/458 269/583/458
f 628/569/459 629/588/459 266/586/459
f 629/588/460 634/587/460 266/586/460
f 270/589/461 630/590/461 629/588/461
f 270/589/462 273/591/462 630/590/462
f 629/588/463 22/592/463 634/587/463
f 631/593/464 273/591/464 270/589/464
f 268/572/465 631/593/465 621/568/465
f 271/578/466 274/594/466 631/595/466
f 274/594/467 636/596/467 631/595/467
f 271/578/468 631/595/468 268/576/468
f 272/579/469 632/597/469 275/580/469
f 638/598/470 279/599/470 632/600/470
f 633/584/471 632/597/471 272/579/471
f 280/601/472 639/602/472 269/603/472
f 22/592/473 280/604/473 634/587/473
f 273/591/474 635/605/474 630/590/474
f 635/605/475 276/606/475 22/592/475
f 283/607/476 635/605/476 273/591/476
f 22/608/477 276/609/477 280/601/477
f 636/610/478 283/607/478 273/591/478
f 277/611/479 281/612/479 636/596/479
f 278/613/480 637/614/480 277/611/480
f 637/614/481 281/612/481 277/611/481
f 667/615/482 642/616/482 637/614/482
f 640/617/483 643/618/483 638/619/483
f 639/620/484 644/621/484 640/617/484
f 633/584/485 640/617/485 638/619/485
f 641/622/486 282/623/486 639/602/486
f 284/624/487 646/625/487 641/626/487
f 276/606/488 284/624/488 641/626/488
f 635/605/489 284/624/489 276/606/489
f 647/627/490 648/628/490 284/624/490
f 285/629/491 647/627/491 283/607/491
f 642/616/492 286/630/492 281/612/492
f 290/631/493 671/632/493 288/633/493
f 671/634/494 289/635/494 288/636/494
f 290/631/495 288/633/495 643/637/495
f 643/618/496 288/638/496 675/639/496
f 644/621/497 645/640/497 290/641/497
f 282/623/498 645/642/498 644/643/498
f 645/640/499 304/644/499 290/641/499
f 646/645/500 293/124/500 282/623/500
f 284/624/501 294/646/501 646/625/501
f 648/628/502 294/646/502 284/624/502
f 293/647/503 670/648/503 645/640/503
f 649/649/504 303/650/504 648/651/504
f 303/650/505 294/652/505 648/651/505
f 286/630/506 650/653/506 649/649/506
f 286/630/507 649/649/507 285/654/507
f 287/655/508 291/656/508 286/630/508
f 291/656/509 668/657/509 650/653/509
f 602/525/510 297/658/510 651/527/510
f 679/659/511 680/660/511 651/661/511
f 299/662/512 653/546/512 298/663/512
f 653/546/513 258/664/513 298/663/513
f 49/665/514 299/662/514 50/666/514
f 653/546/515 611/545/515 258/664/515
f 654/549/516 653/546/516 299/662/516
f 48/667/517 299/662/517 49/665/517
f 47/668/518 654/549/518 48/667/518
f 654/549/519 610/543/519 653/546/519
f 655/669/520 259/548/520 47/668/520
f 656/556/521 612/550/521 259/548/521
f 46/508/522 260/557/522 657/512/522
f 657/512/523 656/556/523 655/669/523
f 660/507/524 658/670/524 46/508/524
f 661/671/525 659/559/525 658/670/525
f 662/672/526 661/671/526 660/507/526
f 662/672/527 617/571/527 661/671/527
f 662/672/528 663/573/528 617/571/528
f 661/671/529 617/571/529 659/559/529
f 665/673/530 300/577/530 622/575/530
f 829/674/531 300/577/531 665/673/531
f 829/674/532 666/675/532 300/577/532
f 44/676/533 666/675/533 829/674/533
f 666/675/534 278/613/534 277/611/534
f 666/675/535 277/611/535 300/577/535
f 43/677/536 667/615/536 278/613/536
f 4/678/537 278/613/537 666/675/537
f 41/679/538 301/680/538 287/655/538
f 40/681/539 302/682/539 292/683/539
f 40/681/540 143/134/540 302/682/540
f 292/683/541 39/130/541 295/684/541
f 292/683/542 302/682/542 39/130/542
f 302/682/543 452/131/543 39/130/543
f 295/684/544 668/657/544 291/656/544
f 650/653/545 38/129/545 669/685/545
f 668/657/546 38/129/546 650/653/546
f 39/130/547 38/129/547 668/657/547
f 38/129/548 37/128/548 669/685/548
f 669/685/549 3/125/549 303/650/549
f 303/650/550 36/127/550 294/652/550
f 290/631/551 672/121/551 671/632/551
f 671/632/552 448/120/552 305/686/552
f 672/121/553 448/120/553 671/632/553
f 304/644/554 672/687/554 290/641/554
f 305/688/555 72/689/555 676/690/555
f 305/688/556 448/116/556 72/689/556
f 72/689/557 673/113/557 761/691/557
f 306/692/558 675/639/558 674/693/558
f 674/693/559 676/690/559 72/689/559
f 678/581/560 677/694/560 74/695/560
f 309/696/561 76/697/561 680/660/561
f 263/562/562 76/697/562 309/696/562
f 263/562/563 308/563/563 76/697/563
f 608/541/564 309/696/564 679/659/564
f 679/659/565 309/696/565 680/660/565
f 761/691/566 310/698/566 688/699/566
f 681/700/567 317/701/567 689/702/567
f 353/703/568 681/700/568 313/704/568
f 312/705/569 682/706/569 317/701/569
f 682/706/570 684/707/570 318/708/570
f 317/701/571 318/708/571 691/709/571
f 314/710/572 683/711/572 684/712/572
f 736/713/573 738/714/573 314/715/573
f 683/716/574 319/717/574 684/707/574
f 685/718/575 316/719/575 315/720/575
f 316/719/576 323/721/576 315/720/576
f 739/722/577 316/719/577 685/718/577
f 738/714/578 685/723/578 683/716/578
f 321/724/579 698/725/579 697/726/579
f 689/702/580 692/727/580 690/728/580
f 698/729/581 690/730/581 700/731/581
f 321/724/582 690/728/582 698/725/582
f 317/701/583 691/709/583 692/727/583
f 691/709/584 322/732/584 692/727/584
f 689/702/585 317/701/585 692/727/585
f 318/708/586 319/717/586 691/709/586
f 319/717/587 701/733/587 691/709/587
f 691/709/588 701/733/588 322/732/588
f 693/734/589 323/735/589 703/736/589
f 324/737/590 23/738/590 323/735/590
f 323/735/591 23/738/591 703/736/591
f 315/739/592 323/740/592 693/741/592
f 695/742/593 324/737/593 323/735/593
f 695/742/594 705/743/594 324/737/594
f 695/742/595 326/744/595 705/743/595
f 698/725/596 700/745/596 699/746/596
f 699/746/597 707/747/597 709/748/597
f 692/749/598 327/750/598 329/751/598
f 327/750/599 330/752/599 329/751/599
f 322/753/600 701/754/600 327/755/600
f 327/755/601 702/756/601 330/757/601
f 701/754/602 694/758/602 702/756/602
f 703/736/603 704/759/603 694/760/603
f 703/736/604 706/761/604 704/759/604
f 694/760/605 713/762/605 702/763/605
f 705/764/606 328/765/606 706/766/606
f 706/766/607 328/765/607 335/767/607
f 331/768/608 337/769/608 336/770/608
f 696/771/609 332/772/609 331/768/609
f 708/773/610 711/774/610 707/747/610
f 332/772/611 709/748/611 337/769/611
f 329/775/612 712/776/612 710/777/612
f 711/774/613 718/778/613 717/779/613
f 712/780/614 718/778/614 710/781/614
f 711/774/615 717/779/615 715/782/615
f 330/783/616 333/784/616 712/780/616
f 702/763/617 333/784/617 330/783/617
f 702/763/618 714/785/618 333/784/618
f 714/786/619 334/787/619 340/788/619
f 334/789/620 722/790/620 340/791/620
f 704/792/621 335/793/621 334/794/621
f 335/795/622 358/796/622 750/797/622
f 722/790/623 750/798/623 723/799/623
f 77/800/624 336/770/624 342/801/624
f 336/770/625 716/802/625 342/801/625
f 719/803/626 726/804/626 346/805/626
f 717/779/627 718/778/627 720/806/627
f 718/778/628 343/807/628 720/806/628
f 717/779/629 720/806/629 719/808/629
f 333/784/630 338/809/630 339/810/630
f 343/811/631 729/812/631 720/813/631
f 338/814/632 344/815/632 339/816/632
f 340/791/633 722/790/633 344/817/633
f 723/818/634 731/819/634 344/820/634
f 342/801/635 724/821/635 362/822/635
f 724/821/636 345/823/636 348/824/636
f 724/821/637 348/824/637 362/822/637
f 716/802/638 725/825/638 724/821/638
f 345/826/639 755/827/639 348/828/639
f 725/829/640 727/830/640 345/826/640
f 726/804/641 349/831/641 728/832/641
f 726/804/642 729/812/642 349/831/642
f 726/804/643 728/832/643 346/805/643
f 343/811/644 347/833/644 729/812/644
f 729/812/645 350/834/645 349/831/645
f 339/835/646 730/836/646 347/833/646
f 344/815/647 732/837/647 730/838/647
f 730/836/648 352/839/648 351/840/648
f 731/841/649 359/351/649 732/837/649
f 161/115/650 734/842/650 761/691/650
f 734/842/651 310/698/651 761/691/651
f 733/189/652 353/703/652 310/698/652
f 29/191/653 311/843/653 353/703/653
f 29/191/654 354/844/654 311/843/654
f 735/845/655 314/715/655 312/705/655
f 355/846/656 738/714/656 736/713/656
f 30/847/657 355/846/657 735/845/657
f 31/848/658 737/849/658 355/846/658
f 355/846/659 736/713/659 735/845/659
f 33/175/660 743/850/660 356/851/660
f 33/852/661 51/373/661 742/853/661
f 742/853/662 686/854/662 743/855/662
f 743/855/663 686/854/663 741/856/663
f 742/853/664 744/857/664 686/854/664
f 51/373/665 744/857/665 742/853/665
f 745/368/666 326/858/666 325/859/666
f 52/369/667 745/368/667 744/857/667
f 325/860/668 326/744/668 695/742/668
f 746/861/669 53/366/669 357/862/669
f 326/863/670 328/864/670 705/865/670
f 53/366/671 746/861/671 745/368/671
f 328/765/672 748/866/672 335/767/672
f 335/767/673 748/866/673 358/867/673
f 357/862/674 747/364/674 748/866/674
f 748/866/675 749/365/675 358/867/675
f 358/796/676 749/868/676 750/797/676
f 749/868/677 751/869/677 750/797/677
f 750/797/678 751/869/678 341/870/678
f 54/360/679 751/871/679 749/365/679
f 751/869/680 56/355/680 359/354/680
f 539/357/681 56/355/681 751/869/681
f 202/344/682 87/346/682 86/872/682
f 732/837/683 752/350/683 352/873/683
f 351/840/684 12/874/684 753/875/684
f 752/876/685 86/872/685 352/839/685
f 753/875/686 12/874/686 606/539/686
f 351/840/687 753/875/687 350/834/687
f 754/877/688 84/878/688 83/537/688
f 349/831/689 350/834/689 754/877/689
f 728/832/690 754/877/690 81/879/690
f 728/832/691 81/879/691 727/830/691
f 360/880/692 80/535/692 79/533/692
f 362/881/693 756/532/693 361/530/693
f 11/882/694 362/822/694 757/883/694
f 362/881/695 361/530/695 757/528/695
f 680/660/696 757/883/696 651/661/696
f 11/882/697 757/883/697 680/660/697
f 363/884/698 342/801/698 680/660/698
f 342/801/699 362/822/699 11/882/699
f 75/885/700 77/800/700 76/697/700
f 77/800/701 680/660/701 76/697/701
f 74/695/702 758/886/702 75/885/702
f 758/886/703 77/800/703 75/885/703
f 758/886/704 331/768/704 77/800/704
f 331/768/705 336/770/705 77/800/705
f 73/887/706 696/771/706 758/886/706
f 759/888/707 320/889/707 73/887/707
f 73/887/708 320/889/708 696/771/708
f 761/691/709 688/699/709 759/888/709
f 674/693/710 760/890/710 759/888/710
f 763/891/711 366/892/711 762/893/711
f 764/894/712 763/891/712 762/893/712
f 764/894/713 762/893/713 395/895/713
f 770/896/714 366/892/714 763/891/714
f 811/897/715 763/891/715 810/898/715
f 396/899/716 765/900/716 811/897/716
f 810/898/717 763/891/717 764/894/717
f 766/901/718 765/900/718 396/899/718
f 768/902/719 25/903/719 767/904/719
f 397/905/720 767/904/720 813/906/720
f 814/907/721 767/904/721 397/905/721
f 816/908/722 365/909/722 815/910/722
f 368/911/723 365/909/723 816/908/723
f 815/910/724 365/909/724 768/902/724
f 368/911/725 367/912/725 365/909/725
f 366/892/726 769/913/726 830/914/726
f 769/915/727 372/916/727 830/917/727
f 366/892/728 830/914/728 762/893/728
f 770/896/729 769/913/729 366/892/729
f 771/918/730 769/913/730 770/896/730
f 771/918/731 373/919/731 769/913/731
f 24/920/732 778/921/732 772/922/732
f 25/903/733 773/923/733 767/904/733
f 367/912/734 370/924/734 25/903/734
f 774/925/735 26/926/735 367/912/735
f 775/927/736 371/928/736 774/925/736
f 775/927/737 774/925/737 367/912/737
f 776/929/738 777/930/738 372/931/738
f 771/918/739 776/932/739 373/919/739
f 771/918/740 377/933/740 776/932/740
f 377/934/741 376/935/741 776/929/741
f 779/936/742 27/937/742 377/933/742
f 779/936/743 377/933/743 771/918/743
f 26/926/744 781/938/744 370/924/744
f 782/939/745 786/940/745 781/938/745
f 370/924/746 374/941/746 778/921/746
f 26/926/747 782/939/747 781/938/747
f 783/942/748 788/943/748 782/939/748
f 774/925/749 782/939/749 26/926/749
f 774/925/750 783/942/750 782/939/750
f 379/944/751 378/945/751 777/946/751
f 379/944/752 827/947/752 378/945/752
f 27/937/753 380/948/753 784/949/753
f 380/948/754 384/950/754 784/949/754
f 784/949/755 384/950/755 379/944/755
f 376/951/756 379/944/756 777/946/756
f 377/934/757 784/952/757 376/935/757
f 374/941/758 785/953/758 27/937/758
f 27/937/759 792/954/759 380/948/759
f 785/953/760 793/955/760 27/937/760
f 780/956/761 785/953/761 374/941/761
f 786/940/762 785/953/762 780/956/762
f 788/943/763 382/957/763 786/940/763
f 783/942/764 382/957/764 788/943/764
f 403/958/765 789/959/765 783/942/765
f 384/950/766 827/947/766 379/944/766
f 790/960/767 386/961/767 799/962/767
f 800/963/768 386/964/768 793/955/768
f 387/965/769 800/963/769 793/955/769
f 381/966/770 794/967/770 793/955/770
f 795/968/771 802/969/771 787/970/771
f 787/970/772 802/969/772 794/967/772
f 796/971/773 804/972/773 795/968/773
f 391/973/774 804/972/774 796/971/774
f 789/959/775 391/973/775 796/971/775
f 795/974/776 804/975/776 805/976/776
f 796/971/777 795/968/777 787/970/777
f 797/977/778 391/973/778 789/959/778
f 799/962/779 393/978/779 388/979/779
f 801/980/780 393/978/780 799/962/780
f 802/969/781 800/963/781 387/965/781
f 389/981/782 803/982/782 800/963/782
f 389/981/783 390/983/783 803/982/783
f 391/973/784 806/984/784 392/985/784
f 404/986/785 405/987/785 807/988/785
f 405/987/786 806/984/786 807/988/786
f 392/985/787 806/984/787 406/989/787
f 394/497/788 395/895/788 808/990/788
f 88/991/789 808/990/789 1/992/789
f 364/993/790 831/994/790 808/990/790
f 13/995/791 395/895/791 394/497/791
f 810/898/792 764/894/792 13/995/792
f 812/996/793 396/899/793 811/897/793
f 813/906/794 766/901/794 396/899/794
f 90/997/795 397/905/795 812/996/795
f 90/997/796 812/996/796 89/491/796
f 398/998/797 814/907/797 90/997/797
f 815/910/798 814/907/798 398/998/798
f 399/999/799 815/910/799 398/998/799
f 399/1000/800 816/1001/800 815/1002/800
f 815/910/801 768/902/801 814/907/801
f 67/327/802 400/1003/802 399/1000/802
f 67/327/803 399/1000/803 91/485/803
f 532/326/804 400/1003/804 67/327/804
f 400/1003/805 401/1004/805 399/1000/805
f 531/325/806 530/1005/806 402/1006/806
f 402/1006/807 369/1007/807 401/1004/807
f 401/1008/808 368/911/808 816/908/808
f 530/1005/809 527/321/809 375/1009/809
f 527/321/810 383/1010/810 375/1009/810
f 383/1010/811 403/1011/811 375/1009/811
f 527/321/812 71/323/812 383/1010/812
f 10/315/813 817/311/813 385/1012/813
f 385/1013/814 817/1014/814 807/988/814
f 383/1015/815 385/1016/815 797/1017/815
f 526/1018/816 10/315/816 383/1019/816
f 385/1020/817 798/1021/817 797/1022/817
f 524/220/818 404/1023/818 817/1024/818
f 405/1025/819 523/310/819 145/151/819
f 406/1026/820 70/1027/820 460/148/820
f 407/1028/821 406/989/821 818/1029/821
f 818/1030/822 460/148/822 69/1031/822
f 392/1032/823 406/1033/823 407/1034/823
f 406/1026/824 460/148/824 818/1030/824
f 69/1031/825 460/148/825 137/149/825
f 390/983/826 818/1029/826 68/1035/826
f 390/983/827 407/1028/827 818/1029/827
f 818/1036/828 69/1037/828 68/1038/828
f 803/982/829 68/1035/829 819/1039/829
f 819/1040/830 456/141/830 144/143/830
f 408/1041/831 803/982/831 819/1039/831
f 803/982/832 390/983/832 68/1035/832
f 408/1041/833 819/1039/833 820/1042/833
f 820/1043/834 819/1044/834 821/140/834
f 801/980/835 821/140/835 454/135/835
f 824/1045/836 454/135/836 453/132/836
f 40/681/837 824/1045/837 453/132/837
f 388/979/838 822/1046/838 825/1047/838
f 791/1048/839 301/680/839 41/679/839
f 827/1049/840 41/679/840 826/1050/840
f 828/1051/841 42/1052/841 43/1053/841
f 378/945/842 826/1054/842 828/1055/842
f 409/1056/843 828/1055/843 4/1057/843
f 826/1050/844 42/1058/844 828/1059/844
f 4/678/845 666/675/845 44/676/845
f 831/1060/846 832/1061/846 45/1062/846
f 364/993/847 832/1063/847 831/994/847
f 831/1060/848 45/1062/848 662/1064/848
f 410/1/849 98/5/849 97/2/849
f 411/6/850 412/11/850 99/4/850
f 411/6/851 413/9/851 412/11/851
f 413/9/852 414/13/852 100/1065/852
f 413/9/853 100/1065/853 108/10/853
f 415/20/854 416/14/854 94/12/854
f 415/20/855 451/19/855 416/14/855
f 94/12/856 15/15/856 414/13/856
f 95/23/857 417/17/857 451/19/857
f 451/19/858 101/18/858 416/14/858
f 419/22/859 418/37/859 102/39/859
f 96/137/860 418/139/860 419/1066/860
f 419/22/861 102/39/861 417/17/861
f 95/23/862 419/22/862 417/17/862
f 98/5/863 422/28/863 103/25/863
f 412/11/864 108/10/864 99/4/864
f 99/4/865 108/10/865 98/5/865
f 104/29/866 113/45/866 423/30/866
f 108/10/867 112/31/867 98/5/867
f 100/1065/868 414/13/868 108/10/868
f 414/13/869 104/29/869 108/10/869
f 414/13/870 424/34/870 104/29/870
f 101/18/871 110/32/871 105/16/871
f 101/18/872 417/17/872 420/35/872
f 102/39/873 106/36/873 417/17/873
f 421/38/874 106/36/874 102/39/874
f 421/38/875 115/41/875 106/36/875
f 422/28/876 427/42/876 111/56/876
f 422/28/877 111/56/877 157/43/877
f 108/10/878 423/30/878 112/31/878
f 423/30/879 117/44/879 112/31/879
f 423/30/880 118/46/880 117/44/880
f 118/46/881 425/47/881 121/57/881
f 104/29/882 424/34/882 113/45/882
f 109/33/883 114/50/883 119/48/883
f 119/48/884 430/60/884 425/47/884
f 113/45/885 425/47/885 118/46/885
f 420/35/886 120/51/886 431/52/886
f 427/42/887 428/59/887 154/55/887
f 117/44/888 429/58/888 428/59/888
f 121/57/889 124/79/889 429/58/889
f 425/47/890 430/60/890 121/57/890
f 114/50/891 437/62/891 430/60/891
f 430/60/892 124/79/892 121/57/892
f 430/60/893 437/62/893 436/83/893
f 430/60/894 436/83/894 124/79/894
f 431/52/895 433/64/895 432/61/895
f 120/51/896 126/65/896 122/63/896
f 122/63/897 126/65/897 125/66/897
f 116/145/898 127/93/898 123/1067/898
f 428/59/899 128/78/899 132/74/899
f 154/55/900 435/73/900 470/77/900
f 124/79/901 129/80/901 128/78/901
f 437/62/902 130/88/902 443/84/902
f 130/88/903 134/102/903 443/84/903
f 432/61/904 444/85/904 130/88/904
f 433/64/905 445/86/905 444/85/905
f 126/65/906 438/90/906 125/66/906
f 125/66/907 438/90/907 131/87/907
f 438/90/908 439/94/908 446/106/908
f 127/1068/909 439/94/909 123/89/909
f 127/1068/910 135/109/910 439/94/910
f 132/74/911 441/82/911 440/96/911
f 435/73/912 440/96/912 467/75/912
f 128/78/913 441/82/913 132/74/913
f 441/82/914 464/101/914 152/95/914
f 440/96/915 465/97/915 467/75/915
f 441/82/916 133/81/916 151/100/916
f 133/81/917 442/98/917 463/99/917
f 129/80/918 442/98/918 133/81/918
f 442/98/919 150/104/919 463/99/919
f 443/84/920 134/102/920 442/98/920
f 131/87/921 136/108/921 149/105/921
f 130/88/922 444/85/922 134/102/922
f 136/1069/923 147/162/923 148/166/923
f 136/1069/924 148/166/924 149/1070/924
f 444/85/925 149/105/925 134/102/925
f 438/90/926 446/106/926 136/108/926
f 438/90/927 136/108/927 131/87/927
f 135/109/928 138/111/928 447/110/928
f 72/689/929 448/116/929 34/114/929
f 34/114/930 92/117/930 97/194/930
f 92/3/931 448/120/931 141/8/931
f 141/8/932 410/1/932 92/3/932
f 35/122/933 93/7/933 140/119/933
f 140/119/934 93/7/934 141/8/934
f 35/122/935 411/6/935 93/7/935
f 3/125/936 94/12/936 413/9/936
f 142/126/937 413/9/937 411/6/937
f 37/128/938 415/20/938 94/12/938
f 37/128/939 450/21/939 415/20/939
f 449/24/940 95/23/940 451/19/940
f 38/129/941 450/21/941 37/128/941
f 302/682/942 143/134/942 452/131/942
f 452/131/943 419/22/943 449/24/943
f 452/131/944 96/133/944 419/22/944
f 40/681/945 453/132/945 143/134/945
f 453/132/946 454/135/946 96/133/946
f 96/133/947 455/136/947 421/38/947
f 454/135/948 107/40/948 455/136/948
f 455/136/949 107/40/949 421/38/949
f 454/135/950 821/140/950 107/40/950
f 821/140/951 144/1071/951 457/53/951
f 107/40/952 457/53/952 115/41/952
f 457/142/953 456/141/953 116/145/953
f 458/144/954 459/91/954 127/93/954
f 458/144/955 69/1037/955 459/91/955
f 68/1038/956 69/1037/956 458/144/956
f 69/1037/957 137/147/957 459/91/957
f 460/152/958 145/151/958 138/155/958
f 137/149/959 138/111/959 135/109/959
f 145/151/960 523/310/960 6/153/960
f 145/151/961 462/154/961 138/155/961
f 462/154/962 461/156/962 138/155/962
f 446/160/963 146/157/963 200/161/963
f 146/157/964 480/213/964 200/161/964
f 147/162/965 200/161/965 62/309/965
f 147/162/966 62/309/966 148/166/966
f 148/166/967 62/309/967 520/208/967
f 148/166/968 520/208/968 518/167/968
f 134/102/969 61/165/969 139/103/969
f 149/1070/970 148/166/970 61/168/970
f 150/104/971 517/169/971 463/99/971
f 152/95/972 58/171/972 466/172/972
f 464/101/973 151/100/973 58/171/973
f 466/172/974 58/171/974 57/173/974
f 468/176/975 465/97/975 33/175/975
f 470/77/976 468/176/976 469/177/976
f 153/76/977 467/75/977 468/176/977
f 467/75/978 465/97/978 468/176/978
f 465/97/979 152/95/979 466/172/979
f 469/177/980 468/176/980 32/178/980
f 154/55/981 470/77/981 472/183/981
f 472/183/982 470/77/982 469/177/982
f 472/183/983 469/177/983 2/179/983
f 157/43/984 471/180/984 155/182/984
f 111/56/985 154/55/985 473/181/985
f 472/183/986 473/181/986 154/55/986
f 155/182/987 472/183/987 31/184/987
f 474/186/988 155/182/988 30/185/988
f 160/27/989 158/26/989 156/187/989
f 97/2/990 103/25/990 160/27/990
f 156/1072/991 474/1073/991 30/1074/991
f 29/192/992 159/188/992 156/187/992
f 733/189/993 161/115/993 28/118/993
f 516/1075/994 476/200/994 477/199/994
f 475/372/995 477/199/995 204/224/995
f 58/1076/996 475/372/996 545/370/996
f 516/1075/997 477/199/997 475/372/997
f 162/207/998 166/206/998 478/201/998
f 478/201/999 485/228/999 483/198/999
f 478/201/1000 166/206/1000 485/228/1000
f 519/205/1001 479/204/1001 166/206/1001
f 479/204/1002 169/203/1002 166/206/1002
f 167/202/1003 486/211/1003 170/209/1003
f 163/212/1004 486/211/1004 167/202/1004
f 482/214/1005 487/217/1005 171/215/1005
f 522/219/1006 164/216/1006 165/159/1006
f 477/199/1007 484/225/1007 544/223/1007
f 483/198/1008 173/229/1008 484/225/1008
f 170/209/1009 177/230/1009 174/227/1009
f 174/227/1010 177/230/1010 492/239/1010
f 169/203/1011 170/209/1011 174/227/1011
f 489/221/1012 490/1077/1012 175/222/1012
f 175/222/1013 490/1077/1013 172/245/1013
f 484/225/1014 181/236/1014 491/235/1014
f 173/229/1015 178/237/1015 181/236/1015
f 492/239/1016 502/253/1016 178/237/1016
f 492/239/1017 493/238/1017 502/253/1017
f 174/227/1018 492/239/1018 178/237/1018
f 496/241/1019 183/244/1019 495/240/1019
f 498/233/1020 499/242/1020 496/241/1020
f 499/1078/1021 16/261/1021 505/260/1021
f 499/242/1022 505/1079/1022 508/243/1022
f 497/232/1023 496/241/1023 495/240/1023
f 172/245/1024 16/1080/1024 500/246/1024
f 172/245/1025 179/248/1025 16/1080/1025
f 498/233/1026 488/234/1026 499/242/1026
f 500/246/1027 16/1080/1027 499/242/1027
f 490/251/1028 180/250/1028 172/1081/1028
f 178/237/1029 182/254/1029 501/252/1029
f 181/236/1030 501/252/1030 541/361/1030
f 502/253/1031 503/255/1031 504/257/1031
f 502/253/1032 504/257/1032 182/254/1032
f 504/257/1033 188/256/1033 182/254/1033
f 495/240/1034 183/244/1034 503/255/1034
f 493/238/1035 503/255/1035 502/253/1035
f 493/238/1036 495/240/1036 503/255/1036
f 505/260/1037 184/271/1037 508/273/1037
f 179/262/1038 185/265/1038 17/259/1038
f 180/1082/1039 506/263/1039 185/265/1039
f 180/1082/1040 185/265/1040 179/262/1040
f 71/323/1041 506/263/1041 180/1082/1041
f 182/254/1042 188/256/1042 187/266/1042
f 507/258/1043 194/269/1043 512/267/1043
f 503/255/1044 507/258/1044 188/256/1044
f 508/273/1045 190/272/1045 509/1083/1045
f 509/270/1046 195/289/1046 189/268/1046
f 509/1083/1047 190/272/1047 195/292/1047
f 183/244/1048 509/270/1048 507/258/1048
f 185/265/1049 186/264/1049 191/1084/1049
f 186/264/1050 510/283/1050 192/296/1050
f 506/263/1051 510/283/1051 186/264/1051
f 506/263/1052 193/281/1052 510/283/1052
f 512/267/1053 535/287/1053 511/284/1053
f 511/1085/1054 537/345/1054 202/344/1054
f 187/266/1055 511/284/1055 5/285/1055
f 194/269/1056 189/268/1056 535/287/1056
f 189/268/1057 536/290/1057 535/287/1057
f 195/292/1058 199/291/1058 534/341/1058
f 196/1086/1059 513/294/1059 199/337/1059
f 191/276/1060 514/295/1060 513/294/1060
f 184/280/1061 513/294/1061 196/1086/1061
f 513/294/1062 514/295/1062 9/335/1062
f 198/299/1063 515/300/1063 197/282/1063
f 510/283/1064 197/282/1064 192/296/1064
f 465/97/1065 57/173/1065 51/174/1065
f 59/170/1066 516/308/1066 58/171/1066
f 516/1075/1067 475/372/1067 58/1076/1067
f 58/171/1068 206/302/1068 57/173/1068
f 60/305/1069 162/207/1069 478/201/1069
f 463/99/1070 517/169/1070 59/170/1070
f 518/167/1071 479/204/1071 519/205/1071
f 61/168/1072 518/167/1072 519/205/1072
f 62/309/1073 163/212/1073 520/208/1073
f 520/208/1074 163/212/1074 167/202/1074
f 146/157/1075 521/158/1075 480/213/1075
f 200/161/1076 480/213/1076 62/309/1076
f 6/153/1077 522/219/1077 165/159/1077
f 6/153/1078 523/310/1078 522/219/1078
f 523/310/1079 524/220/1079 168/218/1079
f 817/311/1080 10/315/1080 525/312/1080
f 168/1087/1081 524/1088/1081 164/1089/1081
f 525/312/1082 176/249/1082 490/251/1082
f 489/221/1083 525/1090/1083 490/1077/1083
f 10/315/1084 526/1018/1084 176/249/1084
f 526/318/1085 71/317/1085 180/319/1085
f 71/323/1086 528/322/1086 506/263/1086
f 528/322/1087 527/321/1087 529/324/1087
f 529/324/1088 530/1005/1088 198/299/1088
f 527/321/1089 530/1005/1089 529/324/1089
f 530/1005/1090 531/325/1090 198/299/1090
f 531/325/1091 532/326/1091 201/328/1091
f 67/327/1092 247/482/1092 591/329/1092
f 201/328/1093 67/327/1093 591/329/1093
f 514/298/1094 533/297/1094 9/334/1094
f 533/297/1095 588/332/1095 65/333/1095
f 513/294/1096 9/335/1096 199/337/1096
f 534/341/1097 245/340/1097 63/343/1097
f 511/1085/1098 535/1091/1098 537/345/1098
f 535/287/1099 536/290/1099 7/347/1099
f 535/287/1100 7/347/1100 537/349/1100
f 536/290/1101 63/339/1101 7/347/1101
f 5/285/1102 202/288/1102 752/350/1102
f 539/357/1103 538/1092/1103 56/355/1103
f 55/358/1104 539/357/1104 751/869/1104
f 501/252/1105 187/266/1105 55/359/1105
f 187/266/1106 538/286/1106 539/1093/1106
f 540/362/1107 541/361/1107 54/360/1107
f 491/235/1108 181/236/1108 541/361/1108
f 53/366/1109 542/226/1109 203/363/1109
f 542/226/1110 491/235/1110 203/363/1110
f 203/363/1111 491/235/1111 541/361/1111
f 204/224/1112 544/223/1112 543/367/1112
f 544/223/1113 542/226/1113 53/366/1113
f 545/370/1114 204/224/1114 543/367/1114
f 206/302/1115 545/304/1115 205/303/1115
f 207/377/1116 546/376/1116 607/378/1116
f 607/378/1117 546/376/1117 210/375/1117
f 548/401/1118 211/383/1118 214/385/1118
f 211/383/1119 549/382/1119 214/385/1119
f 556/387/1120 215/405/1120 549/382/1120
f 209/386/1121 550/389/1121 556/387/1121
f 208/381/1122 556/387/1122 549/382/1122
f 18/388/1123 552/391/1123 550/389/1123
f 551/390/1124 553/393/1124 216/392/1124
f 553/393/1125 561/396/1125 219/394/1125
f 210/375/1126 554/397/1126 217/399/1126
f 548/401/1127 220/402/1127 554/397/1127
f 214/385/1128 555/384/1128 220/402/1128
f 547/380/1129 554/397/1129 213/374/1129
f 554/397/1130 220/402/1130 19/414/1130
f 549/382/1131 218/403/1131 555/384/1131
f 549/382/1132 215/405/1132 218/403/1132
f 215/405/1133 564/410/1133 221/404/1133
f 556/387/1134 558/406/1134 215/405/1134
f 550/389/1135 557/409/1135 558/406/1135
f 558/406/1136 557/409/1136 565/408/1136
f 216/392/1137 560/411/1137 559/407/1137
f 563/415/1138 224/424/1138 19/414/1138
f 221/404/1139 225/416/1139 563/415/1139
f 563/415/1140 225/416/1140 224/424/1140
f 220/402/1141 563/415/1141 19/414/1141
f 565/408/1142 559/407/1142 566/417/1142
f 565/408/1143 566/417/1143 564/410/1143
f 566/417/1144 227/419/1144 226/431/1144
f 558/406/1145 565/408/1145 564/410/1145
f 566/417/1146 226/431/1146 570/418/1146
f 560/411/1147 230/421/1147 227/419/1147
f 222/420/1148 572/423/1148 230/421/1148
f 562/413/1149 223/488/1149 231/422/1149
f 567/412/1150 231/422/1150 222/420/1150
f 223/488/1151 573/436/1151 231/422/1151
f 224/424/1152 229/426/1152 228/425/1152
f 568/428/1153 229/426/1153 224/424/1153
f 569/430/1154 574/441/1154 229/426/1154
f 568/428/1155 569/430/1155 229/426/1155
f 570/418/1156 575/433/1156 236/429/1156
f 564/410/1157 569/430/1157 225/416/1157
f 564/410/1158 570/418/1158 569/430/1158
f 226/431/1159 571/435/1159 576/432/1159
f 571/435/1160 232/434/1160 576/432/1160
f 227/419/1161 230/421/1161 226/431/1161
f 230/421/1162 571/435/1162 226/431/1162
f 230/421/1163 572/423/1163 571/435/1163
f 231/422/1164 573/436/1164 233/438/1164
f 231/422/1165 233/438/1165 572/423/1165
f 228/425/1166 234/439/1166 257/534/1166
f 238/427/1167 579/457/1167 20/440/1167
f 574/441/1168 236/429/1168 238/427/1168
f 569/430/1169 236/429/1169 574/441/1169
f 576/432/1170 237/444/1170 580/442/1170
f 232/434/1171 577/445/1171 239/443/1171
f 577/445/1172 584/465/1172 583/449/1172
f 578/446/1173 585/1094/1173 584/447/1173
f 235/450/1174 249/499/1174 585/451/1174
f 20/440/1175 579/457/1175 255/453/1175
f 579/457/1176 242/456/1176 255/453/1176
f 580/442/1177 599/522/1177 581/455/1177
f 238/427/1178 581/455/1178 579/457/1178
f 237/444/1179 582/458/1179 580/442/1179
f 582/514/1180 254/516/1180 580/1095/1180
f 239/443/1181 253/459/1181 582/458/1181
f 580/442/1182 254/517/1182 599/522/1182
f 584/465/1183 595/467/1183 240/460/1183
f 241/501/1184 250/505/1184 251/511/1184
f 86/872/1185 87/346/1185 12/874/1185
f 7/347/1186 243/478/1186 606/477/1186
f 87/348/1187 606/477/1187 12/1096/1187
f 63/343/1188 8/342/1188 243/379/1188
f 8/342/1189 546/376/1189 207/377/1189
f 245/340/1190 548/401/1190 547/380/1190
f 244/479/1191 547/380/1191 546/376/1191
f 9/334/1192 208/381/1192 587/480/1192
f 64/1097/1193 587/480/1193 245/340/1193
f 64/1097/1194 9/334/1194 587/480/1194
f 587/480/1195 211/383/1195 548/401/1195
f 65/333/1196 588/332/1196 208/381/1196
f 588/332/1197 209/386/1197 208/381/1197
f 246/331/1198 590/481/1198 588/332/1198
f 589/330/1199 551/390/1199 18/388/1199
f 66/301/1200 589/330/1200 246/331/1200
f 588/332/1201 590/481/1201 209/386/1201
f 591/329/1202 551/390/1202 589/330/1202
f 247/482/1203 553/393/1203 551/390/1203
f 67/327/1204 91/485/1204 247/482/1204
f 247/482/1205 91/485/1205 553/393/1205
f 91/485/1206 398/483/1206 212/395/1206
f 561/396/1207 89/487/1207 562/413/1207
f 223/490/1208 809/489/1208 248/495/1208
f 248/492/1209 592/493/1209 573/436/1209
f 809/489/1210 13/995/1210 592/494/1210
f 13/995/1211 394/497/1211 592/494/1211
f 394/497/1212 88/991/1212 593/498/1212
f 593/500/1213 88/1098/1213 241/501/1213
f 88/1098/1214 1/506/1214 241/501/1214
f 241/501/1215 1/506/1215 250/505/1215
f 586/474/1216 251/1099/1216 596/475/1216
f 240/460/1217 595/467/1217 597/461/1217
f 251/511/401 46/508/401 657/512/401
f 596/513/1218 657/512/1218 655/669/1218
f 595/467/1219 596/466/1219 655/1100/1219
f 597/1101/1220 655/1102/1220 252/463/1220
f 252/463/1221 655/1102/1221 47/1103/1221
f 583/462/1222 597/1101/1222 252/463/1222
f 597/461/1223 595/467/1223 655/1100/1223
f 582/514/1224 253/464/1224 598/515/1224
f 252/463/1225 47/1103/1225 253/464/1225
f 253/464/1226 47/1103/1226 48/521/1226
f 598/520/1227 48/1104/1227 49/518/1227
f 581/455/1228 599/522/1228 50/526/1228
f 581/455/1229 50/526/1229 242/456/1229
f 599/522/1230 600/519/1230 50/526/1230
f 600/519/1231 49/518/1231 50/526/1231
f 255/453/1232 601/523/1232 602/525/1232
f 78/529/1233 255/453/1233 602/525/1233
f 78/529/1234 602/525/1234 757/528/1234
f 603/454/1235 255/453/1235 78/529/1235
f 603/454/1236 361/530/1236 756/532/1236
f 256/531/1237 603/454/1237 756/532/1237
f 257/534/1238 234/439/1238 256/531/1238
f 234/439/1239 603/454/1239 256/531/1239
f 82/536/1240 80/535/1240 81/879/1240
f 228/425/1241 257/534/1241 80/535/1241
f 81/879/1242 80/535/1242 360/880/1242
f 217/399/1243 82/536/1243 83/537/1243
f 85/538/1244 605/400/1244 350/834/1244
f 605/400/1245 83/537/1245 84/878/1245
f 350/834/1246 605/400/1246 84/878/1246
f 606/539/1247 85/538/1247 753/875/1247
f 652/1105/1248 609/542/1248 608/541/1248
f 258/664/1249 609/542/1249 652/1105/1249
f 258/664/1250 611/545/1250 609/542/1250
f 611/545/1251 619/544/1251 618/540/1251
f 611/545/1252 618/540/1252 609/542/1252
f 259/548/1253 612/550/1253 610/543/1253
f 610/543/1254 613/551/1254 264/547/1254
f 613/551/1255 620/553/1255 264/547/1255
f 612/550/1256 614/552/1256 613/551/1256
f 614/552/1257 615/558/1257 262/555/1257
f 260/557/1258 616/560/1258 615/558/1258
f 659/559/1259 21/570/1259 616/560/1259
f 659/559/1260 617/571/1260 21/570/1260
f 608/541/1261 263/562/1261 309/696/1261
f 608/541/1262 618/540/1262 263/562/1262
f 618/540/1263 623/565/1263 624/561/1263
f 618/540/1264 619/544/1264 623/565/1264
f 264/547/1265 265/566/1265 626/564/1265
f 266/586/1266 267/585/1266 265/566/1266
f 620/553/1267 266/586/1267 265/566/1267
f 265/566/1268 267/585/1268 625/567/1268
f 262/555/1269 628/569/1269 261/554/1269
f 261/554/1270 628/569/1270 266/586/1270
f 261/554/1271 266/586/1271 620/553/1271
f 615/558/1272 621/568/1272 262/555/1272
f 616/560/1273 621/568/1273 615/558/1273
f 621/568/1274 270/589/1274 628/569/1274
f 21/570/1275 268/572/1275 621/568/1275
f 622/575/1276 271/578/1276 268/576/1276
f 308/563/1277 624/561/1277 678/581/1277
f 626/564/1278 627/582/1278 623/565/1278
f 267/585/1279 266/586/1279 269/583/1279
f 628/569/1280 270/589/1280 629/588/1280
f 629/588/1281 630/590/1281 22/592/1281
f 631/593/1282 636/610/1282 273/591/1282
f 621/568/1283 631/593/1283 270/589/1283
f 271/578/1284 277/611/1284 274/594/1284
f 271/578/1285 300/577/1285 277/611/1285
f 632/597/1286 279/1106/1286 677/694/1286
f 275/580/1287 632/597/1287 677/694/1287
f 627/582/1288 633/584/1288 272/579/1288
f 269/583/1289 639/620/1289 633/584/1289
f 632/597/1290 633/584/1290 638/619/1290
f 634/587/1291 280/604/1291 269/583/1291
f 630/590/1292 635/605/1292 22/592/1292
f 636/596/1293 281/612/1293 283/1107/1293
f 274/594/1294 277/611/1294 636/596/1294
f 278/613/1295 667/615/1295 637/614/1295
f 279/1106/1296 638/619/1296 677/694/1296
f 640/617/1297 290/641/1297 643/618/1297
f 643/618/1298 675/639/1298 306/692/1298
f 638/619/1299 643/618/1299 306/692/1299
f 677/694/1300 638/619/1300 306/692/1300
f 633/1108/1301 639/1109/1301 640/1110/1301
f 639/602/1302 282/623/1302 644/643/1302
f 640/617/1303 644/621/1303 290/641/1303
f 280/601/1304 641/622/1304 639/602/1304
f 280/601/1305 276/609/1305 641/622/1305
f 283/607/1306 647/627/1306 635/605/1306
f 635/605/1307 647/627/1307 284/624/1307
f 281/1111/1308 285/629/1308 283/607/1308
f 642/616/1309 287/655/1309 286/630/1309
f 637/614/1310 642/616/1310 281/612/1310
f 281/612/1311 286/630/1311 285/654/1311
f 646/645/1312 294/652/1312 293/124/1312
f 641/622/1313 646/645/1313 282/623/1313
f 282/1112/1314 293/647/1314 645/640/1314
f 647/1113/1315 649/649/1315 648/651/1315
f 649/649/1316 669/685/1316 303/650/1316
f 285/654/1317 649/649/1317 647/1113/1317
f 286/630/1318 291/656/1318 650/653/1318
f 287/655/1319 295/684/1319 291/656/1319
f 287/655/1320 301/680/1320 295/684/1320
f 301/680/1321 292/683/1321 295/684/1321
f 297/658/1322 679/1114/1322 651/527/1322
f 602/1115/1323 296/1116/1323 297/1117/1323
f 296/1116/1324 298/663/1324 297/1117/1324
f 298/663/1325 652/1105/1325 297/1117/1325
f 50/666/1326 298/663/1326 296/1116/1326
f 298/663/1327 258/664/1327 652/1105/1327
f 652/1105/1328 608/541/1328 297/1117/1328
f 50/666/1329 299/662/1329 298/663/1329
f 48/667/1330 654/549/1330 299/662/1330
f 47/668/1331 259/548/1331 654/549/1331
f 655/669/1332 656/556/1332 259/548/1332
f 657/512/1333 260/557/1333 614/552/1333
f 657/512/1334 614/552/1334 656/556/1334
f 46/508/1335 658/670/1335 260/557/1335
f 658/670/1336 659/559/1336 260/557/1336
f 660/507/1337 661/671/1337 658/670/1337
f 1/506/1338 662/672/1338 660/507/1338
f 662/1064/1339 45/1062/1339 663/574/1339
f 45/1062/1340 664/1118/1340 663/574/1340
f 664/1118/1341 665/673/1341 663/574/1341
f 663/574/1342 665/673/1342 622/575/1342
f 43/677/1343 42/1058/1343 667/615/1343
f 42/1058/1344 41/679/1344 667/615/1344
f 4/678/1345 43/677/1345 278/613/1345
f 667/615/1346 41/679/1346 287/655/1346
f 667/615/1347 287/655/1347 642/616/1347
f 301/680/1348 823/1119/1348 292/683/1348
f 292/683/1349 823/1119/1349 40/681/1349
f 295/684/1350 39/130/1350 668/657/1350
f 649/649/1351 650/653/1351 669/685/1351
f 303/650/1352 3/125/1352 36/127/1352
f 669/685/1353 37/128/1353 3/125/1353
f 294/652/1354 36/127/1354 293/124/1354
f 645/640/1355 670/648/1355 304/644/1355
f 304/644/1356 670/648/1356 672/687/1356
f 670/648/1357 140/1120/1357 672/687/1357
f 289/1121/1358 671/632/1358 305/686/1358
f 289/1122/1359 305/688/1359 676/690/1359
f 673/113/1360 72/689/1360 34/114/1360
f 675/639/1361 676/690/1361 674/693/1361
f 675/639/1362 288/638/1362 676/690/1362
f 759/888/1363 306/692/1363 674/693/1363
f 288/638/1364 289/1122/1364 676/690/1364
f 760/890/1365 674/693/1365 72/689/1365
f 677/694/1366 306/692/1366 307/1123/1366
f 73/887/1367 307/1123/1367 306/692/1367
f 759/888/1368 73/887/1368 306/692/1368
f 678/581/1369 275/580/1369 677/694/1369
f 73/887/1370 677/694/1370 307/1123/1370
f 73/887/1371 74/695/1371 677/694/1371
f 308/563/1372 74/695/1372 75/885/1372
f 308/563/1373 678/581/1373 74/695/1373
f 76/697/1374 308/563/1374 75/885/1374
f 297/1117/1375 608/541/1375 679/659/1375
f 310/698/1376 313/704/1376 688/699/1376
f 310/698/1377 353/703/1377 313/704/1377
f 313/704/1378 689/702/1378 688/699/1378
f 353/703/1379 311/843/1379 681/700/1379
f 313/704/1380 681/700/1380 689/702/1380
f 311/843/1381 354/844/1381 681/700/1381
f 354/844/1382 312/705/1382 681/700/1382
f 317/701/1383 682/706/1383 318/708/1383
f 312/705/1384 314/715/1384 682/706/1384
f 682/1124/1385 314/710/1385 684/712/1385
f 681/1125/1386 312/1126/1386 317/1127/1386
f 314/715/1387 738/714/1387 683/716/1387
f 683/1128/1388 315/739/1388 319/1129/1388
f 738/1130/1389 739/722/1389 685/718/1389
f 316/719/1390 739/722/1390 687/1131/1390
f 316/719/1391 695/1132/1391 323/721/1391
f 683/1133/1392 685/718/1392 315/720/1392
f 686/1134/1393 695/1132/1393 687/1131/1393
f 316/719/1394 687/1131/1394 695/1132/1394
f 739/722/1395 740/1135/1395 687/1131/1395
f 741/1136/1396 687/1131/1396 740/1135/1396
f 741/1137/1397 686/1138/1397 687/1139/1397
f 686/1140/1398 325/860/1398 695/742/1398
f 320/889/1399 688/699/1399 321/724/1399
f 688/699/1400 689/702/1400 690/728/1400
f 321/724/1401 688/699/1401 690/728/1401
f 692/1141/1402 322/753/1402 327/755/1402
f 701/733/1403 319/717/1403 694/760/1403
f 318/708/1404 684/707/1404 319/717/1404
f 319/1129/1405 315/739/1405 693/741/1405
f 319/717/1406 703/736/1406 694/760/1406
f 319/717/1407 693/734/1407 703/736/1407
f 23/738/1408 324/737/1408 705/743/1408
f 697/726/1409 699/746/1409 709/748/1409
f 320/889/1410 321/724/1410 697/726/1410
f 697/726/1411 698/725/1411 699/746/1411
f 699/746/1412 700/745/1412 707/747/1412
f 700/731/1413 329/775/1413 708/1142/1413
f 700/1143/1414 708/1144/1414 707/1145/1414
f 690/730/1415 692/1146/1415 329/775/1415
f 700/731/1416 690/730/1416 329/775/1416
f 327/755/1417 701/754/1417 702/756/1417
f 694/760/1418 704/759/1418 713/762/1418
f 702/1147/1419 713/1148/1419 714/1149/1419
f 23/738/1420 705/743/1420 706/761/1420
f 703/736/1421 23/738/1421 706/761/1421
f 331/768/1422 332/772/1422 337/769/1422
f 696/771/1423 697/726/1423 332/772/1423
f 697/726/1424 709/748/1424 332/772/1424
f 707/747/1425 711/774/1425 715/782/1425
f 709/748/1426 707/747/1426 715/782/1426
f 708/773/1427 710/781/1427 711/774/1427
f 337/769/1428 709/748/1428 715/782/1428
f 711/774/1429 710/781/1429 718/778/1429
f 708/1142/1430 329/775/1430 710/777/1430
f 329/1150/1431 330/783/1431 712/780/1431
f 712/780/1432 333/784/1432 721/1151/1432
f 718/778/1433 712/780/1433 721/1151/1433
f 714/1149/1434 713/1148/1434 334/794/1434
f 338/814/1435 714/786/1435 340/788/1435
f 713/1148/1436 704/792/1436 334/794/1436
f 333/784/1437 714/785/1437 338/809/1437
f 334/794/1438 335/793/1438 722/1152/1438
f 704/792/1439 706/1153/1439 335/793/1439
f 722/790/1440 335/1154/1440 750/798/1440
f 336/770/1441 337/769/1441 716/802/1441
f 337/769/1442 715/782/1442 716/802/1442
f 716/802/1443 715/782/1443 719/808/1443
f 716/1155/1444 719/803/1444 346/805/1444
f 715/782/1445 717/779/1445 719/808/1445
f 719/803/1446 720/813/1446 726/804/1446
f 718/778/1447 721/1151/1447 343/807/1447
f 721/1151/1448 333/784/1448 339/810/1448
f 343/807/1449 721/1151/1449 339/810/1449
f 343/811/1450 339/835/1450 347/833/1450
f 338/814/1451 340/788/1451 344/815/1451
f 344/817/1452 722/790/1452 723/799/1452
f 723/818/1453 750/797/1453 341/870/1453
f 723/818/1454 341/870/1454 731/819/1454
f 724/1156/1455 725/829/1455 345/826/1455
f 342/801/1456 716/802/1456 724/821/1456
f 725/829/1457 346/805/1457 727/830/1457
f 725/825/1458 716/802/1458 346/1157/1458
f 726/804/1459 720/813/1459 729/812/1459
f 346/805/1460 728/832/1460 727/830/1460
f 728/832/1461 349/831/1461 754/877/1461
f 339/816/1462 344/815/1462 730/838/1462
f 347/833/1463 730/836/1463 351/840/1463
f 347/833/1464 351/840/1464 350/834/1464
f 729/812/1465 347/833/1465 350/834/1465
f 731/819/1466 341/870/1466 359/354/1466
f 730/838/1467 732/837/1467 352/873/1467
f 344/815/1468 731/841/1468 732/837/1468
f 72/689/1469 761/691/1469 760/890/1469
f 161/115/1470 733/189/1470 734/842/1470
f 673/113/1471 161/115/1471 761/691/1471
f 734/842/1472 733/189/1472 310/698/1472
f 733/189/1473 29/191/1473 353/703/1473
f 29/191/1474 30/847/1474 354/844/1474
f 354/844/1475 30/847/1475 735/845/1475
f 354/844/1476 735/845/1476 312/705/1476
f 735/845/1477 736/713/1477 314/715/1477
f 30/847/1478 31/848/1478 355/846/1478
f 31/848/1479 2/1158/1479 737/849/1479
f 355/846/1480 737/849/1480 738/714/1480
f 737/849/1481 356/1159/1481 740/1160/1481
f 737/849/1482 740/1160/1482 739/1161/1482
f 738/714/1483 737/849/1483 739/1161/1483
f 2/1158/1484 356/1159/1484 737/849/1484
f 356/1159/1485 741/1162/1485 740/1160/1485
f 2/1158/1486 32/1163/1486 356/1159/1486
f 32/178/1487 33/175/1487 356/851/1487
f 356/1164/1488 743/855/1488 741/856/1488
f 743/855/1489 33/852/1489 742/853/1489
f 744/857/1490 325/859/1490 686/854/1490
f 51/373/1491 52/369/1491 744/857/1491
f 744/857/1492 745/368/1492 325/859/1492
f 745/368/1493 746/861/1493 326/858/1493
f 328/765/1494 746/861/1494 357/862/1494
f 326/858/1495 746/861/1495 328/765/1495
f 53/366/1496 747/364/1496 357/862/1496
f 328/765/1497 357/862/1497 748/866/1497
f 748/866/1498 747/364/1498 749/365/1498
f 540/362/1499 54/360/1499 749/365/1499
f 54/360/1500 55/359/1500 751/871/1500
f 341/870/1501 751/869/1501 359/354/1501
f 752/350/1502 202/288/1502 86/1165/1502
f 732/837/1503 359/351/1503 752/350/1503
f 351/840/1504 352/839/1504 12/874/1504
f 352/839/1505 86/872/1505 12/874/1505
f 350/834/1506 753/875/1506 85/538/1506
f 81/879/1507 754/877/1507 83/537/1507
f 754/877/1508 350/834/1508 84/878/1508
f 81/879/1509 83/537/1509 82/536/1509
f 360/880/1510 727/830/1510 81/879/1510
f 755/827/1511 727/830/1511 360/880/1511
f 755/827/1512 360/880/1512 79/533/1512
f 345/826/1513 727/830/1513 755/827/1513
f 362/881/1514 348/828/1514 756/532/1514
f 348/828/1515 755/827/1515 756/532/1515
f 756/532/1516 755/827/1516 79/533/1516
f 757/528/1517 361/530/1517 78/529/1517
f 680/660/1518 342/801/1518 11/882/1518
f 680/660/1519 77/800/1519 363/884/1519
f 363/884/1520 77/800/1520 342/801/1520
f 758/886/1521 696/771/1521 331/768/1521
f 74/695/1522 73/887/1522 758/886/1522
f 320/889/1523 697/726/1523 696/771/1523
f 759/888/1524 688/699/1524 320/889/1524
f 760/890/1525 761/691/1525 759/888/1525
f 762/893/1526 830/914/1526 832/1063/1526
f 364/993/1527 762/893/1527 832/1063/1527
f 811/897/1528 765/900/1528 770/896/1528
f 811/897/1529 770/896/1529 763/891/1529
f 765/900/1530 772/922/1530 770/896/1530
f 813/906/1531 767/904/1531 766/901/1531
f 765/900/1532 766/901/1532 24/920/1532
f 766/901/1533 767/904/1533 24/920/1533
f 768/902/1534 365/909/1534 367/912/1534
f 814/907/1535 768/902/1535 767/904/1535
f 768/902/1536 367/912/1536 25/903/1536
f 368/911/1537 401/1008/1537 775/927/1537
f 769/915/1538 373/1166/1538 372/916/1538
f 772/922/1539 778/921/1539 771/918/1539
f 770/896/1540 772/922/1540 771/918/1540
f 765/900/1541 24/920/1541 772/922/1541
f 767/904/1542 773/923/1542 24/920/1542
f 773/923/1543 370/924/1543 778/921/1543
f 24/920/1544 773/923/1544 778/921/1544
f 367/912/1545 26/926/1545 370/924/1545
f 25/903/1546 370/924/1546 773/923/1546
f 401/1008/1547 369/1167/1547 775/927/1547
f 368/911/1548 775/927/1548 367/912/1548
f 369/1167/1549 371/928/1549 775/927/1549
f 774/925/1550 371/928/1550 783/942/1550
f 373/919/1551 776/932/1551 372/1168/1551
f 372/1168/1552 777/946/1552 409/1056/1552
f 776/929/1553 376/935/1553 777/930/1553
f 778/921/1554 374/941/1554 779/936/1554
f 779/936/1555 374/941/1555 27/937/1555
f 778/921/1556 779/936/1556 771/918/1556
f 370/924/1557 780/956/1557 374/941/1557
f 370/924/1558 781/938/1558 780/956/1558
f 781/938/1559 786/940/1559 780/956/1559
f 371/928/1560 375/1169/1560 783/942/1560
f 375/1169/1561 403/958/1561 783/942/1561
f 378/945/1562 827/947/1562 826/1054/1562
f 777/946/1563 378/945/1563 409/1056/1563
f 376/951/1564 784/949/1564 379/944/1564
f 377/933/1565 27/937/1565 784/949/1565
f 380/948/1566 792/954/1566 384/950/1566
f 27/937/1567 793/955/1567 792/954/1567
f 785/953/1568 786/940/1568 381/966/1568
f 786/940/1569 787/970/1569 381/966/1569
f 786/940/1570 382/957/1570 787/970/1570
f 382/957/1571 796/971/1571 787/970/1571
f 782/939/1572 788/943/1572 786/940/1572
f 783/942/1573 789/959/1573 382/957/1573
f 403/958/1574 383/1170/1574 789/959/1574
f 383/1170/1575 797/977/1575 789/959/1575
f 382/957/1576 789/959/1576 796/971/1576
f 384/950/1577 790/1171/1577 827/947/1577
f 827/1049/1578 790/960/1578 791/1048/1578
f 790/960/1579 799/962/1579 791/1048/1579
f 792/954/1580 793/955/1580 790/1171/1580
f 790/1171/1581 793/955/1581 386/964/1581
f 384/950/1582 792/954/1582 790/1171/1582
f 794/967/1583 387/965/1583 793/955/1583
f 794/967/1584 802/969/1584 387/965/1584
f 785/953/1585 381/966/1585 793/955/1585
f 381/966/1586 787/970/1586 794/967/1586
f 795/968/1587 805/1172/1587 802/969/1587
f 802/969/1588 805/1172/1588 389/981/1588
f 797/977/1589 798/1173/1589 391/973/1589
f 791/1048/1590 799/962/1590 388/979/1590
f 388/979/1591 393/978/1591 822/1046/1591
f 386/961/1592 801/980/1592 799/962/1592
f 386/961/1593 800/1174/1593 801/980/1593
f 800/1174/1594 820/1043/1594 801/980/1594
f 820/1042/1595 800/963/1595 408/1041/1595
f 802/969/1596 389/981/1596 800/963/1596
f 800/963/1597 803/982/1597 408/1041/1597
f 389/981/1598 805/1172/1598 390/983/1598
f 804/972/1599 391/973/1599 392/985/1599
f 805/976/1600 804/975/1600 392/1032/1600
f 805/976/1601 392/1032/1601 407/1034/1601
f 390/983/1602 805/1172/1602 407/1028/1602
f 391/973/1603 798/1173/1603 806/984/1603
f 798/1173/1604 807/988/1604 806/984/1604
f 1/1175/1605 808/1176/1605 662/1064/1605
f 808/1176/1606 831/1060/1606 662/1064/1606
f 808/990/1607 395/895/1607 364/993/1607
f 88/991/1608 394/497/1608 808/990/1608
f 13/995/1609 764/894/1609 395/895/1609
f 395/895/1610 762/893/1610 364/993/1610
f 809/489/1611 811/897/1611 810/898/1611
f 13/995/1612 809/489/1612 810/898/1612
f 812/996/1613 813/906/1613 396/899/1613
f 809/489/1614 812/996/1614 811/897/1614
f 809/489/1615 89/491/1615 812/996/1615
f 812/996/1616 397/905/1616 813/906/1616
f 90/997/1617 814/907/1617 397/905/1617
f 14/484/1618 398/483/1618 90/486/1618
f 91/485/1619 399/1000/1619 398/483/1619
f 399/1000/1620 401/1004/1620 816/1001/1620
f 400/1003/1621 402/1006/1621 401/1004/1621
f 532/326/1622 402/1006/1622 400/1003/1622
f 532/326/1623 531/325/1623 402/1006/1623
f 369/1167/1624 530/1177/1624 371/928/1624
f 530/1177/1625 375/1169/1625 371/928/1625
f 402/1006/1626 530/1005/1626 369/1007/1626
f 383/1015/1627 10/1178/1627 385/1016/1627
f 385/1020/1628 807/1179/1628 798/1021/1628
f 817/1014/1629 404/986/1629 807/988/1629
f 404/1023/1630 524/220/1630 405/1025/1630
f 524/220/1631 523/310/1631 405/1025/1631
f 406/1180/1632 405/1025/1632 70/150/1632
f 806/984/1633 405/987/1633 406/989/1633
f 70/150/1634 405/1025/1634 145/151/1634
f 819/1040/1635 68/1038/1635 456/141/1635
f 456/141/1636 68/1038/1636 458/144/1636
f 821/140/1637 819/1044/1637 144/1071/1637
f 801/980/1638 820/1043/1638 821/140/1638
f 393/978/1639 801/980/1639 454/135/1639
f 824/1045/1640 393/978/1640 454/135/1640
f 822/1046/1641 40/681/1641 823/1119/1641
f 822/1046/1642 824/1045/1642 40/681/1642
f 825/1047/1643 822/1046/1643 823/1119/1643
f 822/1046/1644 393/978/1644 824/1045/1644
f 791/1181/1645 825/1182/1645 823/1183/1645
f 791/1048/1646 388/979/1646 825/1047/1646
f 791/1048/1647 823/1119/1647 301/680/1647
f 42/1058/1648 826/1050/1648 41/679/1648
f 827/1049/1649 791/1048/1649 41/679/1649
f 4/678/1650 828/1059/1650 43/677/1650
f 409/1056/1651 378/945/1651 828/1055/1651
f 372/916/1652 409/1184/1652 4/678/1652
f 830/917/1653 4/678/1653 44/676/1653
f 830/917/1654 372/916/1654 4/678/1654
f 832/1061/1655 830/917/1655 664/1118/1655
f 664/1118/1656 44/676/1656 829/674/1656
f 664/1118/1657 830/917/1657 44/676/1657
f 664/1118/1658 829/674/1658 665/673/1658
f 832/1061/1659 664/1118/1659 45/1062/1659
