# Blender 4.0.0
# www.blender.org
o debris_3
v -1.613241 -0.782546 1.137464
v -1.271346 -1.073685 0.186737
v -1.677982 -0.143767 0.016543
v -1.533215 0.462818 -0.595450
v 0.126651 1.041235 1.409676
v -0.531378 -1.430559 1.276325
v 1.030653 -1.317334 -0.383671
v 1.695869 1.320035 -0.248175
v 1.771516 -0.421646 -0.406700
v 1.052181 0.304689 1.377089
v 1.156757 -0.712735 1.263206
v -1.014620 0.767496 0.480780
v -0.347638 1.234246 0.383576
v -0.120914 -0.943412 1.629569
v 0.001831 -1.752187 0.635993
v 0.476218 1.831771 -0.734558
v 0.829890 1.556278 0.041232
v 1.720318 -0.692000 0.462557
v 1.515273 -0.820195 -0.233083
v 0.843575 -0.027196 -0.726039
v 1.030555 -0.079912 -0.711708
v 1.749742 0.629978 0.079101
v -1.441385 -1.017748 -0.420130
v -0.097518 0.174562 -1.607685
v -0.444924 1.351002 -0.504025
v -0.354956 1.308244 -0.323482
v 0.941795 1.210718 0.718570
v -1.507498 -1.022203 1.003745
v -1.560700 -0.898279 0.869284
v -1.376789 -1.090614 0.656328
v -1.319917 -1.036405 0.475581
v -1.209903 -1.259286 0.123865
v -1.308582 -1.286964 -0.211692
v -1.072023 -1.352097 -0.531986
v -0.788090 -1.182283 -0.667143
v -1.675860 -0.724083 0.938547
v -1.193173 0.613785 -0.743467
v -1.396960 -1.025295 1.318390
v -1.558567 -0.700441 1.371869
v -0.376720 0.465064 1.626620
v 0.072739 0.786068 1.510775
v 0.369900 0.819009 1.520320
v 0.719274 0.986221 1.166231
v 0.911382 1.186867 1.046040
v -0.621483 1.102436 -1.524107
v -0.078111 1.227277 -1.789654
v 0.214996 1.109729 -1.717293
v 0.516311 0.993547 -1.661533
v -0.341654 -1.219284 -1.062854
v 0.147168 -1.301569 -0.972766
v 0.375864 -1.290795 -1.016493
v 0.528884 -1.329573 -1.075080
v 0.859185 -1.368287 -1.049607
v -0.984477 -1.391610 1.384095
v 0.488512 -1.114073 1.039423
v 0.669640 -1.198051 0.915315
v 0.804167 -1.239738 0.856090
v 1.105991 -1.112547 -0.336331
v 1.025709 -1.377119 -0.198647
v 1.086705 -1.429309 0.299578
v 1.134380 -1.384138 0.514952
v 1.081859 -1.414596 0.749454
v 1.688176 1.472521 -0.450719
v 1.580471 1.440101 -0.677355
v 1.406097 1.113016 -1.165418
v 1.473152 0.832586 0.957464
v 1.765486 0.498908 0.554860
v 1.734881 0.293109 0.269076
v 1.647870 -0.070757 -0.057651
v 1.492980 -0.627496 -0.580584
v 1.388659 0.446794 1.320662
v 1.051223 -0.070528 1.284072
v -1.190942 -0.181072 1.077179
v -0.906477 0.082257 1.249149
v -0.725405 0.591117 1.121992
v -0.817339 0.577264 0.936817
v -1.076905 -0.084133 0.800900
v -0.894750 0.286092 0.814316
v -1.050227 0.361264 0.580978
v -0.220964 1.190432 0.475748
v -0.128184 1.217679 0.659066
v -0.602684 1.035959 0.635158
v -0.510649 0.916001 0.218298
v -0.684171 0.853760 0.392722
v -0.581464 0.991350 1.115841
v -0.672486 0.964292 0.929405
v -1.385019 0.632628 -0.026819
v -1.453147 0.731458 -0.240193
v -0.765161 0.937946 -0.414908
v -0.915348 0.767769 -0.229970
v -1.142468 0.736213 -0.169585
v -0.651771 0.770715 -0.217510
v -1.190411 0.692245 0.291126
v -0.567827 0.926476 -0.337629
v -0.765251 0.785624 0.135509
v -0.850179 0.742398 -0.020687
v -1.256280 0.279156 0.464071
v -0.850375 0.785954 0.340127
v -1.079198 0.606412 0.462124
v -1.329925 -0.357092 1.254510
v -1.038161 -0.197247 1.516611
v -1.592717 -0.515130 0.946274
v 0.655128 1.198079 0.846428
v -0.137197 1.459904 0.189384
v -0.251445 0.843985 1.426927
v -0.973302 0.636535 -0.897377
v -1.364561 0.658509 -0.551997
v -1.565688 0.179405 0.093807
v -0.927116 0.782732 -0.770725
v -0.483931 -1.196107 1.577294
v -0.990064 -0.523091 1.772924
v 0.195490 -1.008467 1.360990
v -0.628424 -0.676597 1.874259
v -0.221102 -0.750180 1.729114
v -0.304066 -0.954980 1.697259
v -0.306559 -0.410221 1.842707
v -0.156178 -0.412902 1.757945
v -0.198638 -0.580990 1.808926
v 0.756547 -0.874904 1.187116
v 0.747915 -0.688885 1.211527
v 0.696006 -0.255895 1.273934
v 0.596389 -0.934543 1.165142
v 0.260482 -0.865766 1.285781
v 0.429307 -0.618654 1.191658
v 0.543291 -0.282155 1.350134
v 0.489011 -0.394900 1.384853
v 0.450348 0.478148 1.568441
v 0.179394 0.349222 1.588030
v 0.871878 0.569762 1.529243
v 0.521850 0.256705 1.504081
v -0.033271 0.022106 1.746518
v 0.809744 0.226064 1.398847
v 0.452111 0.019580 1.459110
v 0.323465 -0.229114 1.554183
v 0.432762 -0.146765 1.439815
v 0.138269 -0.232271 1.702591
v 0.104217 -1.197272 1.357440
v 0.237828 -0.677544 1.319697
v 0.374180 -0.539805 1.271158
v 0.619450 -0.134062 1.304255
v -0.023449 -0.507604 1.645573
v 0.184386 -0.446603 1.535308
v -0.806995 -1.222194 1.478142
v -0.294482 -1.202761 1.672709
v -0.061540 -1.354621 1.448522
v -1.088455 -0.899241 1.576177
v -0.577038 -0.046727 1.632101
v 0.908326 -1.090538 0.925913
v 0.932464 -0.606443 1.312886
v 0.648793 0.874007 1.299981
v 0.641046 0.680608 1.505482
v 0.212543 0.551359 1.569252
v -0.058760 0.408657 1.616758
v -0.452714 0.102469 1.642416
v -0.256655 0.257325 1.769276
v -0.238433 0.119918 1.788779
v 0.922076 0.675951 1.375758
v -1.102177 -1.336109 0.752230
v -1.082671 -1.275123 0.584988
v -1.059521 -1.740944 -0.126245
v -0.763728 -1.638397 -0.608698
v -0.944671 -1.450187 1.090548
v -0.961697 -1.638938 0.292384
v -0.348126 -1.423928 -0.871861
v -0.613807 -1.776893 -0.436731
v -0.467845 -1.614105 -0.642136
v -0.590896 -1.452203 0.979387
v -0.578375 -1.344092 0.512518
v -0.776515 -1.641229 0.225416
v -0.389393 -1.407818 0.504853
v -0.467727 -1.713867 0.255496
v -0.483211 -1.603474 0.295776
v -0.239405 -1.756814 -0.014600
v -0.083251 -1.492137 -0.569148
v 0.019272 -1.436837 -0.776991
v -0.053063 -1.770043 -0.081081
v 0.207913 -1.786030 0.376690
v 0.193232 -1.777267 0.050573
v 0.042010 -1.683277 -0.275495
v 0.251318 -1.747271 0.778536
v 0.296546 -1.730478 -0.244271
v 0.416706 -1.703770 -0.428616
v 0.431870 -1.591417 -0.617958
v 0.385639 -1.862410 0.354997
v 0.333638 -1.866640 -0.018722
v 0.573404 -1.745179 0.623798
v 0.595338 -1.936946 0.478322
v 0.733460 -1.886852 -0.066143
v 0.929287 -1.537110 -0.842935
v 0.841708 -1.754401 -0.160878
v 0.712042 -1.720761 0.608496
v 0.866877 -1.839779 0.450762
v 0.927086 -1.730601 0.063639
v -1.301905 -1.178035 0.874934
v -1.119521 -1.565436 -0.010049
v -1.090287 -1.510370 -0.448722
v -0.627225 -1.331524 -0.833252
v -0.266579 -1.434068 -0.763596
v 1.085596 -1.230806 -0.496802
v 1.007332 -1.453672 -0.538648
v 1.046000 -1.447851 -0.015337
v 0.996299 -1.565757 0.656537
v 0.898688 -1.428915 0.782712
v 0.703536 -1.407259 0.800241
v 0.495007 -1.321042 0.894886
v 0.462189 -1.510705 0.843400
v 0.203678 -1.411308 1.107742
v -0.355559 -1.494166 1.172530
v -0.654279 1.342470 -0.908346
v -0.368135 1.518691 -0.518849
v 0.182220 1.640126 -0.435309
v -0.444616 1.600378 -1.111055
v -0.088889 1.583355 -0.724836
v -0.139148 1.655979 -1.141696
v 0.072858 1.625136 -0.654105
v 0.829469 1.304515 0.242769
v 1.228614 1.500085 0.139554
v 0.964324 1.516079 0.101267
v 1.050095 1.667745 -0.184011
v 0.864292 1.583196 -0.192544
v 0.958727 1.707832 -0.303926
v 0.902768 1.828352 -0.417525
v 0.460280 1.636838 -0.136404
v 0.629324 1.880547 -0.593883
v 0.966079 1.762821 -1.324471
v 0.279375 1.574067 -1.604375
v 0.268967 1.724775 -1.243921
v 1.192855 1.757237 -1.149058
v 1.016788 1.896475 -1.014397
v 0.608306 1.829578 -1.057026
v 0.276743 1.712683 -1.082389
v 0.436800 1.800221 -0.955783
v 1.032285 1.974282 -0.684278
v 0.853021 1.998588 -0.667027
v 0.415273 1.764447 -0.556674
v 0.458045 1.817015 -0.428200
v 1.447837 1.691248 -0.537493
v 0.708179 1.927382 -0.852712
v 0.061858 1.717779 -1.090662
v 0.192054 1.639460 -0.746296
v 0.282932 1.712159 -0.593238
v -0.208094 1.409052 -0.074357
v -0.160253 1.592867 -0.178460
v -0.642627 1.211950 -1.095986
v -0.546023 1.307691 -1.434892
v -0.337784 1.232134 -1.776899
v 1.391619 1.380262 0.260090
v 1.373653 1.690028 -0.376365
v 1.298108 1.637025 -0.268143
v 0.470262 1.227559 0.346061
v 0.614098 1.290991 0.200163
v 0.229933 1.521857 0.036947
v 1.218275 1.171189 -1.362587
v 1.224578 1.314379 -1.425688
v 0.852117 1.368339 -1.554192
v 1.522799 1.426238 -0.895307
v 1.402089 1.624886 -1.033848
v 1.343787 -0.930871 -0.310461
v 1.686413 -0.326082 0.120766
v 1.580101 -0.887953 -0.104956
v 1.799788 -0.564546 0.029590
v 1.435177 -0.993899 -0.058105
v 1.706132 -0.522543 0.244025
v 1.589897 -0.876543 0.076550
v 1.720162 -0.718608 0.100911
v 1.451036 -0.109224 0.890158
v 1.647560 0.309316 0.737245
v 1.405376 -0.575142 1.034550
v 1.514359 -0.210580 0.621913
v 1.487090 -0.291915 0.685139
v 1.556965 -0.435722 0.571546
v 1.526520 -0.581976 0.720497
v 1.197200 -1.283447 0.826692
v 1.123444 -1.120270 0.911467
v 1.265660 -1.170994 0.831741
v 1.393180 -1.022419 0.658799
v 1.429313 -0.933110 0.188924
v 1.527876 -0.891761 0.782141
v 1.543706 -0.866213 0.464641
v 1.596760 -0.135762 0.220930
v 1.622470 -0.343336 0.318259
v 1.670170 -0.520321 0.402816
v 1.438318 -0.757495 0.910123
v 1.330396 -1.161071 -0.020580
v 1.794422 -0.519000 -0.241718
v 1.076185 -1.099101 -0.237701
v 1.226764 -1.054573 -0.216079
v 1.383684 0.553581 1.202980
v 1.406495 -0.105176 1.180974
v 1.542149 0.549887 0.878655
v 1.664019 0.324365 0.575177
v 1.624313 0.116599 0.102138
v 1.001637 -1.267146 0.809483
v 1.163804 -1.193946 0.339981
v 1.241174 -1.107003 0.183626
v 0.032586 -0.758824 -1.297186
v 0.999428 0.738245 -1.079618
v 0.468769 -0.341664 -1.214081
v 1.059426 0.573989 -1.026373
v 1.263951 0.941718 -1.166973
v 0.349223 -0.593819 -1.204430
v 0.559885 -0.083468 -0.968600
v 1.237105 0.470627 -0.901085
v 1.287386 0.646163 -0.922887
v 0.318321 -0.939676 -1.343393
v 0.527807 -0.711059 -1.261965
v 0.585786 -0.495968 -1.164125
v 0.668340 -0.024070 -0.778731
v 0.953961 0.332839 -0.874682
v 1.306635 0.303970 -0.812769
v 1.687631 0.972597 -0.762123
v 0.430184 -1.034785 -1.231224
v 1.571154 0.782374 -0.770435
v 1.871681 0.990080 -0.430947
v 0.715415 -1.036926 -1.171749
v 0.911377 -0.383013 -0.853255
v 1.681085 0.424707 -0.614478
v 1.707695 0.588202 -0.566333
v 0.861895 -0.752160 -1.253489
v 1.156357 -0.718571 -1.091905
v 1.176828 0.029888 -0.661499
v 1.584676 0.338436 -0.626411
v 1.909782 0.582000 -0.342371
v 0.922522 -0.956550 -1.158746
v 1.026376 -0.602724 -1.047339
v 1.088808 -0.429446 -0.920314
v 1.562501 0.218751 -0.551257
v 1.850344 0.599508 -0.143270
v 1.459824 -0.024258 -0.557171
v 1.917749 0.459399 -0.223436
v 1.476452 -0.333549 -0.690526
v 1.585713 0.047240 -0.441064
v 1.559162 0.952939 0.418301
v 1.249848 -0.906303 -0.724151
v 1.708370 0.172335 -0.279397
v 1.632234 0.716583 0.392449
v -0.327471 -0.870241 -1.065576
v 0.493837 -0.000871 -1.128218
v 0.644298 0.330418 -0.984892
v 0.754229 0.621490 -1.138516
v 1.069968 0.925628 -1.192430
v 1.589369 1.072314 -0.977365
v 1.526935 0.912439 0.640458
v 1.433583 -0.645915 -0.717372
v 1.058852 -1.130530 -0.958071
v 1.108021 -0.983168 -0.895368
v 0.023218 -1.104235 -1.149927
v -1.363642 -0.012214 -0.608045
v -1.462423 0.115857 -0.911117
v -1.631573 -0.846825 0.429112
v -1.724425 -0.552447 0.145633
v -1.627763 -0.552715 -0.121919
v -0.830631 0.536184 -0.990225
v -1.544222 -0.902910 0.155170
v -1.603081 -0.833075 -0.002335
v -1.423065 -0.460975 -0.288588
v -1.252364 -0.282232 -0.490070
v -1.081686 0.096107 -1.028682
v -0.718717 0.557437 -1.333804
v -1.453105 -1.046547 -0.141205
v -1.517422 -0.651248 -0.315380
v -1.250081 -0.448132 -0.595132
v -0.901314 0.168365 -1.109401
v -0.736516 0.473539 -1.177862
v -0.621678 0.708811 -1.439340
v -1.385576 -0.632805 -0.478666
v -1.146095 -0.195415 -1.074623
v -1.212043 -0.423671 -0.785468
v -0.934081 -0.176020 -1.163041
v -0.502194 0.532071 -1.506902
v -0.269566 0.445168 -1.626130
v -0.588449 0.088556 -1.261086
v -0.442064 0.312204 -1.387360
v -1.026989 -0.673033 -0.649175
v -0.863948 -0.460179 -0.959107
v -0.578982 -0.154622 -1.362878
v 0.124927 0.733682 -1.711907
v -0.881203 -0.570597 -0.795531
v -0.713369 -0.432288 -1.149891
v -0.362361 -0.033341 -1.436188
v -0.167831 -0.054976 -1.412152
v -0.136704 0.053072 -1.628124
v 0.403155 0.825068 -1.613237
v 0.475860 0.717148 -1.405383
v -0.626080 -0.898868 -0.659890
v -0.543115 -0.724427 -0.789720
v 0.121393 0.208829 -1.526678
v 0.247755 0.184849 -1.386711
v 0.592607 0.875276 -1.507347
v -0.107290 -0.373137 -1.150301
v 0.626911 0.677557 -1.223268
v -1.830509 -0.440401 0.325453
v -1.757527 -0.380831 0.043859
v -0.717651 0.814490 -1.315238
v 0.981988 1.098598 -1.457482
v 0.740093 0.833955 -1.360961
v 0.419619 0.268993 -1.255620
v 0.066368 0.034037 -1.474071
v -0.461878 -0.944988 -0.806566
v -0.593261 -1.078721 -0.748670
v -1.519000 -0.936509 0.540155
v -1.744665 -0.662494 0.606287
v -1.280009 -0.250149 0.890158
v -1.480340 -0.219321 0.667234
v -0.962360 0.017991 0.904817
v -0.886333 0.172793 0.992622
v -0.817684 0.352255 1.131320
v -1.341156 -0.102697 0.565810
v -1.383113 0.113618 0.409954
v -1.170236 0.059764 0.548573
v -1.009715 0.080536 0.669282
v -0.893660 0.467176 0.729909
v 0.118768 1.247270 0.814683
v -0.020958 1.163012 0.910706
v -0.361736 1.115495 0.211383
v -0.291410 1.034049 1.036041
v -0.441417 1.106806 0.453438
v -0.406474 1.060528 0.820947
v -0.726042 1.021092 0.823850
v -1.120255 0.720356 -0.690238
v -1.142333 0.831331 -0.427984
v -1.459279 0.503360 -0.340239
v -1.277316 0.773510 -0.357573
v -1.483088 0.334560 -0.018016
v -1.438706 0.501073 0.021441
v -1.333269 0.574908 0.286349
v -0.777154 0.931618 0.732218
v -0.856722 0.734691 0.784366
v -0.431567 0.915903 -0.076255
v -0.561680 0.829139 -0.013198
v -1.604358 0.134731 0.249862
v -1.525042 0.427075 0.239519
v -1.304377 0.392043 0.343413
v -1.027616 0.568694 0.588923
v -0.899961 0.870913 0.584648
v -1.000468 0.720912 0.226982
v -1.483307 -0.536826 1.315815
v -1.223804 -0.287151 1.355709
v -1.052834 -0.093084 1.285189
v -0.916776 0.060670 1.467650
v -0.691575 0.380079 1.470668
v -1.508003 -0.335705 0.821154
v -1.625244 -0.327318 0.653932
v -1.650344 -0.165490 0.488537
v -1.670445 -0.012283 0.307469
v -1.611346 -0.009935 0.121041
v 0.671733 1.221684 1.080118
v 0.384571 1.237436 0.683516
v 0.229406 1.249511 0.451370
v -0.035404 1.364320 0.418541
v -0.330294 1.171112 -0.145736
v -0.237241 1.337357 0.257860
v 0.385532 1.248302 1.109901
v 0.335169 1.090142 1.252674
v 0.010539 1.124426 1.322292
v -0.303101 1.041224 1.294290
v -0.548456 0.906053 1.349082
v -0.562166 0.667591 1.470064
v -0.871430 0.835160 -0.936586
v -1.430992 0.049172 -0.418221
v -1.446822 0.229129 -0.253244
v -0.797936 0.990349 -0.780442
v -0.931684 0.962241 -0.526367
v -0.713264 1.277118 -0.679419
v -0.603867 1.144541 -0.479568
v -0.954181 -0.892407 1.626357
v -0.725769 -0.943470 1.647391
v -0.800675 -0.611753 1.814012
v -0.541352 -1.078556 1.623442
v -0.466780 -0.808161 1.836910
v -0.108436 -1.161667 1.509879
v -0.454556 -0.566864 1.870324
v -0.731781 -0.417878 1.749400
v -0.747358 -0.253855 1.659381
v 0.022161 -0.884818 1.501376
v 0.015431 -0.636207 1.551114
v 0.586674 -0.728024 1.202570
v 0.788999 -0.396205 1.297596
v 0.677693 -0.508668 1.342215
v 0.470285 -0.819481 1.190731
v 0.397666 -1.007693 1.243857
v 0.627743 0.467003 1.494890
v 0.701001 0.359208 1.499622
v 0.175719 0.054022 1.613988
v 0.105700 0.182535 1.658494
v 0.714703 0.028500 1.395616
v 0.235265 -0.077480 1.629152
v -0.444052 -0.254691 1.775824
v -0.236579 -0.199110 1.872509
v -0.231546 -0.105275 1.799181
v 0.255748 -0.519217 1.462624
v 0.072562 -0.338513 1.659973
v 0.373605 -0.356602 1.512658
v -1.261880 -1.051919 1.439759
v -1.404873 -0.838557 1.509732
v -0.595542 -1.364835 1.429414
v -0.309247 -1.430372 1.546100
v -1.149308 -0.553653 1.684018
v -0.881224 -0.073717 1.587357
v 0.936181 -0.953239 1.076701
v 0.952966 -0.771542 1.229173
v 1.136722 -0.358982 1.248067
v 0.997889 -0.416309 1.303009
v 0.697109 -1.052490 1.046834
v 0.357576 -1.276435 1.061360
v 0.295842 -1.117386 1.230385
v 0.128154 -1.311035 1.248613
v 0.995554 0.856721 1.164510
v -0.176891 0.611684 1.569371
v 1.250243 0.479124 1.333349
v 1.020242 0.114825 1.325213
v 0.811317 -0.073410 1.284928
v 0.967981 -0.133506 1.250338
v -1.111244 -1.329025 1.037371
v -1.054800 -1.413602 0.355628
v -0.961596 -1.554766 0.429913
v -0.940944 -1.483765 0.561392
v -0.889984 -1.846393 -0.293244
v -0.910810 -1.713349 0.028169
v -0.784740 -1.812446 -0.427094
v -0.635573 -1.538241 -0.761218
v -0.929612 -1.448789 0.882753
v -0.807102 -1.440922 0.632590
v -0.607672 -1.410386 0.741507
v -0.585553 -1.408050 0.359129
v -0.689699 -1.772805 0.070090
v -0.699493 -1.904703 -0.220054
v -0.403594 -1.821792 -0.217126
v -0.415562 -1.735778 -0.418895
v -0.247342 -1.606349 -0.527968
v -0.167610 -1.482976 -0.675301
v -0.382568 -1.472472 0.669850
v -0.209249 -1.575802 0.712484
v -0.325048 -1.511181 0.468299
v -0.208009 -1.617884 0.457545
v -0.482202 -1.824174 0.042594
v -0.203347 -1.756237 0.274201
v -0.147558 -1.799541 -0.209465
v -0.175202 -1.669215 -0.386191
v 0.030121 -1.468396 -0.526283
v -0.104767 -1.604208 0.785321
v 0.099999 -1.742078 0.875069
v -0.076221 -1.793377 0.365119
v 0.112104 -1.825369 0.536539
v -0.045849 -1.727024 0.122528
v 0.127411 -1.830012 -0.120008
v 0.108700 -1.611795 -0.394557
v 0.172956 -1.515722 -0.507164
v 0.307619 -1.539603 -0.642959
v 0.361880 -1.558564 0.813592
v 0.269604 -1.873358 0.623230
v 0.441490 -1.870728 0.559035
v 0.480811 -1.897570 0.063297
v 0.503484 -1.873785 0.229771
v 0.491898 -1.837920 -0.192505
v 0.608640 -1.875946 -0.100851
v 0.664383 -1.787980 -0.429768
v 0.630635 -1.676381 -0.711198
v 0.643825 -1.578051 0.691656
v 0.747244 -1.945367 0.392448
v 0.684078 -1.970757 0.196267
v 0.817643 -1.846221 0.193374
v 0.734133 -1.860584 -0.270482
v 0.796944 -1.764030 -0.573402
v 0.829452 -1.670558 -0.677231
v -1.365889 -1.090983 1.161407
v -1.251352 -1.138239 0.620633
v -1.126809 -1.142501 0.426272
v -1.209893 -1.467201 -0.038948
v -1.217776 -1.595791 -0.369388
v -1.113888 -1.694166 -0.326657
v -0.892720 -1.524325 -0.633250
v -0.793525 -1.359324 -0.705080
v -0.493399 -1.145001 -0.921026
v -0.463894 -1.344441 -0.931722
v -0.199019 -1.287297 -0.958936
v -0.092536 -1.356234 -0.833451
v 0.200054 -1.384478 -0.811693
v 0.338300 -1.446448 -0.924635
v 0.586194 -1.506740 -0.912512
v 0.737801 -1.293010 -1.118850
v 0.836138 -1.557867 -0.951889
v 1.008912 -1.304321 -0.823641
v 1.102253 -1.196197 -0.693750
v 1.165350 -1.115726 -0.576787
v 0.930501 -1.581394 -0.363520
v 0.975216 -1.575238 -0.171077
v 1.098018 -1.551245 0.167633
v 0.993054 -1.611524 0.030906
v 1.009619 -1.579709 0.428004
v 0.589052 -1.383091 0.830178
v 0.224771 -1.583243 0.931342
v -0.146192 -1.494766 1.358311
v -0.012406 -1.608186 1.092952
v -0.354254 -1.493534 1.009109
v -0.708464 -1.471485 1.147338
v -1.119702 -1.257715 1.380002
v -0.527563 1.582967 -0.897732
v -0.290336 1.568675 -0.747804
v -0.102749 1.559492 -0.459202
v -0.224270 1.619362 -0.980942
v -0.376697 1.637349 -1.297366
v -0.067267 1.624631 -0.885427
v 1.149783 1.590186 -0.037774
v 0.589352 1.479779 0.032285
v 0.662558 1.654419 -0.230747
v 0.684607 1.779588 -0.373375
v 1.291192 1.616892 -1.327146
v 0.733948 1.625170 -1.484496
v 0.447109 1.718470 -1.372730
v 0.587645 1.782954 -1.241064
v 1.112132 1.852579 -0.872220
v 0.836536 1.903129 -1.181527
v 0.083891 1.640668 -0.179395
v 0.262430 1.741576 -0.184798
v 0.338130 1.763840 -0.318122
v 1.191394 1.872558 -0.612071
v -0.100267 1.638324 -1.362908
v 0.268548 1.716013 -0.870230
v 0.352854 1.778677 -0.833553
v -0.785232 1.041561 -0.978463
v -0.754673 1.208075 -0.930577
v -0.609557 1.468451 -0.739493
v -0.681680 1.075773 -1.224615
v -0.535785 1.418198 -1.040270
v -0.528605 1.409126 -1.273846
v -0.432821 1.524456 -1.456159
v -0.377931 1.446080 -1.666806
v -0.077930 1.464393 -1.602085
v 0.160178 1.414595 -1.650233
v 1.346651 1.144027 0.731849
v 0.900312 1.217063 0.520718
v 1.241297 1.256883 0.423020
v 1.053951 1.319515 0.334341
v 1.541225 1.375416 0.071912
v 1.383423 1.488654 -0.075698
v 0.620438 1.212710 0.520508
v 0.708736 1.245378 0.349883
v 0.381380 1.373003 0.190638
v 0.078499 1.398223 0.162392
v -0.090210 1.597176 -0.000157
v 1.088199 1.345779 -1.496659
v 0.643346 1.337451 -1.673169
v 0.361659 1.283133 -1.694904
v 0.516001 1.469566 -1.652868
v 1.443475 1.404490 -1.240336
v 1.462288 1.324115 -1.150602
v 1.376574 1.727745 -0.779716
v 1.706173 -0.451855 0.027317
v 1.791468 -0.588501 -0.122902
v 1.371517 -1.026682 -0.148201
v 1.561178 0.126156 0.901710
v 1.531834 0.049105 0.756882
v 1.394638 -0.340236 1.013178
v 1.472992 -0.376024 0.842785
v 1.519181 -0.075483 0.541286
v 1.559539 -0.253027 0.474223
v 1.572404 -0.567059 0.593853
v 1.406449 -1.019310 0.916942
v 1.254163 -1.188335 0.660792
v 1.319226 -1.022048 0.393583
v 1.343423 -0.802802 1.084118
v 1.503188 -0.884849 0.641531
v 1.491667 -0.913824 0.330031
v 1.363629 -1.000415 0.079037
v 1.640396 -0.764231 0.252430
v 1.720877 -0.659289 0.307229
v 1.625226 -0.800059 0.611960
v 1.671776 -0.796556 0.375060
v 1.190400 -1.072754 -0.440220
v 1.327299 -0.892249 -0.416933
v 1.661549 -0.629127 -0.340812
v 1.483337 -0.737349 -0.446407
v 1.696767 -0.262759 -0.114661
v 1.136587 -1.159176 -0.115759
v 1.210291 -1.214134 -0.043847
v 1.164401 -1.348279 0.077255
v 1.234913 0.779841 1.097248
v 1.453694 0.970894 0.936286
v 1.517263 0.328496 1.204570
v 1.194278 0.083176 1.308041
v 1.399167 0.094199 1.229635
v 1.230027 -0.267977 1.198625
v 1.632475 0.725705 0.779949
v 1.578115 0.367822 0.970611
v 1.613852 0.099239 0.551105
v 1.650663 0.148663 0.297244
v 1.633943 -0.092472 0.125289
v 0.889025 -1.181600 0.893318
v 1.203022 -1.351033 0.664484
v 1.206669 -1.179991 0.490345
v 1.184198 -0.940780 1.006136
v 1.136649 -0.788927 1.149426
v 1.317712 -0.515927 1.181853
v -0.004300 -0.918564 -1.330042
v 0.168781 -0.609981 -1.175870
v 0.250756 -0.424536 -1.194198
v 0.604274 -0.247267 -1.007634
v 0.789086 0.152274 -0.962073
v 0.737995 0.390929 -0.940606
v 0.891101 0.516783 -1.010226
v 0.302503 -0.734116 -1.255405
v 0.680791 -0.589566 -1.182947
v 0.939927 0.181381 -0.864814
v 1.330902 0.832576 -0.965107
v 1.464164 0.929516 -0.955563
v 0.629311 -0.815177 -1.299260
v 0.728317 -0.416258 -1.023154
v 0.710614 -0.191716 -0.820527
v 1.041252 0.114265 -0.750606
v 1.370251 0.491220 -0.811707
v 1.489661 0.499772 -0.758452
v 1.781017 1.011607 -0.617332
v 0.863932 -0.586721 -1.098755
v 1.069992 -0.282900 -0.787703
v 1.336488 0.159415 -0.706333
v 1.793896 0.828695 -0.478182
v 1.913120 0.899777 -0.317564
v 1.065162 -0.954566 -1.037496
v 1.257995 -0.750304 -0.857023
v 1.259927 -0.473249 -0.837026
v 1.318679 -0.060814 -0.626114
v 1.302014 -0.235304 -0.693372
v 1.800553 0.404742 -0.437599
v 1.806950 0.799363 -0.103833
v 1.766319 0.909562 0.095477
v 1.411371 -0.534754 -0.873081
v 1.582311 -0.481670 -0.725816
v 1.550207 -0.202591 -0.496913
v 1.662619 0.261438 -0.419300
v 1.817027 0.333352 -0.258409
v 1.868447 0.460961 0.007254
v 1.667398 0.854739 0.244319
v -0.428220 -1.032351 -0.976072
v -0.308694 -1.052261 -1.096004
v -0.263467 -0.705924 -1.197293
v -0.157144 -0.745207 -1.225907
v 0.069115 -0.454833 -1.129949
v 0.218809 -0.179368 -1.301315
v 0.356497 -0.216846 -1.241247
v 0.586465 0.087705 -1.117299
v 0.553573 0.305863 -1.099522
v 1.629867 1.119129 -0.866745
v 1.779908 1.132790 -0.544113
v 1.768452 1.158152 -0.245458
v 1.828716 1.077654 -0.041961
v 1.705713 1.091682 0.133560
v 1.590576 1.100291 0.253114
v 1.537363 1.081343 0.469800
v 1.661130 0.599185 0.477614
v 1.837128 0.461911 0.221480
v 1.702303 0.185568 -0.064599
v 1.680400 -0.261056 -0.404684
v 1.689962 -0.117540 -0.304383
v 1.648988 -0.479080 -0.564119
v 1.319589 -0.872452 -0.547018
v 1.174368 -1.024833 -0.637800
v 0.903666 -1.222970 -1.138977
v 0.221156 -1.130785 -1.163769
v 0.556474 -1.157017 -1.213963
v -0.166264 -1.041471 -1.182670
v -1.686978 -0.735368 0.170436
v -1.302658 -0.153622 -0.443839
v -1.335779 -0.177523 -0.331070
v -1.308272 -0.044301 -1.001283
v -1.276427 -0.119378 -0.797670
v -1.156150 0.236344 -1.032466
v -0.853881 0.636142 -1.088995
v -1.208723 -0.243741 -0.819050
v -0.982786 -0.060208 -1.081463
v -0.755879 0.332357 -1.086429
v -1.512201 -0.929113 -0.287606
v -1.434427 -0.783045 -0.506732
v -1.247655 -0.603343 -0.715451
v -1.120870 -0.580581 -0.769022
v -0.953851 -0.316310 -0.946957
v -0.841072 -0.057268 -1.167207
v -0.744679 0.237930 -1.138355
v -0.828641 -0.342207 -1.057298
v -0.322092 0.080011 -1.465655
v -0.146712 0.298634 -1.647131
v -0.096385 0.493836 -1.766387
v 0.092213 0.572437 -1.677688
v -1.089403 -0.882973 -0.554961
v -0.761000 -0.795288 -0.610963
v -0.708989 -0.597181 -0.825143
v -0.661069 -0.321174 -1.209719
v -0.490306 -0.242829 -1.217056
v 0.106194 0.387253 -1.545189
v 0.399247 0.736853 -1.500948
v -0.588602 -0.623810 -0.938617
v -0.590947 -0.483790 -1.114864
v -0.376425 -0.603943 -1.121776
v -0.155242 -0.202907 -1.212589
v -0.311709 -0.338363 -1.120689
v 0.315421 0.497604 -1.427563
v 0.428562 0.402901 -1.320912
v 0.482427 0.545755 -1.255879
v -1.676526 -0.791277 0.727498
v -1.806082 -0.625062 0.397524
v -1.838494 -0.253484 0.268299
v -1.511546 0.053718 -0.038685
v -1.468637 -0.170093 -0.176799
v -1.583176 0.301623 -0.783572
v -1.191033 0.442569 -0.952274
v -0.926279 0.557083 -0.932153
v -0.850107 0.853657 -1.090044
v -0.756387 0.890036 -1.193275
v -0.821402 0.709330 -1.229495
v -0.522757 0.885086 -1.587513
v -0.345250 0.728884 -1.701766
v -0.236096 0.959014 -1.849108
v 0.004555 0.896514 -1.774800
v -0.158863 0.730964 -1.805776
v 0.238832 0.887759 -1.679549
v 0.733028 1.086068 -1.592466
v 0.778624 0.953100 -1.490417
v 0.975237 0.979969 -1.361538
v 1.136694 1.025897 -1.300221
v 0.892416 0.808551 -1.195184
v 0.610980 0.502983 -1.168162
v 0.209180 -0.034528 -1.395591
v 0.029658 -0.261903 -1.173088
v -0.111451 -0.527628 -1.127763
v -0.431822 -0.817978 -0.901788
v -0.731350 -1.044195 -0.632391
v -1.045418 -1.183216 -0.559038
v -0.881637 -1.022798 -0.568554
v -1.370869 -1.245675 -0.437490
v -1.101037 -1.056962 -0.536157
v -1.351171 -1.131306 -0.039556
v -1.363558 -1.020520 0.231158
vn -0.7305 0.6758 0.0983
vn -0.9108 0.4065 0.0719
vn -0.9090 0.3196 0.2676
vn -0.9435 0.3286 0.0419
vn -0.9647 0.1730 0.1984
vn -0.3858 0.4889 0.7824
vn -0.4452 0.7806 0.4388
vn -0.5198 0.1218 0.8456
vn -0.8217 0.0597 0.5668
vn -0.6065 0.1576 0.7793
vn -0.9508 0.1356 0.2786
vn -0.7544 0.2811 0.5932
vn -0.4524 0.8841 0.1175
vn -0.3064 0.9110 0.2761
vn -0.2109 0.9594 0.1872
vn -0.8866 0.1939 0.4199
vn -0.8403 0.4761 -0.2595
vn -0.7825 0.5759 -0.2369
vn -0.7867 0.5799 -0.2114
vn -0.1624 0.9847 -0.0636
vn -0.3856 0.8476 0.3645
vn -0.2567 0.9556 0.1447
vn -0.1007 0.8539 0.5106
vn -0.4914 0.8694 0.0513
vn -0.5876 0.7777 -0.2233
vn -0.4158 0.8522 -0.3175
vn -0.9601 -0.0903 0.2647
vn -0.0698 0.9677 0.2421
vn -0.2166 0.9162 0.3371
vn -0.2449 0.8044 0.5413
vn -0.2366 0.6701 0.7036
vn -0.2469 0.8039 0.5411
vn -0.1153 0.8868 0.4476
vn -0.0170 0.9919 0.1256
vn -0.0385 0.9377 0.3452
vn -0.6141 0.7888 0.0246
vn -0.2403 0.2544 0.9368
vn -0.1217 0.9892 0.0817
vn -0.3670 0.9289 0.0505
vn -0.9099 0.3311 0.2499
vn -0.7437 0.3360 0.5779
vn -0.8249 0.4304 0.3665
vn -0.8849 0.0295 0.4648
vn -0.5529 0.8332 0.0056
vn -0.2813 0.9483 -0.1471
vn -0.3354 0.9315 -0.1410
vn -0.5650 0.1818 0.8048
vn -0.3636 0.3125 0.8776
vn -0.9535 0.2529 -0.1639
vn -0.4766 0.4981 0.7244
vn -0.7131 0.3472 0.6091
vn -0.7059 0.0499 0.7066
vn -0.7372 -0.0356 0.6748
vn -0.9140 0.0844 0.3969
vn -0.7720 0.4347 0.4637
vn -0.2675 0.9450 -0.1884
vn -0.7576 0.2331 0.6097
vn -0.8993 0.4335 0.0579
vn -0.8676 0.3315 0.3706
vn -0.8137 -0.4627 0.3519
vn -0.6691 0.6762 0.3083
vn -0.6634 0.7220 0.1967
vn -0.8546 0.4510 0.2572
vn -0.6264 0.4195 0.6570
vn -0.7672 0.6414 0.0048
vn -0.8461 0.5092 0.1574
vn -0.5643 0.7041 0.4310
vn -0.7969 0.2031 0.5689
vn -0.7591 0.4530 0.4675
vn -0.8513 0.3045 0.4272
vn -0.2930 0.8021 0.5203
vn -0.4911 0.6374 0.5938
vn -0.7771 0.5808 -0.2424
vn -0.9111 0.2978 -0.2851
vn -0.8638 0.1386 -0.4845
vn 0.1833 0.3701 0.9107
vn 0.0812 0.9911 -0.1059
vn 0.1803 0.3726 0.9103
vn 0.0471 0.9987 0.0205
vn 0.1021 0.9948 -0.0032
vn -0.4994 0.7006 0.5097
vn 0.3534 0.8940 0.2755
vn 0.3820 0.9161 0.1220
vn -0.8720 0.4894 -0.0006
vn 0.3699 0.6762 0.6371
vn -0.2373 0.5264 0.8165
vn -0.1413 0.5212 0.8416
vn -0.4690 0.1363 0.8726
vn -0.9254 0.3694 -0.0841
vn -0.5746 0.0181 -0.8182
vn -0.4769 0.6567 -0.5842
vn -0.9510 -0.1024 0.2918
vn -0.5567 0.6060 -0.5682
vn -0.9614 0.0425 0.2718
vn -0.9730 0.1134 -0.2008
vn -0.8334 0.3856 -0.3960
vn -0.4378 0.6201 0.6510
vn -0.2938 0.4869 0.8226
vn -0.7920 0.4254 0.4380
vn -0.7926 0.4317 0.4306
vn -0.6492 0.3367 0.6821
vn -0.1853 -0.4742 0.8607
vn -0.3605 -0.3741 0.8544
vn -0.4451 -0.4802 0.7558
vn -0.2770 -0.5617 0.7796
vn -0.4030 -0.4960 0.7691
vn -0.1959 0.3720 0.9073
vn -0.1985 0.4570 0.8670
vn -0.3299 0.3848 0.8620
vn 0.4261 -0.1452 0.8930
vn 0.1866 -0.4393 0.8787
vn 0.4882 0.1381 0.8618
vn 0.3483 -0.2802 0.8945
vn 0.7114 -0.3749 0.5945
vn 0.6740 -0.0308 0.7381
vn 0.7049 -0.1208 0.6990
vn 0.6620 -0.3033 0.6854
vn -0.0373 -0.2557 0.9660
vn 0.0905 -0.5613 0.8227
vn -0.0099 -0.1160 0.9932
vn -0.1482 -0.6178 0.7723
vn 0.1865 0.1973 0.9624
vn 0.1324 0.2495 0.9593
vn 0.4072 0.2106 0.8887
vn 0.4881 0.2225 0.8440
vn 0.5927 -0.3275 0.7358
vn 0.4302 -0.1097 0.8961
vn -0.1387 -0.5409 0.8295
vn 0.3760 -0.7378 0.5606
vn -0.0820 -0.7355 0.6726
vn -0.1249 -0.0414 0.9913
vn 0.3784 -0.0693 0.9231
vn 0.3710 -0.1467 0.9170
vn 0.1751 -0.2222 0.9591
vn 0.2580 0.0814 0.9627
vn 0.1901 0.1970 0.9618
vn 0.6135 0.0616 0.7873
vn 0.5356 -0.0006 0.8445
vn 0.4749 0.3100 0.8236
vn 0.3223 -0.1703 0.9312
vn 0.5738 -0.2886 0.7665
vn 0.2113 -0.5700 0.7940
vn 0.1776 -0.2871 0.9413
vn 0.2356 -0.2475 0.9398
vn 0.5871 -0.1603 0.7935
vn 0.6254 -0.0219 0.7800
vn 0.4407 0.1442 0.8860
vn 0.7012 0.0565 0.7107
vn 0.6117 -0.3094 0.7281
vn 0.6643 0.0886 0.7422
vn 0.1463 -0.1514 0.9776
vn 0.1552 -0.1568 0.9754
vn 0.7154 -0.1332 0.6859
vn 0.5891 -0.0532 0.8063
vn 0.6888 0.0855 0.7199
vn -0.3254 0.3239 0.8884
vn -0.5651 0.0208 0.8248
vn -0.4253 0.0132 0.9050
vn 0.4188 0.1272 0.8991
vn -0.1883 0.6110 0.7689
vn -0.4368 0.3055 0.8461
vn 0.5916 -0.4728 0.6530
vn 0.5184 -0.3989 0.7564
vn 0.6436 -0.6091 0.4636
vn -0.2294 -0.4142 0.8808
vn -0.2272 -0.4562 0.8604
vn 0.4414 -0.6588 0.6092
vn 0.4086 -0.1849 0.8938
vn 0.6520 -0.4004 0.6439
vn -0.1957 -0.9672 0.1618
vn 0.6145 -0.6546 0.4403
vn -0.4946 0.4911 0.7171
vn -0.6968 0.4713 0.5407
vn 0.1958 0.4860 0.8517
vn -0.5659 0.0418 0.8234
vn -0.3610 0.2385 0.9016
vn 0.1235 -0.6780 0.7246
vn 0.1238 -0.6570 0.7437
vn 0.1783 -0.6421 0.7456
vn 0.1752 -0.6457 0.7432
vn 0.1518 -0.8335 0.5313
vn -0.0178 -0.4539 0.8909
vn 0.3266 -0.0221 0.9449
vn 0.3983 -0.0896 0.9129
vn 0.1748 -0.6780 0.7139
vn 0.1585 -0.6285 0.7615
vn 0.2894 -0.5419 0.7890
vn 0.6021 -0.4599 0.6527
vn 0.7053 -0.4069 0.5805
vn 0.3169 0.6672 0.6741
vn 0.3237 0.6603 0.6776
vn 0.3908 0.6278 0.6732
vn 0.0746 0.2314 0.9700
vn 0.2924 0.7390 0.6069
vn 0.0388 0.2485 0.9679
vn -0.0718 0.3805 0.9220
vn 0.1365 0.0694 0.9882
vn 0.0303 0.0875 0.9957
vn 0.3476 0.4001 0.8480
vn -0.6240 0.1641 0.7640
vn 0.0457 -0.2704 0.9617
vn 0.1381 -0.3515 0.9259
vn 0.3596 -0.0596 0.9312
vn -0.2416 -0.1904 0.9515
vn 0.4510 0.0223 0.8922
vn 0.0028 0.1834 0.9830
vn -0.6775 -0.7355 -0.0033
vn -0.7890 -0.5636 0.2444
vn -0.8568 -0.3854 0.3427
vn 0.2570 -0.9617 0.0956
vn -0.8080 -0.5169 -0.2827
vn -0.5283 -0.5869 0.6136
vn -0.2079 -0.9085 0.3626
vn -0.3044 -0.8869 0.3474
vn -0.1482 -0.9246 -0.3510
vn -0.4250 -0.7397 -0.5218
vn 0.0073 -0.8387 -0.5446
vn 0.4540 -0.7880 -0.4158
vn 0.2465 -0.9514 -0.1846
vn 0.2715 -0.9332 -0.2354
vn -0.3157 -0.8999 -0.3009
vn -0.2816 -0.8809 0.3805
vn 0.1754 -0.8398 0.5138
vn -0.5424 -0.3541 0.7619
vn -0.1686 -0.3828 0.9083
vn -0.1670 -0.8954 0.4127
vn 0.2684 -0.9606 0.0724
vn 0.2833 -0.9559 0.0770
vn 0.2934 -0.8097 -0.5083
vn -0.3054 -0.9413 -0.1439
vn -0.1661 -0.9850 -0.0473
vn -0.3261 -0.9399 0.1013
vn -0.3471 -0.8780 -0.3297
vn -0.4426 -0.5563 0.7033
vn -0.6087 -0.7833 0.1263
vn -0.1721 -0.8698 0.4624
vn 0.2605 -0.9650 -0.0306
vn 0.1650 -0.9861 -0.0186
vn 0.0085 -0.9759 0.2180
vn 0.3645 -0.7539 -0.5465
vn -0.2999 -0.9480 -0.1064
vn -0.6181 -0.7327 0.2848
vn -0.4935 -0.7678 0.4085
vn 0.0341 -0.9750 -0.2195
vn -0.3934 -0.8925 0.2206
vn -0.3141 -0.7548 0.5758
vn 0.0355 -0.9651 -0.2595
vn -0.2725 -0.6496 -0.7097
vn -0.4303 -0.7607 -0.4859
vn -0.3721 -0.8529 -0.3661
vn 0.0001 -0.9992 -0.0408
vn 0.1656 -0.5839 0.7947
vn -0.2283 -0.9727 0.0428
vn -0.4380 -0.8797 0.1853
vn -0.3955 -0.9184 -0.0069
vn -0.0760 -0.9703 -0.2296
vn -0.1330 -0.9639 -0.2305
vn -0.0511 -0.9905 -0.1275
vn -0.0411 -0.9859 -0.1619
vn -0.2797 -0.8157 -0.5064
vn -0.2198 -0.8766 -0.4281
vn -0.3103 -0.9089 -0.2784
vn -0.1557 -0.9668 -0.2028
vn -0.2024 -0.9184 -0.3399
vn -0.4833 -0.8321 -0.2720
vn 0.4912 -0.4086 0.7693
vn 0.3229 -0.4697 0.8217
vn 0.1738 -0.4325 0.8847
vn 0.1896 -0.5796 0.7926
vn 0.6880 -0.7167 -0.1137
vn 0.6769 -0.7285 -0.1055
vn 0.6644 -0.7407 -0.0996
vn 0.7247 -0.6891 -0.0028
vn 0.6901 -0.6987 -0.1884
vn 0.8424 -0.5125 -0.1665
vn 0.7332 -0.6770 -0.0638
vn 0.8716 -0.4674 -0.1479
vn -0.5462 -0.8276 0.1295
vn -0.4202 -0.8637 0.2782
vn -0.8074 -0.5572 -0.1941
vn -0.4002 -0.8899 -0.2188
vn -0.6360 -0.6981 -0.3288
vn -0.6207 -0.7841 -0.0003
vn -0.5175 -0.7959 -0.3142
vn -0.7360 -0.5692 0.3666
vn -0.8362 -0.4381 0.3299
vn -0.7183 -0.6425 0.2671
vn -0.7487 -0.6187 0.2382
vn -0.9011 -0.4070 0.1495
vn -0.6647 -0.2863 -0.6900
vn -0.5269 -0.4222 -0.7376
vn -0.6192 0.1827 -0.7637
vn -0.3854 -0.5888 -0.7105
vn -0.5179 -0.0308 -0.8549
vn -0.6982 -0.0651 -0.7129
vn 0.0995 -0.7645 -0.6369
vn 0.2855 -0.7169 -0.6361
vn 0.1244 -0.8023 -0.5839
vn -0.1843 -0.7224 -0.6664
vn 0.1357 -0.9720 -0.1917
vn 0.1910 -0.9075 -0.3741
vn -0.5497 -0.8024 -0.2325
vn -0.1340 -0.6932 -0.7082
vn -0.5251 -0.7044 -0.4776
vn -0.3064 -0.8933 -0.3288
vn -0.2412 -0.5800 -0.7781
vn 0.3675 -0.9196 -0.1390
vn 0.2007 -0.4680 -0.8606
vn 0.7625 -0.2101 -0.6119
vn 0.9385 -0.3080 -0.1562
vn 0.8265 -0.3340 -0.4531
vn 0.9421 -0.3347 0.0209
vn 0.8293 -0.5583 0.0236
vn 0.9184 -0.3552 0.1743
vn 0.8649 -0.3909 0.3147
vn 0.9288 -0.3592 -0.0913
vn 0.9826 -0.1830 -0.0329
vn 0.9291 -0.3410 -0.1433
vn 0.7537 -0.4569 -0.4725
vn 0.8059 -0.3872 -0.4479
vn 0.9293 -0.2282 0.2905
vn 0.8768 -0.4742 0.0801
vn 0.2336 -0.6520 0.7213
vn 0.8232 -0.5617 0.0823
vn 0.1038 -0.4632 0.8801
vn 0.1887 -0.5896 0.7854
vn 0.0156 -0.5403 0.8413
vn 0.1926 -0.2783 0.9410
vn -0.1166 -0.4093 0.9049
vn 0.2491 -0.4922 0.8341
vn 0.6287 -0.5180 0.5800
vn 0.4955 -0.5916 0.6359
vn 0.4902 -0.6068 0.6257
vn -0.2076 -0.9506 0.2309
vn 0.0244 -0.9383 0.3450
vn -0.0579 -0.9259 0.3733
vn -0.0876 -0.9086 0.4085
vn -0.1305 -0.9755 0.1770
vn -0.7660 0.5045 -0.3985
vn -0.0973 0.9670 0.2354
vn -0.1379 0.9752 0.1729
vn -0.1831 0.9716 0.1499
vn -0.4664 0.8829 0.0550
vn -0.2797 0.9572 0.0742
vn -0.1451 0.9877 -0.0578
vn -0.0820 0.9930 0.0849
vn -0.1642 0.9771 0.1356
vn -0.0233 0.9962 -0.0836
vn -0.8582 0.4944 -0.1381
vn -0.1275 0.9796 0.1556
vn -0.3351 0.9193 0.2064
vn -0.3065 0.9174 -0.2538
vn -0.4143 0.8984 0.1455
vn -0.3213 0.6594 0.6797
vn -0.1991 0.6293 0.7512
vn -0.1298 0.9227 0.3631
vn 0.0330 0.8631 0.5040
vn -0.0492 0.7541 0.6549
vn 0.2260 0.9159 0.3317
vn 0.1821 0.9659 0.1841
vn 0.2051 0.6653 0.7179
vn 0.0974 0.7612 0.6412
vn 0.3031 0.9406 0.1529
vn -0.2254 0.6210 0.7507
vn 0.0768 0.6314 0.7716
vn -0.0055 0.6845 0.7290
vn -0.2241 0.7837 0.5794
vn 0.0529 0.9129 0.4047
vn 0.6126 0.7491 -0.2521
vn 0.1952 0.4508 -0.8710
vn 0.8862 0.3107 -0.3436
vn 0.6379 0.6353 0.4353
vn 0.0376 0.7300 -0.6824
vn -0.2163 0.7548 -0.6193
vn 0.3526 0.3927 -0.8494
vn 0.4160 0.8084 -0.4165
vn -0.2433 0.8924 -0.3801
vn -0.1699 0.9445 -0.2812
vn -0.1731 0.9592 -0.2236
vn 0.4889 0.8246 -0.2847
vn 0.0770 0.9961 -0.0434
vn -0.0678 0.9481 -0.3107
vn -0.4077 0.8851 -0.2244
vn 0.1086 0.9664 -0.2329
vn -0.3049 0.9190 -0.2500
vn -0.3450 0.9358 -0.0720
vn -0.4563 0.8687 -0.1928
vn -0.4875 0.8524 -0.1891
vn -0.3691 0.6867 0.6263
vn -0.5341 0.8292 -0.1648
vn 0.1690 0.9076 0.3844
vn -0.5239 0.8352 -0.1673
vn 0.0338 0.8850 0.4644
vn 0.5122 0.8240 0.2421
vn 0.5641 0.8212 -0.0862
vn 0.0716 0.7015 0.7090
vn 0.1639 0.8298 0.5335
vn -0.1679 0.9687 -0.1827
vn -0.2413 0.7740 -0.5854
vn 0.0243 0.9996 -0.0147
vn -0.4602 0.8873 -0.0317
vn -0.6474 0.7618 0.0225
vn -0.7147 0.5227 -0.4647
vn -0.8223 0.4973 -0.2768
vn -0.6797 0.5817 -0.4468
vn -0.5646 0.5098 0.6491
vn -0.6715 0.5727 0.4703
vn -0.1193 0.9828 -0.1413
vn -0.8953 0.4344 -0.0984
vn -0.8566 0.2704 -0.4395
vn -0.6947 0.4859 -0.5303
vn -0.8385 0.4018 -0.3680
vn -0.8363 0.1186 -0.5354
vn -0.1079 0.7992 -0.5913
vn -0.0269 0.6202 -0.7840
vn 0.2465 0.0181 -0.9690
vn 0.1592 0.9835 0.0864
vn 0.1459 0.9442 0.2953
vn -0.0156 0.9988 0.0465
vn -0.0555 0.7566 0.6516
vn 0.0458 0.8590 0.5099
vn -0.0141 0.8811 0.4727
vn -0.2058 0.9753 0.0802
vn 0.6801 0.5089 0.5276
vn -0.0124 0.8892 0.4573
vn 0.6011 0.6729 0.4311
vn -0.0761 0.9858 0.1494
vn 0.2490 0.7741 0.5820
vn -0.8537 0.4065 0.3255
vn -0.8629 0.4862 0.1382
vn 0.4080 -0.5439 -0.7333
vn 0.5682 -0.4654 -0.6786
vn 0.4281 -0.5829 -0.6906
vn 0.4362 -0.3207 -0.8408
vn 0.5035 -0.0960 -0.8586
vn 0.4056 0.4085 -0.8177
vn -0.0865 0.1992 -0.9761
vn 0.0895 -0.0667 -0.9937
vn 0.1743 -0.0203 -0.9845
vn 0.6855 -0.3187 -0.6546
vn 0.6577 -0.2655 -0.7049
vn 0.8907 0.3081 -0.3343
vn 0.9166 0.2456 -0.3155
vn 0.6948 -0.1354 -0.7064
vn 0.8797 0.4649 -0.0999
vn 0.5900 0.7583 0.2774
vn 0.6184 -0.6259 -0.4753
vn 0.7747 -0.5465 -0.3182
vn 0.7270 -0.6240 -0.2866
vn 0.6801 -0.6780 -0.2791
vn 0.9396 0.2342 0.2497
vn 0.9921 0.1029 0.0713
vn 0.8923 -0.4509 0.0222
vn 0.7619 -0.5532 -0.3370
vn 0.4717 -0.8575 0.2053
vn 0.9032 -0.4133 0.1157
vn 0.7302 -0.6573 0.1865
vn 0.8888 -0.3755 0.2628
vn 0.9713 -0.2248 0.0778
vn 0.9041 -0.4252 0.0430
vn 0.9278 -0.2193 0.3019
vn 0.9086 0.0006 0.4177
vn 0.9909 0.0601 0.1207
vn 0.9295 -0.2491 0.2720
vn 0.9679 0.1415 0.2078
vn 0.8516 -0.4740 0.2239
vn 0.9982 -0.0525 -0.0282
vn 0.9583 0.1237 0.2576
vn 0.9203 0.1682 0.3532
vn 0.3923 -0.2782 0.8768
vn 0.7410 -0.6709 -0.0300
vn 0.7483 -0.6295 -0.2095
vn 0.7425 -0.6698 -0.0050
vn 0.1149 -0.5859 0.8022
vn 0.7091 -0.7046 -0.0280
vn 0.8841 -0.1437 0.4447
vn 0.5609 -0.8268 0.0414
vn 0.5510 -0.8306 0.0808
vn 0.5775 -0.8150 0.0464
vn 0.9112 0.2619 0.3179
vn 0.9711 0.2162 0.1009
vn 0.9250 0.3350 0.1793
vn 0.9168 0.3440 0.2028
vn 0.8576 0.2324 0.4589
vn 0.9913 0.1252 0.0410
vn 0.9028 0.2899 0.3176
vn 0.9413 0.2317 0.2456
vn 0.9328 0.0292 0.3592
vn 0.9119 0.0783 0.4029
vn 0.8358 0.1107 0.5377
vn 0.6774 -0.7343 0.0448
vn 0.7732 -0.4420 0.4548
vn 0.6473 -0.7395 -0.1850
vn 0.8242 -0.4588 -0.3319
vn 0.7737 0.3976 0.4932
vn 0.9512 0.3011 0.0668
vn 0.6413 -0.6452 0.4152
vn 0.7977 -0.5874 -0.1367
vn 0.6436 -0.6142 -0.4566
vn 0.6252 -0.6872 -0.3699
vn 0.9426 0.3281 0.0627
vn 0.2504 -0.9463 0.2047
vn 0.3091 -0.7835 -0.5391
vn 0.3752 -0.5098 -0.7742
vn 0.4564 -0.4167 -0.7862
vn 0.7474 -0.5675 -0.3454
vn 0.4179 -0.6834 -0.5986
vn 0.4632 0.1975 0.8640
vn 0.3205 0.5658 0.7597
vn 0.3300 0.3922 0.8586
vn 0.2290 0.7257 0.6488
vn 0.9644 -0.1328 0.2285
vn 0.8947 0.0968 0.4360
vn 0.9885 -0.0006 0.1514
vn 0.2563 -0.2345 0.9377
vn 0.8421 -0.3840 0.3786
vn 0.2583 -0.1771 0.9497
vn 0.1215 -0.0241 0.9923
vn 0.2286 -0.3542 0.9068
vn 0.8960 0.0950 0.4338
vn 0.8517 -0.4676 0.2364
vn 0.8576 -0.4523 0.2447
vn 0.1032 -0.6236 0.7749
vn 0.0162 -0.3400 0.9403
vn -0.1145 -0.4274 0.8968
vn -0.1172 -0.4990 0.8586
vn 0.9092 -0.3493 -0.2268
vn 0.8564 -0.5096 -0.0827
vn 0.9041 -0.3405 0.2581
vn 0.9469 -0.2844 -0.1499
vn 0.2178 -0.7413 0.6348
vn 0.1917 -0.6412 0.7431
vn 0.8708 0.0839 0.4845
vn 0.8342 -0.1094 0.5404
vn 0.4037 0.0811 0.9113
vn -0.1101 -0.7004 -0.7052
vn -0.0124 0.3927 -0.9196
vn 0.0703 0.5908 -0.8038
vn -0.0931 0.0060 -0.9956
vn 0.2233 -0.1428 -0.9642
vn -0.0062 -0.2179 -0.9759
vn 0.7090 0.3371 -0.6195
vn 0.5760 -0.7448 -0.3370
vn 0.5123 0.3140 -0.7993
vn 0.3380 0.1558 -0.9281
vn 0.3970 -0.7458 -0.5349
vn 0.3636 -0.1644 -0.9169
vn 0.4712 -0.2980 -0.8301
vn -0.0701 0.4286 -0.9008
vn 0.7718 0.3376 -0.5389
vn 0.4985 0.4348 -0.7499
vn 0.4418 -0.7740 -0.4535
vn 0.2185 -0.6085 -0.7629
vn 0.5673 -0.1882 -0.8017
vn 0.4631 -0.2387 -0.8536
vn 0.2506 -0.3696 -0.8948
vn 0.4520 -0.5525 -0.7003
vn 0.3989 -0.3842 -0.8327
vn 0.1805 -0.4367 -0.8813
vn 0.3252 -0.5362 -0.7789
vn 0.2617 0.6145 -0.7443
vn 0.4580 0.6386 -0.6184
vn 0.0195 -0.1974 -0.9801
vn 0.3185 -0.6664 -0.6742
vn 0.4116 -0.1347 -0.9013
vn 0.5560 -0.3053 -0.7731
vn 0.4499 -0.3918 -0.8025
vn 0.7709 -0.3504 -0.5320
vn 0.2691 -0.3382 -0.9018
vn 0.2929 0.6114 -0.7351
vn -0.1087 0.6593 -0.7440
vn 0.2802 0.0646 -0.9578
vn 0.4486 -0.1992 -0.8712
vn 0.5910 -0.2309 -0.7730
vn 0.4821 -0.3340 -0.8099
vn 0.7413 0.0757 -0.6668
vn 0.5738 -0.5091 -0.6415
vn 0.7420 -0.0203 -0.6701
vn 0.8271 -0.2515 -0.5026
vn 0.9027 -0.0429 0.4282
vn 0.5989 -0.3924 -0.6981
vn 0.9321 -0.1763 -0.3165
vn 0.3058 0.6208 -0.7218
vn 0.4818 0.3985 -0.7804
vn 0.3004 0.3179 -0.8993
vn 0.4649 0.6261 -0.6259
vn 0.7220 -0.1917 -0.6648
vn 0.7809 -0.4295 -0.4536
vn 0.7356 -0.4464 -0.5095
vn 0.6587 -0.6762 -0.3300
vn 0.9505 0.1531 0.2703
vn 0.7810 -0.4281 -0.4547
vn 0.8151 -0.4689 -0.3402
vn 0.8328 0.2563 -0.4906
vn 0.7362 0.3964 -0.5485
vn 0.4671 0.5065 -0.7248
vn 0.8094 -0.0008 -0.5872
vn 0.7479 -0.6432 0.1642
vn 0.9228 0.3324 0.1950
vn 0.8417 -0.5320 0.0926
vn 0.8344 0.4519 0.3156
vn 0.8240 -0.5636 0.0580
vn 0.8390 0.5162 0.1720
vn 0.9403 0.1070 0.3230
vn 0.8792 0.2259 0.4194
vn 0.8105 0.5742 0.1159
vn -0.5148 -0.0680 -0.8546
vn -0.8912 -0.0162 -0.4532
vn -0.5107 -0.1087 -0.8529
vn -0.6305 -0.0930 -0.7706
vn 0.0232 0.2974 -0.9545
vn -0.3260 -0.0479 -0.9442
vn 0.7584 -0.4000 -0.5146
vn 0.4704 -0.3679 -0.8021
vn 0.1456 -0.7677 -0.6240
vn 0.4033 -0.7810 -0.4769
vn 0.1534 -0.5514 -0.8200
vn 0.3924 -0.5783 -0.7152
vn 0.6128 -0.5030 -0.6094
vn 0.5289 -0.5610 -0.6369
vn 0.7522 -0.6590 0.0035
vn 0.5705 -0.3162 -0.7579
vn 0.8372 0.3677 -0.4049
vn 0.8818 0.2498 -0.4001
vn 0.8456 0.5336 -0.0129
vn 0.9078 0.4052 -0.1085
vn 0.9119 -0.1558 0.3798
vn 0.7195 0.5177 0.4629
vn 0.6583 0.4528 0.6013
vn 0.9538 -0.1343 0.2687
vn 0.8387 -0.0382 0.5433
vn 0.4778 0.8571 0.1923
vn 0.9442 0.2715 0.1865
vn 0.6284 0.7241 0.2842
vn 0.6677 0.7419 0.0611
vn 0.8593 -0.4542 0.2351
vn 0.9593 -0.1983 0.2012
vn 0.6426 0.4097 -0.6475
vn 0.6571 0.3810 -0.6504
vn 0.6760 0.3914 -0.6244
vn 0.6424 0.3899 -0.6597
vn 0.6390 -0.6214 -0.4535
vn 0.7538 -0.5250 -0.3952
vn 0.9054 -0.3018 -0.2988
vn 0.7637 -0.6192 -0.1824
vn 0.6775 -0.6284 -0.3822
vn 0.7766 -0.5096 -0.3703
vn 0.9505 -0.2268 -0.2124
vn 0.7800 -0.1010 -0.6175
vn -0.0552 -0.6207 -0.7821
vn -0.0322 -0.2049 -0.9783
vn -0.0338 -0.6816 -0.7309
vn -0.0967 -0.7231 -0.6840
vn -0.4170 -0.5285 -0.7395
vn -0.1434 -0.7095 -0.6900
vn 0.1627 -0.8000 -0.5775
vn -0.1387 -0.6399 -0.7558
vn -0.5449 -0.8385 -0.0021
vn -0.9206 -0.2189 -0.3232
vn -0.8785 -0.3575 -0.3170
vn -0.6787 0.4213 -0.6016
vn -0.9149 -0.2321 -0.3303
vn -0.8215 0.1715 -0.5439
vn -0.6763 0.1787 -0.7147
vn -0.7487 -0.6514 -0.1231
vn -0.7825 -0.6226 -0.0080
vn -0.9383 -0.3304 -0.1015
vn -0.4060 0.1194 -0.9061
vn -0.8220 -0.4854 -0.2978
vn -0.8697 -0.3865 -0.3072
vn -0.8056 -0.5912 0.0389
vn -0.9562 -0.0468 -0.2889
vn -0.5917 -0.7817 0.1969
vn -0.7745 0.1872 -0.6042
vn -0.9800 -0.0189 -0.1983
vn -0.9697 -0.0274 -0.2428
vn -0.8407 0.2814 -0.4626
vn -0.7087 -0.6907 -0.1439
vn -0.2270 0.1796 -0.9572
vn -0.5172 0.0802 -0.8521
vn -0.3818 0.4195 -0.8235
vn -0.3423 0.4212 -0.8399
vn -0.9779 -0.0011 -0.2089
vn -0.4577 -0.7601 -0.4612
vn -0.6675 -0.4882 -0.5622
vn -0.1930 -0.6515 -0.7337
vn -0.4016 -0.3232 -0.8569
vn -0.4761 0.3445 -0.8091
vn -0.5272 -0.3474 -0.7755
vn -0.3299 -0.0796 -0.9407
vn -0.0505 -0.3964 -0.9167
vn -0.0323 -0.8034 -0.5945
vn -0.2197 -0.7977 -0.5616
vn -0.2155 -0.6861 -0.6949
vn -0.7281 -0.2965 -0.6180
vn -0.6089 0.0101 -0.7932
vn -0.4871 0.3210 -0.8122
vn -0.3585 -0.4090 -0.8392
vn -0.6113 -0.4160 -0.6733
vn 0.4084 -0.1255 -0.9041
vn -0.5338 -0.3364 -0.7758
vn 0.5008 -0.2757 -0.8205
vn -0.1304 -0.0979 -0.9866
vn -0.2397 -0.8670 -0.4370
vn -0.3489 -0.6442 -0.6806
vn 0.0047 -0.7242 -0.6896
vn 0.2258 -0.7666 -0.6011
vn 0.2276 -0.8836 -0.4092
vn 0.3400 0.0484 -0.9392
vn 0.3554 -0.0665 -0.9323
vn -0.6817 0.3298 -0.6531
vn 0.6028 -0.4194 -0.6788
vn -0.6006 0.2631 -0.7551
vn -0.5337 -0.3267 -0.7800
vn -0.7423 -0.6381 -0.2045
vn 0.0848 -0.6246 -0.7763
vn -0.1962 -0.3852 -0.9017
vn 0.1028 -0.7960 -0.5965
vn 0.6455 -0.3992 -0.6511
vn 0.6641 -0.3516 -0.6598
vn 0.7083 0.0534 -0.7039
vn 0.6708 -0.3607 -0.6479
vn 0.4053 -0.6877 -0.6024
vn 0.6987 -0.4549 -0.5521
vn -0.8750 -0.4637 0.1392
vn -0.6782 -0.7349 -0.0006
vn -0.7797 -0.5953 -0.1941
vn -0.7299 -0.6834 -0.0131
vn -0.7883 -0.6027 0.1239
vn -0.9024 0.3498 0.2517
vn -0.9069 0.2781 0.3167
vn -0.8857 -0.3510 -0.3038
vn -0.8627 0.2380 -0.4463
vn -0.7930 -0.6030 -0.0864
vn -0.9407 -0.2706 0.2049
vn -0.3643 0.5057 -0.7820
vn -0.2746 0.7422 -0.6114
vn -0.4872 -0.6685 -0.5619
vn -0.4548 0.6864 -0.5675
vn -0.8073 -0.0418 -0.5887
vn -0.6660 -0.0512 -0.7442
vn -0.6707 -0.1781 -0.7201
vn -0.4678 -0.2634 -0.8436
vn -0.4600 -0.3136 -0.8307
vn 0.3027 0.0329 -0.9525
vn 0.3124 -0.1324 -0.9407
vn 0.3522 -0.0643 -0.9337
vn 0.6846 -0.5846 -0.4354
vn 0.2900 -0.5181 -0.8047
vn 0.5065 -0.5595 -0.6561
vn 0.4818 -0.7189 -0.5009
vn 0.4243 -0.7516 -0.5050
vn 0.4655 -0.3048 -0.8309
vn 0.6288 -0.0793 -0.7735
vn 0.6036 -0.0516 -0.7956
vn 0.4348 0.1848 -0.8814
vn -0.3022 -0.5340 -0.7896
vn -0.0751 -0.7065 -0.7038
vn 0.0127 -0.2157 -0.9764
vn -0.0256 0.0103 -0.9996
vn -0.1445 0.4319 -0.8903
vn -0.1649 -0.1380 -0.9766
vn -0.8548 -0.1663 -0.4916
vn -0.8504 -0.2536 -0.4609
vn -0.6956 0.4363 -0.5708
vn -0.8752 0.3367 -0.3473
vn -0.7747 0.2918 -0.5610
vn -0.5786 0.2737 -0.7683
vn -0.3675 0.3235 -0.8720
vn -0.3523 0.0144 -0.9358
vn -0.9131 -0.3632 0.1855
vn -0.7451 -0.6285 0.2231
vn -0.7716 -0.5550 0.3110
vn -0.8322 -0.5387 0.1311
vn -0.9150 -0.3846 0.1214
vn -0.8267 -0.3469 0.4430
vn -0.4841 -0.8740 0.0410
vn 0.3266 -0.2045 0.9228
vn -0.6294 0.7769 0.0128
vn -0.3982 0.8935 0.2077
vn -0.3651 0.8196 0.4415
vn -0.4325 0.7549 0.4931
vn -0.6607 0.7506 -0.0094
vn -0.9181 0.3134 0.2425
vn -0.8858 0.3539 0.3002
vn -0.9571 0.2221 0.1863
vn -0.8509 0.3442 0.3967
vn -0.5411 0.6286 0.5586
vn -0.5065 0.6549 0.5608
vn -0.7726 0.5578 0.3034
vn -0.9471 0.0669 0.3138
vn -0.3835 0.9163 0.1153
vn -0.3129 0.8917 0.3271
vn -0.3639 0.9192 0.1504
vn -0.3087 0.6218 0.7198
vn -0.2940 0.9359 0.1942
vn -0.1548 0.9873 -0.0344
vn -0.2530 0.9667 -0.0383
vn -0.1225 0.9925 -0.0019
vn -0.6160 0.7072 -0.3470
vn -0.2403 0.9395 0.2442
vn -0.6016 0.7225 -0.3407
vn -0.3625 0.7995 -0.4790
vn -0.6709 0.6600 -0.3381
vn -0.2513 0.8974 -0.3628
vn -0.4245 0.8204 -0.3829
vn -0.6946 0.6397 -0.3292
vn -0.3444 0.7979 -0.4947
vn -0.7346 0.4326 -0.5226
vn -0.4940 0.8273 -0.2677
vn -0.9680 0.2446 0.0566
vn -0.9173 0.3944 0.0547
vn -0.9162 0.3056 -0.2590
vn -0.8706 0.4377 0.2245
vn -0.0395 0.7511 0.6590
vn -0.0970 0.9840 0.1495
vn -0.0498 0.9972 0.0563
vn -0.6209 0.7462 0.2401
vn -0.8692 0.3184 0.3782
vn -0.9091 0.3113 0.2766
vn -0.8557 0.3279 0.4003
vn -0.7950 0.3075 0.5229
vn -0.6655 0.6464 0.3731
vn -0.3749 0.8921 -0.2521
vn -0.6005 0.7832 -0.1615
vn -0.2737 0.9549 -0.1154
vn -0.3217 0.9400 -0.1136
vn -0.2836 0.9527 -0.1094
vn -0.4264 0.8986 -0.1036
vn -0.9176 0.3024 -0.2581
vn -0.5253 0.1185 0.8426
vn -0.5698 0.4745 0.6710
vn -0.6391 0.2731 0.7190
vn -0.6834 0.3691 0.6298
vn -0.3871 0.2184 0.8958
vn -0.7807 0.3372 0.5261
vn -0.8526 0.2916 0.4336
vn -0.8321 0.3575 0.4240
vn -0.4124 0.8314 -0.3725
vn -0.2083 0.9599 -0.1878
vn 0.0380 -0.7618 -0.6467
vn -0.6903 0.6766 0.2563
vn -0.6362 0.6876 0.3498
vn -0.7054 0.6861 0.1781
vn -0.7646 0.6439 0.0276
vn -0.6193 0.7810 0.0808
vn -0.8172 0.5760 0.0184
vn -0.1674 0.6307 0.7578
vn -0.3609 0.2460 0.8996
vn -0.8653 0.4102 0.2879
vn -0.4937 0.5830 0.6453
vn -0.3049 0.5171 0.7998
vn -0.7807 0.1520 0.6062
vn -0.7736 0.5816 -0.2516
vn -0.9619 0.2062 -0.1793
vn -0.7810 0.5765 -0.2403
vn 0.1278 0.9858 -0.1087
vn 0.1298 0.3636 0.9225
vn -0.0121 0.9974 0.0715
vn 0.3246 0.5748 0.7512
vn 0.0851 0.9915 0.0982
vn 0.1255 0.9916 0.0312
vn 0.0878 0.9961 -0.0069
vn 0.0963 0.9912 -0.0904
vn 0.2951 0.9213 0.2532
vn -0.5016 0.6963 0.5133
vn -0.3464 0.8544 0.3873
vn -0.6333 0.7449 0.2098
vn -0.1253 0.8182 0.5611
vn -0.7513 0.6556 0.0756
vn -0.8917 0.4522 0.0193
vn -0.8081 0.5138 -0.2882
vn -0.9316 0.3627 -0.0255
vn 0.3288 0.6310 0.7027
vn 0.2271 0.6117 0.7578
vn 0.1997 0.8284 0.5233
vn 0.3293 0.6844 0.6505
vn -0.1638 0.3931 0.9048
vn -0.2092 0.5074 0.8360
vn -0.1366 0.4856 0.8634
vn -0.1077 0.5352 0.8378
vn -0.1358 0.4545 0.8804
vn -0.1529 0.4805 0.8636
vn -0.4798 0.2177 0.8500
vn -0.8905 0.4242 -0.1649
vn -0.9906 0.0165 -0.1357
vn -0.8055 0.3139 -0.5026
vn -0.4633 0.6289 -0.6244
vn -0.6720 0.6556 -0.3443
vn -0.9726 0.1048 -0.2077
vn -0.8722 0.1232 -0.4733
vn -0.9682 0.0082 0.2501
vn -0.9766 -0.0598 -0.2066
vn -0.9899 -0.0818 -0.1160
vn -0.9188 0.3924 0.0425
vn -0.8455 0.5205 -0.1193
vn -0.4088 0.5476 0.7301
vn -0.5644 0.5113 0.6481
vn -0.2940 -0.5410 0.7880
vn 0.6222 -0.0533 0.7810
vn 0.4424 -0.3101 0.8415
vn -0.4039 -0.4984 0.7671
vn 0.6638 -0.0483 0.7463
vn 0.7017 -0.3113 0.6409
vn 0.3358 -0.4381 0.8338
vn -0.2064 0.3557 0.9115
vn -0.3569 0.0845 0.9303
vn -0.1938 0.3401 0.9202
vn 0.1118 -0.1419 0.9836
vn 0.2306 -0.0465 0.9719
vn 0.6364 -0.1347 0.7595
vn 0.1354 -0.6417 0.7549
vn -0.0232 -0.1311 0.9911
vn -0.2593 -0.4622 0.8480
vn -0.0202 0.0588 0.9981
vn 0.4726 -0.6781 0.5629
vn 0.3192 0.1414 0.9371
vn 0.3905 0.1074 0.9143
vn 0.4364 -0.4972 0.7499
vn -0.0842 -0.0218 0.9962
vn 0.5304 0.1044 0.8413
vn -0.3381 -0.4016 0.8511
vn 0.3007 0.1455 0.9426
vn -0.1217 -0.0408 0.9917
vn -0.0002 0.0437 0.9990
vn 0.2271 -0.4630 0.8568
vn 0.2687 -0.4321 0.8609
vn 0.2623 -0.3400 0.9031
vn 0.6693 -0.3237 0.6688
vn 0.3266 0.2213 0.9189
vn 0.2763 0.1709 0.9458
vn 0.1897 0.3099 0.9316
vn 0.3428 0.4057 0.8473
vn 0.2622 -0.5850 0.7675
vn 0.6528 -0.1618 0.7401
vn 0.4929 -0.2539 0.8322
vn 0.5412 -0.2304 0.8087
vn 0.6722 -0.0522 0.7385
vn 0.4386 0.0524 0.8971
vn 0.0089 -0.4813 0.8765
vn -0.4685 0.5595 0.6837
vn 0.4685 -0.2739 0.8399
vn 0.2251 0.0518 0.9729
vn 0.6682 0.0562 0.7419
vn 0.5175 -0.3600 0.7763
vn 0.4605 -0.3316 0.8234
vn 0.4733 -0.5641 0.6766
vn 0.3656 -0.3291 0.8707
vn 0.0660 -0.6727 0.7369
vn 0.6999 -0.5206 0.4889
vn 0.3459 -0.5329 0.7723
vn 0.3285 -0.4871 0.8092
vn 0.6254 -0.0082 0.7803
vn 0.3480 -0.5264 0.7758
vn 0.6841 0.0317 0.7287
vn -0.6036 -0.5829 0.5439
vn -0.2659 -0.4566 0.8490
vn -0.3451 0.4423 0.8278
vn -0.7852 -0.4590 0.4155
vn -0.2977 -0.4254 0.8546
vn -0.2533 -0.4883 0.8351
vn -0.1846 -0.4702 0.8630
vn -0.2658 -0.2399 0.9337
vn -0.1992 -0.5681 0.7985
vn -0.3149 -0.9128 0.2599
vn -0.4233 -0.4193 0.8031
vn -0.4189 -0.4258 0.8020
vn -0.2135 -0.4456 0.8694
vn 0.5646 -0.1223 0.8162
vn -0.3972 -0.3716 0.8391
vn -0.7140 0.2376 0.6586
vn -0.2540 -0.3286 0.9097
vn -0.3152 -0.3328 0.8887
vn -0.6101 0.5417 0.5782
vn -0.0783 0.3966 0.9146
vn -0.1630 0.2594 0.9519
vn -0.6273 0.4222 0.6544
vn -0.0492 0.3315 0.9422
vn 0.4060 -0.3830 0.8297
vn 0.2285 -0.7405 0.6320
vn -0.1389 -0.1352 0.9810
vn 0.2562 -0.6351 0.7287
vn 0.2844 0.1582 0.9455
vn 0.6839 -0.4769 0.5521
vn 0.4896 -0.5387 0.6857
vn 0.6015 -0.4623 0.6515
vn 0.6153 -0.4735 0.6303
vn 0.6052 -0.5748 0.5508
vn 0.1497 0.7172 0.6806
vn 0.3760 0.6677 0.6425
vn 0.1124 0.1144 0.9871
vn 0.0413 0.2646 0.9635
vn -0.0547 0.2106 0.9760
vn -0.1299 0.5092 0.8508
vn 0.4667 0.6485 0.6013
vn 0.4020 -0.2346 0.8851
vn 0.1171 0.1144 0.9865
vn 0.4323 0.5704 0.6984
vn 0.0587 -0.2070 0.9766
vn 0.0061 -0.2157 0.9764
vn 0.2860 0.2046 0.9361
vn -0.0102 0.1597 0.9871
vn -0.4790 -0.8707 0.1117
vn -0.0867 -0.9962 -0.0130
vn -0.5776 -0.8149 -0.0473
vn 0.0316 -0.8815 0.4711
vn -0.8629 -0.4307 0.2642
vn -0.5882 -0.8009 0.1123
vn 0.0917 -0.9537 0.2863
vn -0.3122 -0.8038 0.5064
vn -0.4032 -0.8279 0.3899
vn -0.5574 -0.8292 -0.0423
vn -0.6768 -0.6998 0.2285
vn 0.1567 -0.8766 -0.4551
vn 0.2186 -0.8344 -0.5060
vn 0.0779 -0.7875 -0.6114
vn -0.0415 -0.6390 -0.7681
vn 0.0188 -0.9947 -0.1010
vn -0.0010 -0.9995 -0.0319
vn 0.4512 -0.8797 0.1502
vn 0.3966 -0.8537 0.3374
vn 0.3821 -0.6749 0.6312
vn -0.4949 -0.4915 0.7166
vn -0.4984 -0.5479 0.6718
vn -0.0510 -0.7759 0.6288
vn -0.1548 -0.8729 0.4628
vn 0.2205 -0.8925 -0.3935
vn 0.2947 -0.8726 -0.3895
vn 0.2923 -0.8093 -0.5095
vn 0.2490 -0.8741 -0.4171
vn 0.2379 -0.7118 -0.6609
vn 0.2948 -0.8051 -0.5147
vn 0.4444 -0.7905 -0.4214
vn 0.3899 -0.7518 -0.5317
vn -0.5101 -0.8601 -0.0108
vn -0.8623 -0.4826 -0.1534
vn -0.6754 -0.7356 -0.0515
vn -0.6813 -0.6686 0.2980
vn -0.5317 -0.8360 0.1354
vn -0.1225 -0.3553 0.9267
vn -0.3653 -0.7475 0.5548
vn -0.5501 -0.6733 0.4941
vn 0.0765 -0.9658 0.2478
vn 0.1606 -0.6723 -0.7227
vn -0.2203 -0.9027 0.3695
vn 0.0042 -0.9784 0.2066
vn 0.2757 -0.7234 -0.6329
vn -0.3080 -0.7296 -0.6106
vn 0.0871 -0.7952 -0.6000
vn -0.1434 -0.7110 -0.6884
vn 0.2563 -0.7583 -0.5993
vn 0.2506 -0.9591 -0.1316
vn -0.5167 -0.7686 -0.3772
vn -0.6006 -0.7812 0.1702
vn -0.0058 -0.9990 0.0446
vn 0.4240 -0.5796 0.6959
vn -0.3739 -0.8948 0.2438
vn -0.1202 -0.9449 -0.3046
vn -0.0849 -0.9583 -0.2728
vn -0.2105 -0.9775 -0.0168
vn -0.2217 -0.9042 0.3651
vn 0.1090 -0.8430 -0.5268
vn -0.3457 -0.8505 0.3964
vn -0.1403 -0.9677 0.2094
vn -0.0870 -0.8318 -0.5482
vn -0.3034 -0.8948 -0.3274
vn -0.0554 -0.7412 -0.6690
vn -0.3470 -0.9200 -0.1823
vn 0.6200 -0.4787 0.6216
vn 0.4010 -0.3890 0.8294
vn 0.3034 -0.7220 0.6219
vn 0.1998 -0.7844 0.5872
vn -0.4076 -0.8881 -0.2126
vn -0.3667 -0.9282 0.0625
vn 0.2739 -0.6523 0.7067
vn 0.0478 -0.9897 0.1349
vn -0.2517 -0.9561 -0.1500
vn -0.5068 -0.8583 0.0802
vn -0.4791 -0.8765 -0.0457
vn -0.3382 -0.8292 -0.4450
vn 0.1315 -0.7569 -0.6402
vn 0.1222 -0.8077 -0.5768
vn 0.0977 -0.5580 0.8240
vn 0.3614 -0.6164 0.6997
vn 0.2284 -0.6561 0.7193
vn 0.6753 -0.7271 -0.1233
vn 0.0149 -0.9922 0.1236
vn -0.1260 -0.9378 -0.3236
vn 0.7144 -0.6895 -0.1194
vn 0.7417 -0.6656 -0.0831
vn 0.7737 -0.5897 -0.2317
vn 0.8460 -0.5273 -0.0795
vn 0.9401 -0.2688 -0.2098
vn -0.1958 -0.9218 -0.3344
vn 0.7865 -0.5954 -0.1637
vn 0.7967 -0.5981 -0.0866
vn 0.7822 -0.6224 -0.0300
vn -0.7261 -0.5503 0.4121
vn -0.6597 -0.7473 0.0797
vn -0.6363 -0.7663 -0.0885
vn 0.5638 0.1409 -0.8138
vn -0.7798 -0.6173 0.1040
vn -0.6895 -0.6820 -0.2438
vn -0.4208 -0.8239 -0.3795
vn -0.9626 -0.2672 0.0444
vn -0.8715 -0.3268 0.3657
vn -0.6288 -0.6738 -0.3881
vn -0.8730 -0.3007 0.3840
vn -0.9222 -0.3524 0.1591
vn -0.3370 -0.3196 -0.8856
vn -0.1613 -0.5315 -0.8315
vn -0.5281 -0.0515 -0.8476
vn -0.5175 -0.6932 -0.5017
vn -0.4247 -0.6286 -0.6516
vn -0.5642 -0.2513 -0.7865
vn -0.4475 -0.1169 -0.8866
vn -0.5132 -0.2639 -0.8167
vn 0.0374 -0.5658 -0.8237
vn 0.2861 -0.9098 -0.3007
vn 0.0064 -0.5677 -0.8232
vn -0.0534 -0.8949 -0.4431
vn -0.5885 -0.7463 -0.3109
vn -0.2028 -0.9078 -0.3672
vn -0.4136 -0.3866 -0.8243
vn -0.2500 -0.7669 -0.5911
vn 0.8574 -0.4577 -0.2351
vn 0.8101 -0.5853 -0.0343
vn 0.9271 -0.3395 0.1591
vn 0.8255 -0.2227 -0.5186
vn 0.9406 -0.2686 -0.2078
vn 0.7707 -0.5259 -0.3598
vn 0.8593 -0.4504 0.2425
vn 0.0985 -0.6357 0.7656
vn 0.8322 -0.5423 0.1159
vn 0.0465 -0.3410 0.9389
vn 0.2459 -0.4363 0.8656
vn 0.3959 -0.3038 0.8666
vn 0.1321 -0.4612 0.8774
vn 0.6025 -0.5391 0.5885
vn 0.5864 -0.5178 0.6229
vn -0.1749 -0.2296 0.9574
vn 0.6375 -0.4276 0.6409
vn -0.2455 -0.9300 0.2737
vn 0.4777 -0.5742 0.6649
vn -0.3362 -0.9376 0.0888
vn -0.3166 -0.9485 -0.0062
vn -0.1714 -0.9852 -0.0052
vn -0.0527 -0.9872 -0.1503
vn -0.0763 -0.4217 0.9035
vn -0.6121 -0.7771 0.1466
vn -0.7036 -0.7091 0.0461
vn -0.8911 0.3215 -0.3202
vn -0.9002 0.4332 -0.0445
vn -0.0641 0.9788 0.1946
vn -0.1085 0.9933 0.0389
vn -0.7746 0.6116 -0.1610
vn -0.1644 0.9772 0.1340
vn -0.1317 0.8293 -0.5431
vn -0.3241 0.9258 0.1943
vn -0.0826 0.9954 0.0479
vn -0.2098 0.9333 0.2916
vn -0.1877 0.6388 0.7461
vn 0.0190 0.8886 0.4583
vn -0.2025 0.5414 0.8160
vn -0.4154 0.9086 0.0435
vn -0.3700 0.7591 0.5357
vn 0.0978 0.7646 0.6371
vn 0.1894 0.6835 0.7050
vn 0.0601 0.9502 0.3059
vn 0.1557 0.8558 0.4934
vn 0.0284 0.7491 0.6618
vn -0.1112 0.8927 0.4366
vn 0.0721 0.7441 0.6642
vn 0.3638 0.8187 -0.4443
vn 0.3444 0.8403 -0.4185
vn -0.8433 0.4568 -0.2832
vn 0.0815 0.8580 -0.5072
vn -0.3912 0.9016 -0.1845
vn -0.0173 0.7453 -0.6665
vn 0.2067 0.7561 -0.6210
vn 0.5745 0.8109 -0.1118
vn 0.5576 0.8214 -0.1203
vn 0.6438 0.7375 -0.2040
vn 0.4931 0.8107 -0.3155
vn -0.3371 0.9375 0.0864
vn -0.2240 0.9696 -0.0984
vn -0.1904 0.9695 -0.1543
vn -0.6089 0.7928 -0.0267
vn -0.3395 0.9344 -0.1074
vn 0.3688 0.8598 0.3530
vn 0.2047 0.8442 0.4955
vn 0.2536 0.7915 0.5561
vn 0.1941 0.8207 0.5374
vn 0.5863 0.8085 -0.0507
vn -0.4615 0.8869 0.0199
vn -0.2631 0.9569 -0.1226
vn 0.0208 0.9971 0.0736
vn -0.0904 0.9179 -0.3864
vn -0.3446 0.8788 0.3301
vn -0.5216 0.8262 -0.2126
vn -0.6207 0.7780 0.0975
vn -0.4649 0.8788 0.1080
vn -0.4931 0.8503 -0.1837
vn -0.4070 0.8917 0.1980
vn -0.3536 0.9334 0.0612
vn -0.4447 0.8775 0.1797
vn -0.8928 0.3028 -0.3335
vn -0.7935 0.2982 -0.5305
vn -0.7980 0.6017 -0.0338
vn -0.9827 0.1847 -0.0153
vn -0.9633 0.2530 0.0893
vn -0.8876 0.4496 -0.1004
vn -0.6686 0.3635 0.6488
vn -0.4782 0.8103 0.3387
vn -0.0627 0.9793 0.1925
vn 0.8968 -0.3249 -0.3003
vn -0.8486 0.4102 0.3343
vn -0.7792 0.3995 0.4829
vn -0.8317 0.3489 0.4319
vn -0.8653 0.3316 0.3759
vn -0.9727 0.2286 -0.0388
vn -0.9061 0.3969 -0.1468
vn -0.8191 0.5002 -0.2809
vn -0.9649 0.1941 -0.1767
vn -0.8787 0.4410 -0.1827
vn 0.0171 0.9385 -0.3448
vn -0.0288 0.6202 -0.7839
vn 0.3281 0.2588 -0.9085
vn 0.1578 0.4751 -0.8657
vn -0.1141 0.3524 -0.9289
vn -0.0431 0.2403 -0.9697
vn -0.0272 0.9989 0.0377
vn 0.4869 0.8608 0.1484
vn 0.0789 0.7583 0.6471
vn -0.1868 0.9338 0.3050
vn -0.1008 0.9935 0.0530
vn 0.4089 0.8609 0.3029
vn 0.4043 0.8815 0.2440
vn 0.4199 0.8708 0.2558
vn 0.5154 0.8509 0.1018
vn 0.2013 0.8169 0.5406
vn 0.4175 0.7997 0.4314
vn -0.0756 0.9395 0.3340
vn -0.0056 0.7156 0.6985
vn 0.0332 0.8956 0.4436
vn 0.3106 0.7762 0.5487
vn 0.2877 0.7404 0.6075
vn 0.0708 0.6664 0.7422
vn -0.1917 0.9801 0.0516
vn 0.4512 -0.5537 -0.6999
vn 0.4628 -0.3293 -0.8230
vn 0.2394 0.0306 -0.9704
vn 0.2532 0.3695 -0.8941
vn 0.3527 -0.3903 -0.8505
vn 0.0393 0.1887 -0.9812
vn 0.3275 0.4438 -0.8341
vn -0.0739 0.2772 -0.9580
vn -0.0219 0.2914 -0.9564
vn 0.9003 -0.2130 -0.3795
vn 0.8296 0.4987 -0.2512
vn 0.8314 0.5307 -0.1646
vn 0.9186 0.2959 -0.2619
vn 0.6900 0.5944 -0.4130
vn 0.5731 0.6650 0.4789
vn 0.6144 -0.7064 -0.3514
vn 0.7033 -0.7086 -0.0566
vn 0.3893 -0.7625 -0.5168
vn 0.6452 -0.4905 -0.5858
vn 0.8167 -0.5770 -0.0078
vn 0.7358 -0.5924 -0.3282
vn 0.7750 -0.6215 -0.1144
vn 0.3560 -0.7396 -0.5712
vn 0.9174 0.3332 0.2177
vn 0.7629 0.6310 -0.1407
vn 0.4119 -0.6906 -0.5945
vn 0.8131 -0.4189 0.4043
vn 0.5940 -0.8043 0.0185
vn 0.7508 0.6279 0.2050
vn 0.9032 0.2565 0.3442
vn 0.9814 -0.0143 -0.1913
vn 0.8662 -0.3590 0.3477
vn -0.8703 0.4042 0.2814
vn 0.9568 -0.1122 0.2683
vn 0.8779 -0.4776 0.0343
vn 0.9585 0.1202 0.2587
vn 0.8840 0.0637 0.4632
vn 0.9737 0.1529 0.1687
vn 0.2055 -0.6173 0.7594
vn 0.8542 -0.5198 -0.0047
vn 0.1630 -0.5029 0.8489
vn 0.7191 -0.6549 -0.2324
vn 0.7564 -0.6351 -0.1567
vn 0.7665 -0.6421 0.0136
vn 0.6774 -0.7342 0.0453
vn 0.8842 -0.0957 0.4573
vn 0.7764 -0.0782 0.6254
vn 0.7505 -0.6265 -0.2102
vn 0.5428 -0.8287 -0.1361
vn 0.7602 -0.6285 -0.1644
vn 0.5009 -0.8592 -0.1039
vn 0.8830 0.1900 0.4293
vn 0.9296 -0.0779 0.3603
vn 0.8623 0.1025 0.4959
vn 0.9052 0.2328 0.3554
vn 0.7412 -0.6417 0.1970
vn 0.4681 -0.8502 0.2409
vn 0.5191 -0.7801 0.3491
vn 0.9558 0.2018 0.2136
vn 0.9268 -0.3682 -0.0742
vn 0.5713 -0.7458 -0.3428
vn 0.8564 0.1827 0.4830
vn 0.7002 -0.7107 -0.0683
vn 0.7443 0.2178 0.6313
vn 0.5263 -0.8449 0.0954
vn 0.7541 -0.4159 -0.5082
vn 0.8437 -0.5366 0.0141
vn 0.6823 -0.7157 -0.1494
vn 0.6279 -0.6980 -0.3443
vn 0.7437 -0.5254 -0.4133
vn 0.7170 -0.6015 0.3522
vn 0.4299 -0.9029 0.0035
vn 0.9142 -0.3730 0.1587
vn 0.2710 -0.7777 -0.5673
vn 0.7709 -0.4458 0.4549
vn 0.8990 -0.3658 -0.2407
vn 0.7426 -0.0055 0.6698
vn 0.3527 0.3329 0.8745
vn 0.3768 0.5838 0.7191
vn 0.7891 0.4711 0.3941
vn 0.8206 0.4891 0.2956
vn 0.8365 0.3696 0.4045
vn 0.5540 -0.1926 0.8099
vn 0.3593 -0.2088 0.9096
vn 0.8336 -0.4083 0.3720
vn 0.9534 -0.2056 0.2207
vn 0.9758 -0.1575 0.1516
vn 0.0701 0.4607 0.8848
vn 0.8608 0.4912 0.1330
vn 0.8504 -0.4659 0.2444
vn 0.8606 -0.5082 -0.0327
vn 0.9693 -0.2263 0.0965
vn 0.9951 0.0549 0.0823
vn 0.9709 0.2176 0.0998
vn 0.9899 0.0302 -0.1387
vn 0.9359 -0.2452 0.2529
vn 0.9173 -0.1852 0.3524
vn 0.3577 -0.3696 0.8576
vn 0.4573 -0.8892 -0.0131
vn 0.6076 -0.7252 0.3240
vn 0.9433 -0.2930 0.1559
vn -0.1685 0.1640 -0.9720
vn 0.9106 -0.3705 0.1832
vn 0.9460 -0.1936 0.2600
vn -0.0049 -0.4652 0.8852
vn 0.2426 -0.6245 0.7424
vn 0.1142 -0.8347 0.5388
vn 0.6261 -0.2006 0.7535
vn 0.1356 0.1695 -0.9762
vn 0.9514 0.2968 0.0824
vn -0.3415 0.0583 -0.9381
vn 0.6433 0.4427 -0.6247
vn 0.6671 0.3389 -0.6634
vn 0.8303 -0.2740 -0.4853
vn 0.6073 -0.5664 -0.5571
vn 0.8777 -0.1664 -0.4493
vn -0.4100 -0.0057 -0.9121
vn 0.6698 -0.2784 -0.6884
vn 0.1489 -0.6487 -0.7463
vn 0.1866 -0.5407 -0.8203
vn -0.0665 0.3883 -0.9191
vn 0.0994 -0.7078 -0.6993
vn -0.0752 -0.7000 -0.7101
vn -0.0010 0.3363 -0.9417
vn 0.0219 0.3349 -0.9420
vn 0.1803 0.3666 -0.9127
vn 0.4053 0.5571 -0.7248
vn 0.7714 0.3301 -0.5439
vn 0.6584 0.5322 -0.5322
vn 0.2797 0.2981 -0.9126
vn 0.5531 -0.1051 -0.8264
vn -0.0642 -0.0590 -0.9962
vn 0.5656 -0.2593 -0.7829
vn 0.5602 -0.3052 -0.7701
vn 0.5335 -0.1888 -0.8244
vn 0.2041 0.0730 -0.9762
vn 0.1168 0.4339 -0.8934
vn 0.4075 0.6211 -0.6694
vn 0.0543 0.4477 -0.8925
vn 0.4772 0.6092 -0.6334
vn 0.1976 0.3632 -0.9105
vn 0.2056 -0.5524 -0.8079
vn 0.3626 -0.6265 -0.6899
vn 0.6271 0.1244 -0.7689
vn 0.5399 -0.4239 -0.7272
vn 0.7986 -0.0670 -0.5981
vn 0.7942 -0.4695 -0.3858
vn 0.6942 -0.2291 -0.6824
vn 0.4878 -0.2439 -0.8382
vn 0.2187 -0.4212 -0.8802
vn 0.2744 0.7133 -0.6449
vn -0.1320 0.6166 -0.7762
vn 0.3084 0.6478 -0.6966
vn 0.1755 0.3749 -0.9103
vn 0.1542 0.3586 -0.9207
vn 0.2048 -0.5359 -0.8191
vn 0.0148 -0.3433 -0.9391
vn 0.6155 -0.6206 -0.4858
vn 0.8031 -0.1918 -0.5641
vn 0.7940 0.0390 -0.6067
vn 0.8159 -0.4094 -0.4083
vn 0.6110 -0.3438 -0.7131
vn 0.1118 0.6929 -0.7123
vn 0.0057 0.5161 -0.8565
vn 0.2488 0.4680 -0.8480
vn 0.2371 0.3954 -0.8874
vn 0.2400 0.3809 -0.8929
vn 0.3523 0.3071 -0.8841
vn 0.8009 -0.3262 -0.5021
vn 0.6064 -0.6433 -0.4674
vn 0.8787 -0.4102 -0.2442
vn 0.9208 0.3008 0.2484
vn 0.8217 -0.4110 0.3948
vn 0.9106 0.1197 0.3956
vn 0.6239 -0.5912 -0.5111
vn 0.3342 0.5717 -0.7493
vn 0.6977 -0.5322 -0.4795
vn 0.7352 -0.5524 -0.3928
vn 0.6524 0.0759 -0.7541
vn 0.7358 0.6005 -0.3130
vn 0.8556 -0.2618 -0.4466
vn 0.7394 -0.4316 -0.5167
vn 0.7865 0.0261 -0.6170
vn 0.8349 -0.5362 0.1244
vn 0.9296 0.0755 0.3606
vn -0.7021 0.0595 -0.7096
vn -0.6852 -0.0093 -0.7283
vn -0.7037 0.0459 -0.7090
vn 0.1972 -0.6741 -0.7118
vn -0.3299 -0.2250 -0.9168
vn -0.3229 0.2616 -0.9095
vn -0.1865 0.4362 -0.8803
vn -0.1975 0.7216 -0.6636
vn -0.1650 -0.2472 -0.9548
vn 0.0044 -0.8438 -0.5366
vn 0.7291 0.1641 -0.6644
vn 0.7557 0.1656 -0.6336
vn 0.6018 -0.5590 -0.5703
vn 0.3552 -0.7447 -0.5650
vn 0.6149 -0.5153 -0.5970
vn 0.4047 -0.4478 -0.7973
vn 0.0121 -0.3043 -0.9525
vn 0.4302 -0.5375 -0.7253
vn 0.8652 0.2619 -0.4276
vn 0.5223 -0.6656 -0.5331
vn 0.6979 -0.3068 -0.6472
vn 0.9045 0.0546 -0.4230
vn 0.9173 0.3981 -0.0099
vn 0.7402 0.3527 -0.5724
vn 0.8276 0.3452 -0.4427
vn 0.8504 -0.2794 -0.4459
vn 0.8779 0.4754 0.0578
vn 0.8641 0.5000 -0.0581
vn 0.7426 0.6208 0.2513
vn 0.8149 0.1543 0.5587
vn 0.5337 0.3602 0.7651
vn 0.8395 0.1715 0.5156
vn 0.9676 0.0666 0.2435
vn 0.6373 0.5109 0.5769
vn 0.9817 0.1021 0.1610
vn 0.9660 0.1517 0.2092
vn 0.9642 0.1672 0.2057
vn 0.7305 0.6226 0.2808
vn 0.4074 0.7910 0.4565
vn 0.8312 0.4457 0.3323
vn -0.3818 0.2126 -0.8994
vn 0.7504 0.6320 -0.1934
vn 0.8171 -0.5561 0.1521
vn 0.8534 -0.5210 -0.0144
vn 0.9973 -0.0661 0.0322
vn 0.9697 0.2096 0.1257
vn 0.9677 0.2157 0.1304
vn 0.6860 -0.6985 -0.2038
vn 0.7044 -0.6522 -0.2800
vn 0.7170 -0.5637 -0.4100
vn 0.7719 -0.5816 -0.2569
vn 0.9115 -0.2877 -0.2938
vn 0.8613 -0.4418 -0.2512
vn 0.9136 -0.2922 -0.2826
vn 0.7000 -0.6543 -0.2862
vn 0.1312 -0.5482 -0.8260
vn 0.7699 -0.4883 -0.4109
vn 0.0934 -0.0803 -0.9924
vn 0.3632 -0.1579 -0.9182
vn 0.0526 -0.6483 -0.7596
vn -0.4138 -0.5319 -0.7388
vn -0.1433 -0.4771 -0.8671
vn -0.2158 -0.7239 -0.6553
vn -0.0915 -0.6636 -0.7425
vn -0.7745 -0.6241 -0.1030
vn -0.7614 -0.6385 -0.1121
vn -0.7613 -0.6484 -0.0030
vn -0.7352 0.2135 -0.6434
vn -0.9156 -0.2429 -0.3204
vn -0.6524 0.0881 -0.7528
vn -0.0780 -0.0682 -0.9946
vn -0.8585 -0.5004 -0.1121
vn -0.1892 0.3354 -0.9229
vn -0.3319 -0.2011 -0.9216
vn -0.2406 0.3407 -0.9089
vn -0.9030 -0.1394 -0.4064
vn -0.8672 -0.3304 -0.3726
vn -0.7243 -0.0163 -0.6893
vn -0.8412 -0.5335 -0.0884
vn -0.7859 0.4495 -0.4246
vn -0.7481 0.3487 -0.5646
vn -0.8907 -0.2424 -0.3845
vn -0.9902 0.0648 -0.1238
vn -0.8776 -0.4487 -0.1689
vn -0.8606 -0.4186 -0.2900
vn -0.2230 0.2214 -0.9493
vn -0.4213 0.0394 -0.9061
vn -0.6284 -0.1317 -0.7667
vn -0.9070 -0.1219 -0.4031
vn -0.8397 -0.5355 -0.0906
vn -0.2241 -0.3315 -0.9164
vn -0.9291 -0.0540 -0.3658
vn -0.9545 -0.2900 -0.0700
vn -0.8327 0.3310 -0.4438
vn -0.8275 0.3509 -0.4383
vn -0.9760 0.1236 -0.1792
vn -0.3291 -0.2855 -0.9001
vn 0.0002 -0.7917 -0.6109
vn -0.1963 -0.7474 -0.6347
vn 0.0087 -0.8391 -0.5440
vn -0.5009 -0.2428 -0.8308
vn -0.4893 0.3553 -0.7965
vn -0.5654 -0.6672 -0.4849
vn -0.6317 -0.0240 -0.7749
vn -0.6154 -0.1096 -0.7806
vn -0.8987 -0.2468 -0.3625
vn -0.5355 -0.5117 -0.6718
vn -0.5292 -0.3475 -0.7740
vn 0.3138 -0.0746 -0.9466
vn -0.2265 -0.3419 -0.9120
vn -0.0276 -0.8272 -0.5613
vn -0.6583 -0.3553 -0.6636
vn 0.3044 -0.7217 -0.6217
vn -0.3735 -0.8292 -0.4160
vn -0.3997 -0.5059 -0.7644
vn -0.4621 0.3271 -0.8243
vn -0.5235 -0.0353 -0.8513
vn -0.4549 -0.6653 -0.5920
vn -0.6094 -0.0480 -0.7914
vn -0.6601 -0.0896 -0.7458
vn 0.5318 -0.5371 -0.6548
vn 0.4681 -0.4905 -0.7350
vn 0.3988 -0.2671 -0.8773
vn -0.3867 0.0333 -0.9216
vn -0.3100 0.0448 -0.9497
vn -0.1385 -0.1100 -0.9842
vn -0.2249 -0.6875 -0.6905
vn -0.6024 -0.6288 -0.4916
vn -0.5161 -0.7745 -0.3657
vn 0.2122 -0.5388 -0.8152
vn 0.0829 -0.4182 -0.9046
vn -0.6643 -0.0870 -0.7424
vn -0.0432 -0.8910 -0.4520
vn 0.5320 -0.3932 -0.7499
vn 0.6629 -0.4220 -0.6185
vn 0.6121 -0.4291 -0.6642
vn 0.6121 -0.6321 -0.4753
vn -0.7534 -0.1225 -0.6460
vn -0.6786 -0.3310 -0.6557
vn -0.5186 -0.5439 -0.6597
vn -0.4180 -0.7140 -0.5617
vn -0.0263 0.0105 -0.9996
vn 0.2202 -0.4574 -0.8616
vn 0.1004 -0.3168 -0.9432
vn 0.4641 -0.0458 -0.8846
vn 0.1432 -0.7907 -0.5952
vn 0.6121 -0.1444 -0.7775
vn 0.5079 -0.0460 -0.8602
vn 0.4819 -0.6976 -0.5302
vn 0.6039 -0.5107 -0.6119
vn 0.4180 -0.7517 -0.5101
vn -0.8503 -0.5093 -0.1329
vn -0.7821 -0.5931 0.1913
vn -0.9201 -0.3725 0.1215
vn -0.8578 0.0844 0.5070
vn -0.6453 0.2267 -0.7295
vn -0.9538 -0.1244 -0.2735
vn -0.4537 0.2699 -0.8493
vn -0.6703 -0.4943 -0.5535
vn -0.8137 -0.4721 -0.3391
vn -0.8275 -0.5605 0.0329
vn -0.8451 -0.5181 -0.1323
vn -0.4629 0.0707 -0.8836
vn -0.4748 0.7266 -0.4965
vn -0.0802 0.3494 -0.9335
vn -0.9760 0.0159 -0.2173
vn -0.7478 0.3784 -0.5455
vn -0.7870 0.3805 -0.4856
vn -0.8194 -0.2616 -0.5101
vn -0.7159 0.1505 -0.6818
vn -0.7779 -0.1775 -0.6028
vn -0.6614 -0.2292 -0.7142
vn -0.6381 -0.1771 -0.7493
vn -0.6452 -0.0712 -0.7607
vn 0.2725 -0.0897 -0.9580
vn 0.3703 -0.1169 -0.9215
vn 0.3728 -0.0815 -0.9243
vn 0.1222 -0.1536 -0.9805
vn 0.2093 -0.3968 -0.8937
vn 0.4614 -0.5789 -0.6723
vn 0.4151 -0.6110 -0.6741
vn 0.3628 -0.1650 -0.9172
vn 0.3605 -0.7373 -0.5713
vn 0.4441 -0.4447 -0.7778
vn 0.4486 -0.7245 -0.5232
vn 0.4462 -0.7207 -0.5305
vn 0.3257 -0.4862 -0.8109
vn 0.4299 -0.3072 -0.8490
vn 0.9285 -0.2110 -0.3056
vn 0.5316 -0.1214 -0.8383
vn 0.7394 -0.4031 -0.5393
vn 0.6567 -0.3803 -0.6513
vn 0.0403 -0.7149 -0.6980
vn 0.0060 0.5994 -0.8004
vn 0.0467 -0.1454 -0.9883
vn -0.6911 -0.2687 -0.6710
vn -0.8698 0.3466 -0.3513
vn -0.5277 0.4048 -0.7468
vn -0.5093 0.3338 -0.7932
vn -0.1615 0.1067 -0.9811
vn -0.3226 0.3535 -0.8780
vn -0.4010 -0.3899 -0.8290
vn -0.3316 -0.0981 -0.9383
vn -0.3255 -0.0287 -0.9451
vn -0.7776 -0.5936 0.2073
vn -0.4759 -0.8791 0.0278
vn -0.8297 -0.4049 0.3843
vn -0.5109 -0.7658 -0.3904
vn -0.4430 -0.8963 0.0208
vn -0.7285 -0.6512 0.2125
vn -0.5784 -0.8127 -0.0700
vt 0.130215 0.395937
vt 0.143457 0.406113
vt 0.113239 0.424384
vt 0.886768 0.317131
vt 0.905438 0.311798
vt 0.904833 0.333926
vt 0.143004 0.357634
vt 0.165440 0.330525
vt 0.167011 0.353648
vt 0.901804 0.285687
vt 0.908339 0.105035
vt 0.908678 0.076574
vt 0.935906 0.076778
vt 0.180930 0.395813
vt 0.183807 0.368003
vt 0.210791 0.381500
vt 0.149575 0.373904
vt 0.211721 0.358698
vt 0.197012 0.335641
vt 0.930155 0.060017
vt 0.184990 0.315950
vt 0.170917 0.188000
vt 0.137548 0.194579
vt 0.175241 0.167446
vt 0.193410 0.229536
vt 0.169331 0.224331
vt 0.138237 0.147551
vt 0.215580 0.197401
vt 0.199179 0.189848
vt 0.829898 0.192291
vt 0.849386 0.183404
vt 0.844082 0.206787
vt 0.874655 0.199705
vt 0.882576 0.173061
vt 0.195205 0.262815
vt 0.178684 0.255489
vt 0.152747 0.229091
vt 0.154000 0.262407
vt 0.224532 0.223436
vt 0.216648 0.246401
vt 0.210173 0.261932
vt 0.226153 0.284959
vt 0.212894 0.271632
vt 0.626519 0.282250
vt 0.629937 0.250937
vt 0.649004 0.228203
vt 0.610052 0.323100
vt 0.621414 0.300656
vt 0.640100 0.309628
vt 0.864076 0.025434
vt 0.833003 -0.000000
vt 0.861757 0.000953
vt 0.307479 0.311509
vt 0.307145 0.332689
vt 0.283215 0.304819
vt 0.308315 0.293722
vt 0.311922 0.263208
vt 0.275604 0.280591
vt 0.291961 0.251409
vt 0.258500 0.256253
vt 0.273416 0.235283
vt 0.280612 0.337022
vt 0.255128 0.279816
vt 0.255298 0.369149
vt 0.251328 0.341515
vt 0.270617 0.352280
vt 0.231661 0.353007
vt 0.251002 0.319918
vt 0.245753 0.299270
vt 0.156794 0.297831
vt 0.114507 0.315648
vt 0.128343 0.282893
vt 0.199273 0.294072
vt 0.658990 0.829171
vt 0.665401 0.817683
vt 0.665401 0.843402
vt 0.243187 0.247035
vt 0.246022 0.227723
vt 0.906143 0.218495
vt 0.892475 0.190362
vt 0.906494 0.186361
vt 0.890213 0.241443
vt 0.878769 0.228219
vt 0.895427 0.220005
vt 0.237291 0.397789
vt 0.561350 0.005945
vt 0.598173 0.001875
vt 0.567823 0.018540
vt 0.226248 0.415462
vt 0.210834 0.318676
vt 0.945014 0.331343
vt 0.955518 0.317991
vt 0.955518 0.344589
vt 0.889987 0.266575
vt 0.902954 0.249185
vt 0.225696 0.318645
vt 0.232630 0.301334
vt 0.621542 0.923758
vt 0.632093 0.904134
vt 0.632093 0.940354
vt 0.106658 0.479410
vt 0.138948 0.455059
vt 0.128775 0.477725
vt 0.485389 0.358554
vt 0.510816 0.373910
vt 0.474952 0.399883
vt 0.155962 0.432224
vt 0.104904 0.452541
vt 0.104933 0.411175
vt 0.089049 0.390153
vt 0.104478 0.359493
vt 0.113897 0.380207
vt 0.083752 0.367882
vt 0.871244 0.340281
vt 0.160740 0.474215
vt 0.173736 0.418747
vt 0.175490 0.439718
vt 0.200811 0.427636
vt 0.221101 0.447786
vt 0.202425 0.461502
vt 0.506391 0.000000
vt 0.541734 0.002037
vt 0.525724 0.027220
vt 0.544297 0.020210
vt 0.555792 0.037541
vt 0.120391 0.122577
vt 0.093547 0.136626
vt 0.105127 0.102423
vt 0.599153 0.825607
vt 0.632895 0.838140
vt 0.612874 0.850229
vt 0.066552 0.120467
vt 0.606675 0.761316
vt 0.631952 0.793808
vt 0.609249 0.793784
vt 0.585599 0.763081
vt 0.585122 0.789338
vt 0.242846 0.184730
vt 0.221176 0.166763
vt 0.613660 0.719250
vt 0.630448 0.741260
vt 0.852995 0.156965
vt 0.820110 0.172755
vt 0.119473 0.165965
vt 0.078161 0.186729
vt 0.080161 0.153425
vt 0.117920 0.191302
vt 0.125338 0.240751
vt 0.090519 0.282976
vt 0.093151 0.252993
vt 0.066581 0.316480
vt 0.678403 0.231608
vt 0.669794 0.240345
vt 0.656839 0.216182
vt 0.663983 0.291302
vt 0.681447 0.265183
vt 0.693268 0.265759
vt 0.662039 0.254987
vt 0.892397 0.040012
vt 0.653418 0.337001
vt 0.693018 0.296231
vt 0.844787 0.043184
vt 0.588997 0.027380
vt 0.578148 0.051329
vt 0.619657 0.203392
vt 0.302078 0.220524
vt 0.332823 0.217778
vt 0.288190 0.188245
vt 0.263921 0.198781
vt 0.343394 0.636767
vt 0.326546 0.640292
vt 0.326546 0.595613
vt 0.367908 0.950604
vt 0.343158 0.933272
vt 0.353410 0.911654
vt 0.405855 0.379725
vt 0.411325 0.421583
vt 0.389790 0.393831
vt 0.382874 0.417919
vt 0.381946 0.471612
vt 0.401839 0.446827
vt 0.022102 0.403061
vt 0.000000 0.368783
vt 0.037019 0.381624
vt 0.004584 0.343341
vt 0.056700 0.369731
vt 0.029635 0.343691
vt 0.063708 0.338582
vt 0.905229 0.622092
vt 0.938568 0.632649
vt 0.917345 0.651002
vt 0.924783 0.609843
vt 0.931946 0.591770
vt 0.943986 0.607161
vt 0.878609 0.625038
vt 0.888940 0.643772
vt 0.910843 0.584013
vt 0.867590 0.604213
vt 0.861170 0.564132
vt 0.891374 0.587449
vt 0.819515 0.530495
vt 0.832142 0.550902
vt 0.817450 0.548047
vt 0.249513 0.947639
vt 0.263168 0.923427
vt 0.263168 0.956930
vt 0.577836 0.878102
vt 0.589829 0.865768
vt 0.587772 0.897043
vt 0.240549 0.928157
vt 0.314834 0.880002
vt 0.306897 0.898035
vt 0.288825 0.877675
vt 0.333022 0.881221
vt 0.332271 0.898588
vt 0.824469 0.573158
vt 0.843006 0.575440
vt 0.840604 0.594286
vt 0.848828 0.539145
vt 0.863581 0.540409
vt 0.863836 0.514328
vt 0.881716 0.523187
vt 0.899379 0.534251
vt 0.037025 0.187984
vt 0.023918 0.189099
vt 0.051716 0.171475
vt 0.656991 0.823249
vt 0.643319 0.807540
vt 0.658990 0.789231
vt 0.632895 0.833784
vt 0.658990 0.856842
vt 0.379241 0.786758
vt 0.362766 0.814958
vt 0.349893 0.768282
vt 0.349893 0.823373
vt 0.943493 0.728160
vt 0.941266 0.749768
vt 0.925742 0.753745
vt 0.943493 0.776623
vt 0.371138 0.837236
vt 0.941637 0.474571
vt 0.908924 0.471960
vt 0.921747 0.448879
vt 0.888431 0.467899
vt 0.921311 0.497161
vt 0.890886 0.489567
vt 0.900665 0.436965
vt 0.919036 0.421434
vt 0.907323 0.510868
vt 0.935200 0.528575
vt 0.932607 0.551025
vt 0.914324 0.530167
vt 0.960941 0.547748
vt 0.817678 0.589800
vt 0.828320 0.616367
vt 0.876640 0.491318
vt 0.876302 0.457952
vt 0.885749 0.508839
vt 0.026114 0.313647
vt 0.044400 0.297821
vt 0.014216 0.322094
vt 0.960941 0.586046
vt 0.027062 0.285275
vt 0.899800 0.558035
vt 0.885683 0.555123
vt -0.000000 0.957526
vt -0.000000 0.931048
vt 0.024889 0.953320
vt 0.425617 0.448462
vt 0.400988 0.463093
vt 0.812539 0.660495
vt 0.829045 0.645466
vt 0.838933 0.675575
vt 0.850718 0.636753
vt 0.867401 0.661036
vt 0.429093 0.495311
vt 0.401028 0.522718
vt 0.390026 0.496469
vt 0.809123 0.619491
vt 0.057293 0.428920
vt 0.043522 0.413458
vt 0.057343 0.289245
vt 0.765816 0.533087
vt 0.794923 0.544611
vt 0.772685 0.553831
vt 0.760382 0.543587
vt 0.798529 0.517539
vt 0.825729 0.507153
vt 0.812074 0.490192
vt 0.827588 0.486316
vt 0.846525 0.499019
vt 0.854011 0.460603
vt 0.830908 0.454936
vt 0.858431 0.478620
vt 0.795376 0.566925
vt 0.766290 0.577496
vt 0.788529 0.591206
vt 0.042776 0.143764
vt 0.050400 0.102843
vt 0.064240 0.221412
vt 0.043869 0.204747
vt 0.027217 0.158576
vt 0.067044 0.257550
vt 0.094879 0.216384
vt 0.049630 0.239402
vt 0.891802 0.423923
vt 0.879857 0.403025
vt 0.333022 0.846352
vt 0.305774 0.842267
vt 0.332349 0.834363
vt 0.881839 0.447110
vt 0.853954 0.444097
vt 0.303182 0.859941
vt 0.513900 0.475544
vt 0.523049 0.508895
vt 0.483882 0.459604
vt 0.532632 0.480327
vt 0.552231 0.505821
vt 0.536177 0.520307
vt 0.159359 0.856227
vt 0.146771 0.850615
vt 0.165232 0.824838
vt 0.595296 0.558170
vt 0.572701 0.557966
vt 0.590317 0.533191
vt 0.602655 0.587272
vt 0.556529 0.575882
vt 0.613167 0.598456
vt 0.584548 0.601395
vt 0.620563 0.560850
vt 0.835873 0.960948
vt 0.846088 0.937767
vt 0.859276 0.964489
vt 0.814374 0.924367
vt 0.808988 0.939148
vt 0.908623 0.791025
vt 0.931764 0.804376
vt 0.934864 0.829059
vt 0.934864 0.779986
vt 0.515609 0.524211
vt 0.506107 0.542866
vt 0.490547 0.516024
vt 0.530669 0.537072
vt 0.165232 0.891600
vt 0.147699 0.903441
vt 0.162743 0.872835
vt 0.528127 0.576397
vt 0.527507 0.563893
vt 0.121949 0.903111
vt 0.117258 0.879624
vt 0.548651 0.595771
vt 0.907467 0.295727
vt 0.930860 0.313824
vt 0.905438 0.327264
vt 0.927375 0.285469
vt 0.845967 0.908980
vt 0.859066 0.893462
vt 0.870807 0.919488
vt 0.486319 0.540300
vt 0.463100 0.508433
vt 0.448025 0.526497
vt 0.471050 0.558655
vt 0.457705 0.564410
vt 0.497229 0.575475
vt 0.504296 0.557903
vt 0.464872 0.591930
vt 0.512945 0.597004
vt 0.219134 0.916752
vt 0.236321 0.894873
vt 0.236321 0.937475
vt 0.219401 0.888879
vt 0.561173 0.629445
vt 0.543891 0.626737
vt 0.545584 0.609512
vt 0.827018 0.894641
vt 0.823965 0.880669
vt 0.345863 0.798900
vt 0.345863 0.837146
vt 0.333992 0.826275
vt 0.435007 0.585403
vt 0.908623 0.848054
vt 0.925975 0.871938
vt 0.910426 0.878177
vt 0.468549 0.610776
vt 0.450772 0.621082
vt 0.438353 0.601116
vt 0.925975 0.829060
vt 0.825787 0.866069
vt 0.842645 0.839235
vt 0.844425 0.865960
vt 0.586287 0.642511
vt 0.584355 0.672262
vt 0.561656 0.670993
vt 0.529233 0.675304
vt 0.546596 0.655573
vt 0.474600 0.641891
vt 0.449922 0.635860
vt 0.678679 0.602453
vt 0.707113 0.594392
vt 0.695341 0.613172
vt 0.516985 0.658010
vt 0.500644 0.666408
vt 0.475131 0.679576
vt 0.482381 0.657335
vt 0.518357 0.637299
vt 0.482428 0.622203
vt 0.513048 0.681738
vt 0.525976 0.697724
vt 0.503348 0.689358
vt 0.548228 0.695042
vt 0.583020 0.697803
vt 0.558277 0.709437
vt 0.724088 0.577810
vt 0.753065 0.572094
vt 0.747995 0.593100
vt 0.744453 0.604378
vt 0.703725 0.580170
vt 0.884112 0.761681
vt 0.898042 0.740247
vt 0.908623 0.756618
vt 0.874540 0.786969
vt 0.900834 0.775637
vt 0.861104 0.758331
vt 0.370467 0.608019
vt 0.381812 0.579198
vt 0.381812 0.628124
vt 0.852038 0.781313
vt 0.829318 0.767303
vt 0.845053 0.752898
vt 0.828644 0.812354
vt 0.859135 0.799831
vt 0.811744 0.814996
vt 0.819270 0.784107
vt 0.513853 0.408350
vt 0.514101 0.442209
vt 0.488612 0.415677
vt 0.455052 0.405061
vt 0.534081 0.401154
vt 0.543360 0.440982
vt 0.540195 0.455397
vt 0.555289 0.474261
vt 0.561659 0.449579
vt 0.600201 0.520199
vt 0.548663 0.534547
vt 0.632550 0.547641
vt 0.415991 0.165804
vt 0.404671 0.195141
vt 0.397422 0.164615
vt 0.908624 0.716014
vt 0.926814 0.675575
vt 0.926814 0.728160
vt 0.448255 0.192935
vt 0.438499 0.224379
vt 0.427847 0.202175
vt 0.414881 0.226753
vt 0.397896 0.208954
vt 0.444477 0.245838
vt 0.465703 0.234652
vt 0.464071 0.260625
vt 0.776138 0.948851
vt 0.785344 0.929001
vt 0.800574 0.953443
vt 0.797043 0.911268
vt 0.821944 0.909566
vt 0.805473 0.897587
vt 0.792718 0.881815
vt 0.643284 0.646616
vt 0.625486 0.669426
vt 0.621328 0.648934
vt 0.761146 0.866441
vt 0.787575 0.852129
vt 0.787940 0.876322
vt 0.611273 0.690773
vt 0.594098 0.660706
vt 0.748608 0.848685
vt 0.783013 0.830972
vt 0.784968 0.814723
vt 0.816027 0.836490
vt 0.757014 0.833200
vt 0.760214 0.803505
vt 0.793160 0.786725
vt 0.240549 0.884462
vt 0.259097 0.882562
vt 0.258955 0.911695
vt 0.247068 0.868946
vt 0.257848 0.858657
vt 0.272506 0.890829
vt 0.273171 0.863604
vt 0.284424 0.860367
vt 0.788287 0.773142
vt 0.806017 0.762266
vt 0.288825 0.891469
vt 0.824015 0.749163
vt 0.816213 0.730759
vt 0.844380 0.733330
vt 0.666345 0.520070
vt 0.687893 0.515983
vt 0.690016 0.538158
vt 0.676057 0.570918
vt 0.711984 0.545566
vt 0.709369 0.515369
vt 0.736584 0.547549
vt 0.729556 0.529707
vt 0.745303 0.563171
vt 0.748544 0.527271
vt 0.756977 0.621774
vt 0.786637 0.616143
vt 0.776228 0.649166
vt 0.743205 0.642751
vt 0.430516 0.518024
vt 0.619829 0.958264
vt 0.595052 0.938654
vt 0.619829 0.915043
vt 0.449885 0.493406
vt 0.417357 0.477465
vt 0.467303 0.478470
vt 0.439181 0.455634
vt 0.630193 0.185236
vt 0.636593 0.164703
vt 0.654530 0.187105
vt 0.320261 0.137255
vt 0.333157 0.129661
vt 0.333317 0.156537
vt 0.349171 0.142980
vt 0.300940 0.144582
vt 0.318539 0.171058
vt 0.276106 0.126034
vt 0.287621 0.112835
vt 0.308444 0.120454
vt 0.357757 0.129860
vt 0.370490 0.162574
vt 0.044153 0.931048
vt 0.044153 0.956948
vt 0.024889 0.951287
vt 0.627924 0.140859
vt 0.656717 0.133000
vt 0.652042 0.156326
vt 0.346373 0.107666
vt 0.885061 0.357887
vt 0.871244 0.340281
vt 0.885469 0.340281
vt 0.297733 0.095759
vt 0.192212 0.058351
vt 0.174751 0.088406
vt 0.155535 0.068092
vt 0.217645 0.094464
vt 0.190123 0.108570
vt 0.170385 0.105570
vt 0.195881 0.033611
vt 0.207821 0.066874
vt 0.171835 0.035738
vt 0.206111 0.012785
vt 0.218124 0.034822
vt 0.942269 0.180933
vt 0.942269 0.148029
vt 0.953696 0.162530
vt 0.211561 0.123960
vt 0.242979 0.124669
vt 0.930859 0.335723
vt 0.945014 0.317991
vt 0.945014 0.357884
vt 0.249327 0.092270
vt 0.235176 0.038404
vt 0.244553 0.070794
vt 0.223888 0.057949
vt 0.255700 0.033002
vt 0.262564 0.057384
vt 0.289017 0.021219
vt 0.288951 0.051595
vt 0.283358 0.074695
vt 0.504362 0.739134
vt 0.484946 0.764434
vt 0.476844 0.727849
vt 0.589829 0.915043
vt 0.589829 0.859751
vt 0.620290 0.874400
vt 0.447265 0.761615
vt 0.451793 0.749240
vt 0.703157 0.024330
vt 0.663149 0.005919
vt 0.691163 -0.000000
vt 0.666578 0.034024
vt 0.942524 0.032969
vt 0.908339 0.025978
vt 0.909376 0.000000
vt 0.509888 0.709437
vt 0.537570 0.715470
vt 0.534273 0.742104
vt 0.694177 0.062819
vt 0.657441 0.065589
vt 0.674180 0.046106
vt 0.651896 0.035448
vt 0.531216 0.762897
vt 0.508217 0.788192
vt 0.562888 0.744199
vt 0.569954 0.769371
vt 0.634819 0.027019
vt 0.556341 0.776541
vt 0.343158 0.873541
vt 0.333407 0.858607
vt 0.343158 0.837235
vt 0.319895 0.069290
vt 0.315046 0.080584
vt 0.304533 0.066967
vt 0.625866 0.058269
vt 0.349893 0.748229
vt 0.371163 0.743363
vt 0.361162 0.768282
vt 0.273005 0.102167
vt 0.352504 0.732345
vt 0.271277 0.148164
vt 0.350695 0.712832
vt 0.361663 0.710508
vt 0.279190 0.091400
vt 0.540747 0.794149
vt 0.523808 0.832277
vt 0.511990 0.818433
vt 0.277161 0.006151
vt 0.333992 0.713666
vt 0.349785 0.725755
vt 0.333992 0.750430
vt 0.655715 0.099392
vt 0.687800 0.101691
vt 0.345726 0.682232
vt 0.349398 0.706774
vt 0.946213 0.694030
vt 0.960079 0.675575
vt 0.960079 0.698137
vt 0.308463 0.106917
vt 0.685620 0.217146
vt 0.673443 0.195877
vt 0.639592 0.202984
vt 0.309551 0.190518
vt 0.345058 0.193386
vt 0.930860 0.271956
vt 0.943715 0.302594
vt 0.930860 0.317991
vt 0.670654 0.159504
vt 0.702009 0.214998
vt 0.708354 0.134857
vt 0.692001 0.177928
vt 0.679537 0.126473
vt 0.721662 0.112454
vt 0.018369 0.746178
vt 0.032141 0.716348
vt 0.050960 0.746615
vt 0.525605 0.962638
vt 0.555011 0.940559
vt 0.569954 0.974871
vt 0.096404 0.060238
vt 0.132932 0.056774
vt 0.127690 0.092564
vt 0.569954 0.803370
vt 0.144447 0.092716
vt 0.161615 0.118859
vt 0.471416 0.916483
vt 0.505163 0.895588
vt 0.523245 0.908639
vt 0.475754 0.869752
vt 0.518223 0.869672
vt 0.184192 0.128808
vt 0.287656 0.152041
vt 0.269457 0.171449
vt 0.250658 0.165516
vt 0.061388 0.604546
vt 0.041757 0.595376
vt 0.078077 0.587298
vt 0.059963 0.567991
vt 0.063055 0.625269
vt 0.044345 0.626124
vt 0.016191 0.610349
vt 0.038248 0.658486
vt 0.008666 0.664435
vt 0.012209 0.636413
vt 0.932231 0.052692
vt 0.741985 0.098577
vt 0.706515 0.083182
vt 0.731038 0.073978
vt 0.044477 0.686508
vt 0.015301 0.695452
vt 0.023056 0.593876
vt 0.025568 0.559708
vt 0.465490 0.789579
vt 0.424008 0.792008
vt 0.039817 0.555501
vt 0.075839 0.541032
vt 0.481185 0.844123
vt 0.733046 0.711675
vt 0.763487 0.722125
vt 0.744471 0.734345
vt 0.734405 0.742434
vt 0.755276 0.758946
vt 0.763908 0.709831
vt 0.702673 0.702606
vt 0.708319 0.675575
vt 0.284643 0.582992
vt 0.303293 0.569039
vt 0.316779 0.599774
vt 0.289480 0.556557
vt 0.694865 0.378049
vt 0.710167 0.380403
vt 0.706953 0.401242
vt 0.786273 0.719180
vt 0.679494 0.441511
vt 0.696270 0.423643
vt 0.693315 0.452532
vt 0.730022 0.403280
vt 0.719287 0.416407
vt 0.312379 0.716525
vt 0.300659 0.737814
vt 0.278957 0.711065
vt 0.275602 0.726585
vt 0.832266 0.403188
vt 0.830213 0.379936
vt 0.848322 0.376200
vt 0.798603 0.396882
vt 0.827121 0.429558
vt 0.806867 0.420109
vt 0.370467 0.624036
vt 0.352446 0.626648
vt 0.364658 0.595613
vt 0.324250 0.742791
vt 0.322884 0.780422
vt 0.292126 0.761371
vt 0.272441 0.516642
vt 0.264363 0.543775
vt 0.252192 0.506897
vt 0.264732 0.499615
vt 0.240549 0.479410
vt 0.289710 0.508085
vt 0.368333 0.653079
vt 0.349893 0.650325
vt 0.357588 0.661785
vt 0.743344 0.512320
vt 0.750528 0.498055
vt 0.765583 0.508926
vt 0.742851 0.470273
vt 0.765897 0.477180
vt 0.360095 0.543891
vt 0.330878 0.521817
vt 0.358846 0.518127
vt 0.707466 0.492752
vt 0.697944 0.474490
vt 0.721141 0.468071
vt 0.786188 0.493090
vt 0.799336 0.471448
vt 0.760197 0.452744
vt 0.784535 0.454292
vt 0.810663 0.447215
vt 0.635736 0.921832
vt 0.647087 0.892731
vt 0.662931 0.902904
vt 0.632895 0.896849
vt 0.662931 0.885043
vt 0.286080 0.535000
vt 0.263077 0.553545
vt 0.306453 0.526788
vt 0.309629 0.544695
vt 0.139293 0.945460
vt 0.116220 0.958092
vt 0.130000 0.930002
vt 0.778537 0.427289
vt 0.749239 0.431966
vt 0.706517 0.445306
vt 0.672942 0.464419
vt 0.219134 0.872618
vt 0.223591 0.840372
vt 0.233427 0.865156
vt 0.225363 0.824838
vt 0.238174 0.839756
vt 0.326546 0.521355
vt 0.303482 0.507160
vt 0.323780 0.539068
vt 0.640335 0.873748
vt 0.654638 0.864078
vt 0.724523 0.751380
vt 0.712290 0.727723
vt 0.692506 0.734377
vt 0.306087 0.618124
vt 0.275347 0.847638
vt 0.766320 0.740788
vt 0.785816 0.744063
vt 0.773892 0.757193
vt 0.793719 0.732824
vt 0.381790 0.763883
vt 0.371163 0.733015
vt 0.381790 0.724986
vt 0.016576 0.107202
vt 0.049198 0.074765
vt 0.062403 0.066210
vt -0.000000 0.116383
vt 0.010230 0.127025
vt 0.892318 0.374264
vt 0.872628 0.358554
vt 0.934862 0.202178
vt 0.934862 0.243499
vt 0.906494 0.225799
vt 0.938917 0.846504
vt 0.925975 0.877426
vt 0.925975 0.829060
vt 0.915456 0.379989
vt 0.859941 0.416021
vt 0.934635 0.924030
vt 0.934635 0.878177
vt 0.948432 0.903081
vt 0.279513 0.682232
vt 0.251396 0.724841
vt 0.240549 0.684868
vt 0.272026 0.761022
vt 0.775208 0.525545
vt 0.350922 0.569290
vt 0.326546 0.548950
vt 0.341676 0.545565
vt 0.331434 0.575163
vt 0.346700 0.595613
vt 0.719129 0.930505
vt 0.748383 0.918028
vt 0.745508 0.937872
vt 0.548883 0.310133
vt 0.526115 0.325868
vt 0.513333 0.296492
vt 0.556847 0.288140
vt 0.533251 0.290988
vt 0.601279 0.305870
vt 0.567109 0.304956
vt 0.581668 0.289100
vt 0.934635 0.924030
vt 0.952846 0.932655
vt 0.934635 0.956603
vt 0.140548 0.932216
vt 0.156296 0.930002
vt 0.156296 0.956119
vt 0.031959 0.845492
vt 0.009105 0.868320
vt 0.003410 0.844994
vt 0.175247 0.647211
vt 0.207193 0.654976
vt 0.181100 0.689882
vt 0.934635 0.916875
vt 0.908623 0.926667
vt 0.910526 0.901908
vt 0.154003 0.644376
vt 0.157645 0.657825
vt 0.102865 0.573295
vt 0.107127 0.615255
vt 0.126479 0.611201
vt 0.124648 0.580859
vt 0.589449 0.318454
vt 0.562098 0.328953
vt 0.038345 0.826422
vt 0.057003 0.847649
vt 0.029869 0.870806
vt 0.177971 0.626186
vt 0.209549 0.634723
vt 0.147101 0.571249
vt 0.165999 0.583091
vt 0.143939 0.589843
vt 0.092703 0.556610
vt 0.119566 0.540536
vt 0.148934 0.556247
vt 0.692045 0.866176
vt 0.719976 0.851773
vt 0.724387 0.883201
vt 0.711018 0.900340
vt 0.000000 0.913131
vt 0.007282 0.884254
vt 0.054085 0.880686
vt 0.020938 0.897155
vt 0.191863 0.612037
vt 0.213822 0.616694
vt 0.173417 0.544523
vt 0.164854 0.531729
vt 0.106197 0.504937
vt 0.134162 0.501730
vt 0.681705 0.840095
vt 0.706578 0.830103
vt 0.030013 0.910410
vt 0.025513 0.931048
vt 0.193653 0.862615
vt 0.195602 0.885785
vt 0.177360 0.873552
vt 0.205249 0.596233
vt 0.215248 0.582751
vt 0.190866 0.546322
vt 0.215267 0.563947
vt 0.187637 0.578759
vt 0.947477 0.105035
vt 0.947477 0.144242
vt 0.933321 0.135744
vt 0.167055 0.490169
vt 0.152116 0.521865
vt 0.121033 0.486827
vt 0.137753 0.479410
vt 0.083014 0.918863
vt 0.097432 0.895251
vt 0.116220 0.931728
vt 0.679754 0.800838
vt 0.709758 0.808453
vt 0.720257 0.795412
vt 0.732748 0.805652
vt 0.061591 0.914613
vt 0.049057 0.898075
vt 0.219134 0.835356
vt 0.213079 0.857673
vt 0.066661 0.882436
vt 0.195331 0.528220
vt 0.215485 0.543241
vt 0.187688 0.486762
vt 0.198497 0.502323
vt 0.178542 0.511166
vt 0.426454 0.902441
vt 0.403016 0.904829
vt 0.388486 0.886634
vt 0.694627 0.776154
vt 0.718970 0.769889
vt 0.245497 0.636279
vt 0.269134 0.630034
vt 0.276936 0.656333
vt 0.303172 0.640079
vt 0.298988 0.660509
vt 0.292137 0.682232
vt 0.213834 0.518968
vt 0.240549 0.530448
vt 0.236196 0.556880
vt 0.240549 0.808904
vt 0.245039 0.784291
vt 0.259834 0.813467
vt 0.395852 0.925038
vt 0.381946 0.902604
vt 0.283222 0.796626
vt 0.422285 0.923283
vt 0.283099 0.818079
vt 0.452179 0.949433
vt 0.096279 0.851532
vt 0.110887 0.839943
vt 0.116220 0.880016
vt 0.480190 0.943347
vt 0.456303 0.932006
vt 0.407873 0.946566
vt 0.484455 0.259173
vt 0.492164 0.277068
vt 0.525549 0.256493
vt 0.504266 0.248197
vt 0.526036 0.269170
vt 0.569842 0.270213
vt 0.610052 0.293247
vt 0.127668 0.665661
vt 0.152580 0.673568
vt 0.116767 0.646314
vt 0.135001 0.628945
vt 0.079793 0.608585
vt 0.092881 0.629954
vt 0.333407 0.883477
vt 0.341600 0.873541
vt 0.341600 0.904934
vt 0.078952 0.529907
vt 0.100361 0.522919
vt 0.473712 0.815415
vt 0.439049 0.846198
vt 0.431315 0.804740
vt 0.425420 0.865967
vt 0.423987 0.841155
vt 0.456214 0.877181
vt 0.454612 0.903747
vt 0.066661 0.881395
vt 0.484606 0.923699
vt 0.086208 0.870085
vt 0.090890 0.824838
vt 0.527962 0.921878
vt 0.496127 0.944913
vt 0.488689 0.966634
vt 0.512486 0.993637
vt 0.443319 0.962642
vt 0.431303 0.978172
vt 0.248191 0.762211
vt 0.311704 0.806278
vt 0.311987 0.834363
vt 0.270538 0.603168
vt 0.283969 0.617349
vt 0.673910 0.716768
vt 0.674300 0.694192
vt 0.738581 0.772778
vt 0.687596 0.749131
vt 0.754599 0.785037
vt 0.735402 0.833245
vt 0.734180 0.871051
vt 0.235401 0.937475
vt 0.239413 0.961516
vt 0.219134 0.961516
vt 0.744435 0.900018
vt 0.765326 0.877097
vt 0.775821 0.896520
vt 0.924732 0.731333
vt 0.925742 0.752480
vt 0.908623 0.760641
vt 0.609897 0.439538
vt 0.590324 0.457883
vt 0.585974 0.414694
vt 0.652974 0.418433
vt 0.631387 0.437739
vt 0.619304 0.414820
vt 0.645744 0.386459
vt 0.628644 0.398025
vt 0.501013 0.083216
vt 0.474944 0.084586
vt 0.481410 0.057534
vt 0.537120 0.082458
vt 0.528776 0.105009
vt 0.532104 0.059868
vt 0.495195 0.027876
vt 0.908339 0.092495
vt 0.903716 0.120903
vt 0.878697 0.116336
vt 0.867832 0.090264
vt 0.840388 0.111958
vt 0.842920 0.095406
vt 0.719035 0.305576
vt 0.736598 0.340499
vt 0.708785 0.345161
vt 0.648089 0.719826
vt 0.657545 0.752194
vt 0.632895 0.720640
vt 0.640620 0.745120
vt 0.633678 0.473230
vt 0.443791 0.094076
vt 0.451132 0.062282
vt 0.509818 0.119224
vt 0.482820 0.106702
vt 0.872885 0.132087
vt 0.863214 0.144476
vt 0.845002 0.132204
vt 0.277583 0.923427
vt 0.277583 0.956402
vt 0.263168 0.941227
vt 0.897290 0.148029
vt 0.735526 0.309677
vt 0.758126 0.310827
vt 0.742004 0.285935
vt 0.769669 0.295344
vt 0.776320 0.312255
vt 0.762902 0.335088
vt 0.731855 0.262158
vt 0.744475 0.266298
vt 0.724987 0.246765
vt 0.658179 0.779226
vt 0.632895 0.789231
vt 0.820110 0.318795
vt 0.823450 0.306228
vt 0.832425 0.353935
vt 0.537790 0.164266
vt 0.500451 0.147847
vt 0.513882 0.134996
vt 0.803001 0.272964
vt 0.751007 0.175389
vt 0.776736 0.192579
vt 0.750428 0.210441
vt 0.468246 0.147353
vt 0.448041 0.151922
vt 0.436743 0.113037
vt 0.844223 0.310788
vt 0.871244 0.303753
vt 0.856597 0.337089
vt 0.837595 0.287272
vt 0.820110 0.271956
vt 0.848226 0.276561
vt 0.540470 0.183820
vt 0.535458 0.203811
vt 0.525701 0.178518
vt 0.799028 0.229858
vt 0.806076 0.242754
vt 0.773353 0.259486
vt 0.797585 0.192095
vt 0.809196 0.198460
vt 0.766717 0.225834
vt 0.116565 0.739205
vt 0.134897 0.769037
vt 0.120376 0.772449
vt 0.788746 0.169048
vt 0.070255 0.735949
vt 0.088877 0.742115
vt 0.092013 0.767920
vt 0.462167 0.171628
vt 0.376549 0.843041
vt 0.374314 0.858162
vt 0.343158 0.864394
vt 0.868170 0.277203
vt 0.170553 0.792815
vt 0.172419 0.772632
vt 0.208441 0.800413
vt 0.190036 0.814313
vt 0.145688 0.777528
vt 0.156746 0.749707
vt 0.135219 0.741856
vt 0.820110 0.210063
vt 0.082576 0.697388
vt 0.112230 0.708920
vt 0.490143 0.221310
vt 0.468955 0.211271
vt 0.488011 0.195045
vt 0.511339 0.204427
vt 0.493511 0.175933
vt 0.357614 0.874022
vt 0.359303 0.904056
vt 0.343158 0.889481
vt 0.201395 0.765332
vt 0.223005 0.780229
vt 0.587583 0.246897
vt 0.570726 0.253330
vt 0.565107 0.232371
vt 0.146522 0.722618
vt 0.128145 0.694765
vt 0.118382 0.681884
vt 0.146125 0.696151
vt 0.066564 0.674287
vt 0.079815 0.653093
vt 0.090719 0.685322
vt 0.536615 0.374960
vt 0.557484 0.391516
vt 0.566492 0.424228
vt 0.577101 0.382207
vt 0.603331 0.385632
vt 0.181863 0.473780
vt 0.617202 0.372015
vt 0.908339 0.061766
vt 0.854273 0.069168
vt 0.703235 0.256992
vt 0.634733 0.709437
vt 0.721012 0.183218
vt 0.724038 0.210084
vt 0.743314 0.143695
vt 0.765823 0.155474
vt 0.041887 0.772853
vt 0.066574 0.769412
vt 0.056376 0.718391
vt 0.065671 0.700247
vt 0.058267 0.652464
vt 0.106384 0.661877
vt 0.167731 0.733268
vt 0.172277 0.677453
vt 0.195360 0.715738
vt 0.188714 0.731606
vt 0.371163 0.684738
vt 0.379692 0.697924
vt 0.371163 0.724986
vt 0.208149 0.746395
vt 0.229778 0.745753
vt 0.222119 0.762195
vt 0.553091 0.257500
vt 0.531973 0.237439
vt 0.505696 0.225595
vt 0.481391 0.239663
vt 0.466661 0.189853
vt 0.436302 0.163304
vt 0.414205 0.129331
vt 0.656344 0.511024
vt 0.628140 0.507106
vt 0.615822 0.482108
vt 0.588369 0.494140
vt 0.589457 0.470959
vt 0.349182 0.628348
vt 0.349182 0.660707
vt 0.343394 0.638745
vt 0.379346 0.917055
vt 0.367908 0.944681
vt 0.367908 0.904056
vt 0.143961 0.340845
vt 0.143737 0.323781
vt 0.929402 0.098457
vt 0.174290 0.304306
vt 0.908339 0.052692
vt 0.233202 0.204424
vt 0.943715 0.292719
vt 0.956456 0.271956
vt 0.956456 0.298481
vt 0.848881 0.234642
vt 0.873300 0.261407
vt 0.654046 0.279087
vt 0.826570 0.017616
vt 0.826202 0.004351
vt 0.218618 0.927741
vt 0.218618 0.956023
vt 0.203904 0.937269
vt 0.610052 0.021780
vt 0.906494 0.271956
vt 0.879660 0.940229
vt 0.888861 0.956501
vt 0.871244 0.314877
vt 0.890964 0.271956
vt 0.120589 0.353427
vt 0.594448 0.859750
vt 0.165232 0.927741
vt 0.189854 0.927741
vt 0.185488 0.957975
vt 0.632895 0.709437
vt 0.821078 0.148029
vt 0.943493 0.756036
vt 0.943493 0.728160
vt 0.955561 0.741262
vt 0.698731 0.248040
vt 0.558080 0.071506
vt 0.823887 0.069640
vt 0.820110 0.040046
vt 0.002239 0.392834
vt 0.935360 0.656021
vt 0.569954 0.895595
vt 0.942269 0.200986
vt 0.942269 0.180933
vt 0.959088 0.183655
vt 0.943493 0.756036
vt 0.958818 0.756036
vt 0.950920 0.779859
vt 0.569954 0.859750
vt 0.097628 0.942851
vt 0.078105 0.956202
vt 0.078105 0.931728
vt 0.322416 0.910796
vt 0.027001 0.213122
vt 0.944093 0.451282
vt 0.958156 0.421564
vt 0.036676 0.259409
vt 0.922451 0.563376
vt 0.459840 0.373612
vt 0.436666 0.396846
vt 0.093279 0.472237
vt 0.063632 0.470286
vt 0.425358 0.402804
vt 0.337848 0.679926
vt 0.952058 0.867113
vt 0.938917 0.853231
vt 0.952058 0.829060
vt 0.347613 0.628348
vt 0.343394 0.613933
vt 0.347613 0.595613
vt 0.367908 0.904056
vt 0.034652 0.446553
vt 0.023313 0.434482
vt 0.574159 0.919164
vt 0.950727 0.202178
vt 0.950727 0.247154
vt 0.934863 0.230193
vt 0.922969 0.389786
vt 0.006305 0.158637
vt 0.488972 0.490104
vt 0.158859 0.922652
vt 0.547373 0.550789
vt 0.449409 0.435284
vt 0.908623 0.935789
vt 0.510482 0.510681
vt 0.116220 0.861152
vt 0.145982 0.930002
vt 0.891748 0.906149
vt 0.496391 0.604106
vt 0.078105 0.939472
vt 0.066661 0.956906
vt 0.066661 0.931728
vt 0.905438 0.271956
vt 0.882488 0.880653
vt 0.861040 0.865430
vt 0.883119 0.848559
vt 0.538235 0.646109
vt 0.522866 0.613063
vt 0.420360 0.555144
vt 0.729889 0.627093
vt 0.860341 0.839235
vt 0.887118 0.822418
vt 0.574503 0.640485
vt 0.705729 0.630149
vt 0.449795 0.656109
vt 0.666055 0.587333
vt 0.451881 0.671586
vt 0.933288 0.953497
vt 0.908624 0.958388
vt 0.908624 0.926667
vt 0.000000 0.573390
vt 0.381946 0.151475
vt 0.277583 0.939464
vt 0.287981 0.923427
vt 0.287981 0.950638
vt 0.922200 0.105035
vt 0.933321 0.128880
vt 0.922200 0.146382
vt 0.636447 0.594484
vt 0.910964 0.779987
vt 0.279151 0.923427
vt 0.665405 0.789231
vt 0.665405 0.817683
vt 0.658990 0.806258
vt 0.589829 0.916217
vt 0.612694 0.156969
vt 0.359594 0.174960
vt 0.638958 0.125571
vt 0.381946 0.150600
vt 0.610052 0.178182
vt 0.951863 0.091088
vt 0.935906 0.064335
vt 0.951863 0.052692
vt 0.341528 0.938560
vt 0.318225 0.954697
vt 0.318225 0.910796
vt 0.946213 0.721668
vt 0.926814 0.702334
vt 0.946213 0.675575
vt 0.632093 0.859750
vt 0.632093 0.904134
vt 0.620290 0.898974
vt 0.318416 0.049689
vt 0.044153 0.956529
vt 0.044153 0.931048
vt 0.062857 0.938187
vt 0.368903 0.722429
vt 0.954547 0.007496
vt 0.942524 0.030166
vt 0.942524 0.000000
vt 0.212909 0.000218
vt 0.254487 0.000000
vt 0.305489 0.036719
vt 0.946213 0.718127
vt 0.946213 0.698137
vt 0.962996 0.707784
vt 0.318081 0.092303
vt 0.665380 0.946128
vt 0.659023 0.936703
vt 0.665380 0.921832
vt 0.349893 0.684738
vt 0.290915 0.080356
vt 0.934863 0.271844
vt 0.937041 0.247154
vt 0.956397 0.271844
vt 0.366419 0.562120
vt 0.569954 0.938376
vt 0.589672 0.919164
vt 0.589672 0.952611
vt 0.007803 0.709632
vt 0.577572 0.826346
vt 0.144198 0.031323
vt 0.538513 0.885237
vt 0.543349 0.860387
vt 0.176181 0.018776
vt 0.528277 0.841556
vt 0.234356 0.149631
vt 0.193626 0.151163
vt 0.608908 0.913869
vt 0.737669 0.046557
vt 0.718018 0.048467
vt 0.910147 0.052692
vt 0.746005 0.697793
vt 0.679370 0.419530
vt 0.693783 0.682278
vt 0.333992 0.798900
vt 0.333992 0.750430
vt 0.345839 0.777868
vt 0.323017 0.586962
vt 0.320946 0.568521
vt 0.370467 0.628124
vt 0.378869 0.652119
vt 0.370467 0.669873
vt 0.798787 0.407440
vt 0.775561 0.408766
vt 0.734167 0.494877
vt 0.356112 0.497058
vt 0.370467 0.496880
vt 0.355887 0.479410
vt 0.238174 0.888879
vt 0.315600 0.789243
vt 0.333992 0.804375
vt 0.370467 0.684738
vt 0.643009 0.856842
vt 0.140548 0.958092
vt 0.203904 0.946019
vt 0.189854 0.957335
vt 0.189854 0.927741
vt 0.964008 0.052680
vt 0.942524 0.045842
vt 0.964008 0.030166
vt 0.751868 0.770600
vt 0.240549 0.834363
vt 0.768247 0.760802
vt 0.671983 0.496028
vt 0.913739 0.255681
vt 0.302792 0.910796
vt 0.318225 0.929882
vt 0.288825 0.918805
vt 0.310610 0.954309
vt 0.288825 0.955756
vt 0.370467 0.479410
vt 0.377304 0.505466
vt 0.370467 0.529685
vt 0.377304 0.479410
vt 0.381675 0.508144
vt 0.377304 0.526058
vt 0.296271 0.780231
vt 0.242203 0.553250
vt 0.262404 0.574385
vt 0.240549 0.529301
vt 0.370467 0.578375
vt 0.723415 0.511766
vt -0.000000 0.824838
vt 0.200202 0.677384
vt 0.928177 0.168637
vt 0.942269 0.148029
vt 0.942269 0.194055
vt 0.162285 0.620926
vt 0.554992 0.344403
vt 0.583277 0.331622
vt 0.063819 0.828359
vt 0.166666 0.824838
vt 0.180518 0.826353
vt 0.165232 0.846409
vt 0.370467 0.563797
vt 0.380271 0.529685
vt 0.380271 0.579198
vt 0.573213 0.358554
vt 0.188309 0.909913
vt 0.195206 0.835506
vt 0.905438 0.327264
vt 0.927950 0.327264
vt 0.921925 0.358250
vt 0.205644 0.890234
vt 0.219134 0.902068
vt 0.197724 0.927741
vt 0.908339 0.133899
vt 0.922200 0.105035
vt 0.922200 0.146652
vt 0.097628 0.940004
vt 0.108076 0.931728
vt 0.108076 0.956167
vt 0.115725 0.908509
vt 0.667269 0.760245
vt 0.666055 0.733680
vt 0.254853 0.658855
vt 0.589721 0.262249
vt 0.934635 0.878177
vt 0.934492 0.900646
vt 0.418907 0.822072
vt 0.471300 0.990891
vt 0.419737 0.882181
vt 0.070847 0.856453
vt 0.110946 0.033102
vt 0.499169 1.000000
vt 0.934864 0.800456
vt 0.949870 0.779987
vt 0.949870 0.823966
vt 0.908623 0.728160
vt 0.832346 0.088236
vt 0.662193 0.727246
vt 0.701896 0.234772
vt 0.727399 0.233410
vt 0.655280 0.466801
vt 0.463427 0.110467
vt 0.666055 0.444289
vt 0.663883 0.485983
vt 0.492037 0.134109
vt 0.906494 0.157928
vt 0.924214 0.148029
vt 0.906494 0.202178
vt 0.928177 0.177980
vt 0.632895 0.921832
vt 0.659023 0.921832
vt 0.638717 0.938114
vt 0.494720 0.151047
vt 0.218410 0.819465
vt 0.354466 0.837235
vt 0.805585 0.297846
vt 0.648431 0.955376
vt 0.234209 0.824838
vt 0.240549 0.812200
vt 0.550352 0.208119
vt 0.520201 0.207100
vt 0.379241 0.885706
vt 0.535487 0.213840
vt 0.628785 0.358554
vt 0.677821 0.346411
vt 0.238928 0.765897
s 0
f 73/1/1 403/2/1 100/3/1
f 74/4/2 406/5/2 405/6/2
f 405/7/3 78/8/3 411/9/3
f 74/4/4 407/10/4 406/5/4
f 407/11/5 76/12/5 78/13/5
f 408/14/6 410/15/6 409/16/6
f 403/2/7 77/17/7 408/14/7
f 410/15/8 97/18/8 409/16/8
f 78/8/9 79/19/9 411/9/9
f 79/19/10 410/15/10 411/9/10
f 76/12/11 412/20/11 78/13/11
f 412/21/12 79/19/12 78/8/12
f 414/22/13 455/23/13 413/24/13
f 418/25/14 416/26/14 414/22/14
f 413/24/15 455/23/15 453/27/15
f 80/28/16 414/22/16 81/29/16
f 13/30/17 415/31/17 417/32/17
f 83/33/18 417/32/18 415/31/18
f 429/34/19 83/33/19 415/31/19
f 416/26/20 86/35/20 85/36/20
f 456/37/21 85/36/21 457/38/21
f 417/39/22 82/40/22 418/25/22
f 418/25/23 419/41/23 86/35/23
f 82/40/24 435/42/24 427/43/24
f 421/44/25 463/45/25 462/46/25
f 88/47/26 423/48/26 107/49/26
f 422/50/27 87/51/27 88/52/27
f 423/53/28 88/54/28 91/55/28
f 423/53/29 91/55/29 421/56/29
f 463/57/30 90/58/30 89/59/30
f 92/60/31 94/61/31 89/59/31
f 421/56/32 90/58/32 463/57/32
f 88/54/33 87/62/33 91/55/33
f 90/58/34 96/63/34 92/60/34
f 421/56/35 91/55/35 90/58/35
f 432/64/36 426/65/36 425/66/36
f 433/67/37 93/68/37 426/65/37
f 91/55/38 93/68/38 436/69/38
f 87/62/39 93/68/39 91/55/39
f 85/36/40 75/70/40 457/38/40
f 457/38/41 441/71/41 458/72/41
f 427/43/42 428/73/42 86/35/42
f 419/74/43 427/75/43 86/76/43
f 92/60/44 430/77/44 429/78/44
f 96/79/45 430/80/45 92/81/45
f 98/82/46 84/83/46 95/84/46
f 409/16/47 432/64/47 431/85/47
f 409/16/48 433/67/48 432/64/48
f 431/86/49 432/87/49 108/88/49
f 445/89/50 409/16/50 431/85/50
f 409/16/51 97/18/51 433/67/51
f 434/90/52 79/19/52 412/21/52
f 428/73/53 434/90/53 412/21/53
f 434/91/54 99/92/54 79/93/54
f 435/42/55 428/73/55 427/43/55
f 12/94/56 98/82/56 436/95/56
f 99/96/57 12/97/57 93/68/57
f 39/98/58 437/99/58 1/100/58
f 1/101/59 102/102/59 36/103/59
f 39/104/60 1/105/60 38/106/60
f 100/3/61 442/107/61 437/108/61
f 438/109/62 73/1/62 100/3/62
f 101/110/63 440/111/63 439/112/63
f 499/113/64 440/111/64 101/110/64
f 439/114/65 74/4/65 405/6/65
f 102/102/66 442/107/66 402/115/66
f 442/107/67 404/116/67 443/117/67
f 402/115/68 442/107/68 443/117/68
f 444/118/69 445/89/69 801/119/69
f 443/117/70 444/118/70 392/120/70
f 404/116/71 408/14/71 444/118/71
f 444/118/72 409/16/72 445/89/72
f 801/121/73 445/122/73 3/123/73
f 445/122/74 431/86/74 446/124/74
f 446/124/75 108/88/75 802/125/75
f 447/126/76 43/127/76 44/128/76
f 103/129/77 453/130/77 447/131/77
f 44/128/78 43/127/78 508/132/78
f 449/133/79 413/134/79 448/135/79
f 250/136/80 448/135/80 637/137/80
f 452/138/81 80/28/81 450/139/81
f 640/140/82 450/141/82 449/133/82
f 450/141/83 413/134/83 449/133/83
f 451/142/84 415/31/84 452/143/84
f 454/144/85 42/145/85 150/146/85
f 5/147/86 455/23/86 105/148/86
f 458/72/87 40/149/87 509/150/87
f 40/149/88 441/71/88 154/151/88
f 807/152/89 459/153/89 621/154/89
f 37/155/90 106/156/90 806/157/90
f 37/155/91 109/158/91 106/156/91
f 4/159/92 422/50/92 88/52/92
f 4/160/93 107/49/93 805/161/93
f 461/162/94 422/50/94 4/159/94
f 802/125/95 424/163/95 461/164/95
f 462/46/96 463/45/96 464/165/96
f 463/57/97 465/166/97 464/167/97
f 89/59/98 94/61/98 465/166/98
f 26/168/99 94/61/99 451/169/99
f 94/61/100 429/78/100 451/169/100
f 94/61/101 26/168/101 465/166/101
f 466/170/102 467/171/102 468/172/102
f 466/173/103 468/174/103 111/175/103
f 468/176/104 467/177/104 113/178/104
f 467/177/105 470/179/105 113/178/105
f 144/180/106 470/179/106 469/181/106
f 468/182/107 472/183/107 473/184/107
f 473/184/108 116/185/108 474/186/108
f 474/186/109 488/187/109 147/188/109
f 114/189/110 472/190/110 470/191/110
f 114/189/111 118/192/111 472/190/111
f 118/192/112 117/193/112 116/194/112
f 14/195/113 114/189/113 115/196/113
f 114/189/114 141/197/114 118/192/114
f 475/198/115 114/189/115 14/195/115
f 475/198/116 138/199/116 476/200/116
f 476/200/117 141/197/117 114/189/117
f 119/201/118 480/202/118 122/203/118
f 120/204/119 479/205/119 477/206/119
f 477/207/120 480/208/120 119/209/120
f 149/210/121 479/205/121 120/204/121
f 478/211/122 479/212/122 149/213/122
f 478/211/123 121/214/123 479/212/123
f 121/214/124 125/215/124 479/212/124
f 481/216/125 123/217/125 112/218/125
f 124/219/126 139/220/126 138/199/126
f 480/202/127 138/199/127 123/217/127
f 479/221/128 126/222/128 139/220/128
f 139/220/129 126/222/129 493/223/129
f 479/221/130 139/220/130 124/219/130
f 482/224/131 483/225/131 151/226/131
f 127/227/132 482/228/132 151/229/132
f 127/227/133 130/230/133 482/228/133
f 128/231/134 130/230/134 127/227/134
f 128/232/135 484/233/135 130/234/135
f 484/233/136 487/235/136 130/234/136
f 128/236/137 485/237/137 484/238/137
f 485/237/138 131/239/138 484/238/138
f 131/240/139 487/235/139 484/233/139
f 130/241/140 486/242/140 132/243/140
f 486/242/141 512/244/141 132/243/141
f 133/245/142 140/246/142 486/242/142
f 132/243/143 511/247/143 10/248/143
f 130/241/144 133/245/144 486/242/144
f 135/249/145 140/246/145 133/245/145
f 487/250/146 136/251/146 134/252/146
f 131/253/147 136/251/147 487/250/147
f 487/250/148 134/252/148 135/249/148
f 506/254/149 112/218/149 137/255/149
f 123/217/150 475/198/150 112/218/150
f 140/246/151 121/256/151 512/244/151
f 512/244/152 121/256/152 513/257/152
f 493/223/153 126/222/153 125/258/153
f 135/249/154 125/258/154 140/246/154
f 134/252/155 125/258/155 135/249/155
f 490/259/156 154/151/156 488/187/156
f 490/259/157 156/260/157 154/151/157
f 488/187/158 116/185/158 489/261/158
f 136/251/159 131/253/159 489/262/159
f 489/261/160 131/263/160 490/259/160
f 488/187/161 154/151/161 147/188/161
f 138/199/162 142/264/162 476/200/162
f 476/200/163 142/264/163 141/197/163
f 139/220/164 493/223/164 491/265/164
f 597/266/165 143/267/165 494/268/165
f 143/269/166 110/270/166 467/177/166
f 593/271/167 145/272/167 497/273/167
f 145/272/168 471/274/168 497/273/168
f 497/273/169 471/274/169 144/275/169
f 6/276/170 593/277/170 497/278/170
f 593/271/171 507/279/171 145/272/171
f 498/280/172 111/281/172 101/110/172
f 498/280/173 101/110/173 438/109/173
f 473/184/174 474/186/174 499/113/174
f 154/151/175 156/260/175 155/282/175
f 147/188/176 154/151/176 440/111/176
f 689/283/177 504/284/177 56/285/177
f 689/283/178 56/285/178 57/286/178
f 500/287/179 501/288/179 119/201/179
f 500/287/180 119/201/180 504/284/180
f 693/289/181 11/290/181 501/288/181
f 11/290/182 149/291/182 501/288/182
f 502/292/183 149/291/183 694/293/183
f 502/292/184 503/294/184 149/291/184
f 504/284/185 55/295/185 56/285/185
f 504/284/186 122/203/186 55/295/186
f 56/285/187 55/295/187 205/296/187
f 505/297/188 506/254/188 507/279/188
f 507/279/189 137/255/189 145/272/189
f 43/127/190 151/226/190 508/132/190
f 151/226/191 157/298/191 508/132/191
f 508/132/192 157/298/192 678/299/192
f 152/300/193 127/301/193 151/226/193
f 151/226/194 129/302/194 157/298/194
f 509/150/195 153/303/195 152/300/195
f 41/304/196 42/145/196 5/147/196
f 152/300/197 153/303/197 128/305/197
f 128/305/198 127/301/198 152/300/198
f 509/150/199 155/282/199 153/303/199
f 154/151/200 155/282/200 40/149/200
f 511/247/201 681/306/201 10/248/201
f 132/243/202 512/244/202 511/247/202
f 681/306/203 682/307/203 10/248/203
f 513/308/204 502/309/204 72/310/204
f 72/311/205 502/292/205 683/312/205
f 121/214/206 503/313/206 513/308/206
f 158/314/207 517/315/207 514/316/207
f 159/317/208 515/318/208 517/315/208
f 516/319/209 517/315/209 515/318/209
f 517/320/210 523/321/210 522/322/210
f 517/315/211 158/314/211 159/317/211
f 160/323/212 519/324/212 195/325/212
f 518/326/213 519/324/213 160/323/213
f 518/326/214 526/327/214 519/324/214
f 520/328/215 527/329/215 518/326/215
f 571/330/216 520/328/216 518/326/216
f 521/331/217 166/332/217 161/333/217
f 198/334/218 166/332/218 164/335/218
f 523/336/219 524/337/219 167/338/219
f 168/339/220 524/337/220 523/336/220
f 168/340/221 170/341/221 524/342/221
f 525/343/222 170/341/222 168/340/222
f 163/344/223 169/345/223 516/346/223
f 526/327/224 171/347/224 172/348/224
f 169/345/225 172/349/225 525/350/225
f 527/329/226 536/351/226 526/327/226
f 528/352/227 536/353/227 527/354/227
f 528/352/228 173/355/228 536/353/228
f 530/356/229 539/357/229 529/358/229
f 532/359/230 167/360/230 524/342/230
f 167/360/231 532/359/231 595/361/231
f 595/361/232 533/362/232 541/363/232
f 170/341/233 532/359/233 524/342/233
f 172/348/234 535/364/234 534/365/234
f 535/364/235 15/366/235 533/362/235
f 536/351/236 537/367/236 171/347/236
f 173/368/237 537/369/237 536/370/237
f 173/368/238 545/371/238 537/369/238
f 538/372/239 176/373/239 173/374/239
f 174/375/240 540/376/240 539/357/240
f 175/377/241 548/378/241 540/379/241
f 15/366/242 542/380/242 541/363/242
f 15/366/243 541/363/243 533/362/243
f 543/381/244 177/382/244 544/383/244
f 544/384/245 551/385/245 15/366/245
f 551/385/246 180/386/246 15/366/246
f 545/387/247 177/382/247 543/381/247
f 548/388/248 182/389/248 547/390/248
f 548/391/249 183/392/249 182/393/249
f 182/393/250 555/394/250 181/395/250
f 551/385/251 184/396/251 552/397/251
f 187/398/252 186/399/252 552/400/252
f 185/401/253 553/402/253 184/396/253
f 553/402/254 561/403/254 554/404/254
f 178/405/255 184/396/255 177/406/255
f 185/401/256 555/394/256 553/402/256
f 555/394/257 556/407/257 553/402/257
f 556/407/258 563/408/258 188/409/258
f 556/407/259 188/409/259 553/402/259
f 183/392/260 557/410/260 182/393/260
f 182/393/261 563/408/261 555/394/261
f 557/410/262 563/408/262 182/393/262
f 555/394/263 563/408/263 556/407/263
f 558/411/264 564/412/264 557/410/264
f 558/411/265 557/410/265 183/392/265
f 559/413/266 591/414/266 206/415/266
f 186/399/267 559/413/267 550/416/267
f 186/399/268 191/417/268 559/413/268
f 187/398/269 191/417/269 186/399/269
f 562/418/270 192/419/270 560/420/270
f 188/421/271 562/418/271 561/422/271
f 188/421/272 193/423/272 562/418/272
f 193/424/273 588/425/273 562/426/273
f 190/427/274 193/423/274 188/421/274
f 587/428/275 589/429/275 193/423/275
f 564/430/276 190/427/276 563/431/276
f 565/432/277 586/433/277 564/430/277
f 28/434/278 194/435/278 566/436/278
f 38/106/279 566/436/279 494/437/279
f 29/438/280 30/439/280 28/434/280
f 30/439/281 567/440/281 194/435/281
f 567/440/282 159/317/282 158/314/282
f 194/435/283 158/314/283 514/316/283
f 568/441/284 567/440/284 31/442/284
f 569/443/285 195/325/285 515/318/285
f 195/325/286 163/444/286 515/318/286
f 570/445/287 571/330/287 569/443/287
f 571/330/288 195/325/288 569/443/288
f 571/330/289 160/323/289 195/325/289
f 34/446/290 572/447/290 196/448/290
f 196/449/291 161/450/291 571/451/291
f 35/452/292 197/453/292 573/454/292
f 572/447/293 521/455/293 161/456/293
f 575/457/294 197/453/294 574/458/294
f 49/459/295 575/457/295 574/458/295
f 49/460/296 576/461/296 575/462/296
f 576/461/297 577/463/297 164/335/297
f 577/463/298 531/464/298 198/334/298
f 577/463/299 175/465/299 531/464/299
f 175/465/300 174/375/300 531/464/300
f 175/465/301 578/466/301 548/388/301
f 50/467/302 579/468/302 578/469/302
f 52/470/303 580/471/303 579/472/303
f 580/473/304 558/411/304 183/392/304
f 579/468/305 183/392/305 549/474/305
f 581/475/306 582/476/306 580/471/306
f 582/476/307 189/477/307 558/478/307
f 53/479/308 582/476/308 581/475/308
f 583/480/309 189/477/309 582/476/309
f 583/480/310 200/481/310 189/477/310
f 53/479/311 583/480/311 582/476/311
f 584/482/312 199/483/312 200/484/312
f 199/483/313 585/485/313 670/486/313
f 200/484/314 199/483/314 7/487/314
f 7/487/315 58/488/315 286/489/315
f 7/490/316 59/491/316 586/433/316
f 7/487/317 286/489/317 59/492/317
f 587/428/318 201/493/318 589/429/318
f 201/493/319 677/494/319 588/495/319
f 201/493/320 588/495/320 589/429/320
f 588/496/321 60/497/321 590/498/321
f 192/499/322 590/498/322 202/500/322
f 192/499/323 202/500/323 191/417/323
f 590/498/324 61/501/324 202/500/324
f 191/417/325 202/500/325 559/413/325
f 203/502/326 202/500/326 62/503/326
f 559/413/327 203/502/327 204/504/327
f 203/502/328 62/503/328 293/505/328
f 203/502/329 689/283/329 57/286/329
f 591/414/330 56/285/330 205/296/330
f 592/506/331 505/297/331 207/507/331
f 594/508/332 592/506/332 207/507/332
f 594/508/333 542/509/333 592/506/333
f 6/276/334 208/510/334 593/277/334
f 596/511/335 496/512/335 54/513/335
f 596/514/336 6/276/336 496/515/336
f 596/514/337 208/510/337 6/276/337
f 162/516/338 596/514/338 54/517/338
f 209/518/339 625/519/339 244/520/339
f 213/521/340 603/522/340 599/523/340
f 599/523/341 603/522/341 601/524/341
f 600/525/342 599/523/342 210/526/342
f 614/527/343 213/521/343 600/525/343
f 211/528/344 215/529/344 213/521/344
f 614/527/345 211/528/345 213/521/345
f 600/525/346 213/521/346 599/523/346
f 601/524/347 214/530/347 212/531/347
f 214/532/348 618/533/348 602/534/348
f 212/535/349 627/536/349 626/537/349
f 603/522/350 214/530/350 601/524/350
f 603/522/351 239/538/351 214/530/351
f 215/539/352 241/540/352 240/541/352
f 211/528/353 241/542/353 215/529/353
f 218/543/354 216/544/354 634/545/354
f 218/543/355 605/546/355 216/544/355
f 251/547/356 638/548/356 216/544/356
f 604/549/357 17/550/357 218/543/357
f 217/551/358 218/543/358 634/545/358
f 249/552/359 219/553/359 604/549/359
f 249/554/360 221/555/360 219/556/360
f 605/546/361 639/557/361 251/547/361
f 605/546/362 252/558/362 639/557/362
f 220/559/363 606/560/363 17/561/363
f 17/550/364 223/562/364 605/546/364
f 221/563/365 606/564/365 220/565/365
f 222/566/366 607/567/366 221/563/366
f 234/568/367 224/569/367 222/566/367
f 224/569/368 236/570/368 607/567/368
f 228/571/369 257/572/369 608/573/369
f 255/574/370 225/575/370 608/576/370
f 608/573/371 257/572/371 647/577/371
f 608/573/372 647/577/372 646/578/372
f 609/579/373 613/580/373 225/581/373
f 609/579/374 611/582/374 613/580/374
f 255/583/375 609/584/375 225/585/375
f 225/586/376 613/587/376 229/588/376
f 226/589/377 227/590/377 610/591/377
f 610/591/378 227/590/378 611/582/378
f 611/582/379 227/590/379 230/592/379
f 612/593/380 648/594/380 257/572/380
f 613/587/381 238/595/381 229/588/381
f 229/588/382 238/595/382 234/596/382
f 613/580/383 230/592/383 238/597/383
f 229/588/384 234/596/384 233/598/384
f 231/599/385 232/600/385 230/601/385
f 232/602/386 620/603/386 16/604/386
f 230/592/387 16/605/387 238/597/387
f 615/606/388 211/607/388 614/608/388
f 615/609/389 614/527/389 252/558/389
f 616/610/390 211/607/390 615/606/390
f 252/558/391 614/527/391 641/611/391
f 616/610/392 236/612/392 235/613/392
f 607/567/393 236/570/393 616/614/393
f 617/615/394 248/616/394 237/617/394
f 233/598/395 617/615/395 648/594/395
f 222/566/396 221/563/396 249/552/396
f 233/618/397 234/568/397 222/566/397
f 239/619/398 227/620/398 618/621/398
f 618/622/399 226/589/399 629/623/399
f 619/624/400 231/625/400 239/619/400
f 619/626/401 232/627/401 231/628/401
f 241/542/402 620/603/402 240/629/402
f 621/154/403 808/630/403 807/152/403
f 621/154/404 244/520/404 624/631/404
f 622/632/405 209/518/405 244/520/405
f 464/167/406 25/633/406 623/634/406
f 26/168/407 25/633/407 465/166/407
f 243/635/408 600/636/408 210/637/408
f 625/519/409 245/638/409 624/631/409
f 624/631/410 394/639/410 808/630/410
f 245/638/411 246/640/411 45/641/411
f 627/536/412 628/642/412 245/638/412
f 245/638/413 628/642/413 246/640/413
f 618/622/414 629/623/414 627/536/414
f 246/640/415 629/623/415 46/643/415
f 46/644/416 47/645/416 813/646/416
f 631/647/417 27/648/417 44/649/417
f 631/650/418 633/651/418 27/652/418
f 632/653/419 637/137/419 103/129/419
f 633/651/420 217/551/420 634/545/420
f 634/545/421 632/654/421 633/651/421
f 634/545/422 637/655/422 632/654/422
f 634/545/423 638/548/423 637/655/423
f 747/656/424 635/657/424 247/658/424
f 217/551/425 604/549/425 218/543/425
f 8/659/426 248/616/426 636/660/426
f 638/548/427 250/661/427 637/655/427
f 250/661/428 251/547/428 639/557/428
f 641/611/429 243/662/429 242/663/429
f 104/664/430 641/611/430 242/663/430
f 819/665/431 253/666/431 300/667/431
f 253/666/432 65/668/432 300/667/432
f 818/669/433 395/670/433 819/665/433
f 395/670/434 642/671/434 253/666/434
f 816/672/435 643/673/435 255/674/435
f 643/675/436 609/584/436 255/583/436
f 47/676/437 630/677/437 644/678/437
f 48/679/438 644/680/438 643/673/438
f 48/679/439 47/645/439 644/680/439
f 254/681/440 646/682/440 253/666/440
f 253/666/441 646/682/441 65/668/441
f 257/572/442 256/683/442 647/577/442
f 647/577/443 256/683/443 342/684/443
f 647/685/444 342/686/444 65/668/444
f 257/572/445 648/594/445 256/683/445
f 237/617/446 248/616/446 63/687/446
f 19/688/447 651/689/447 258/690/447
f 671/691/448 258/690/448 670/692/448
f 19/688/449 262/693/449 651/689/449
f 672/694/450 650/695/450 19/688/450
f 674/696/451 649/697/451 285/698/451
f 259/699/452 649/697/452 674/696/452
f 650/700/453 261/701/453 265/702/453
f 262/693/454 284/703/454 651/689/454
f 262/704/455 264/705/455 665/706/455
f 261/701/456 667/707/456 265/702/456
f 265/702/457 667/707/457 666/708/457
f 653/709/458 686/710/458 267/711/458
f 267/711/459 686/710/459 291/712/459
f 266/713/460 653/714/460 652/715/460
f 266/713/461 269/716/461 653/714/461
f 654/717/462 655/718/462 266/713/462
f 655/719/463 270/720/463 266/721/463
f 656/722/464 280/723/464 687/724/464
f 657/725/465 280/726/465 656/727/465
f 656/722/466 686/710/466 653/709/466
f 269/728/467 656/727/467 653/729/467
f 271/730/468 657/725/468 269/728/468
f 272/731/469 271/732/469 270/720/469
f 272/731/469 658/733/469 271/732/469
f 273/734/470 275/735/470 274/736/470
f 275/735/471 276/737/471 659/738/471
f 660/739/472 661/740/472 276/741/472
f 294/742/473 295/743/473 661/744/473
f 692/745/474 659/738/474 662/746/474
f 276/737/475 278/747/475 659/738/475
f 662/746/476 283/748/476 268/749/476
f 661/750/477 279/751/477 663/752/477
f 661/750/478 664/753/478 279/751/478
f 279/751/479 668/754/479 663/752/479
f 281/755/480 259/699/480 280/726/480
f 688/756/481 259/699/481 674/696/481
f 282/757/482 281/755/482 657/725/482
f 282/757/483 263/758/483 281/755/483
f 271/759/484 282/760/484 657/761/484
f 263/758/485 649/697/485 259/699/485
f 281/755/486 263/758/486 259/699/486
f 657/725/487 281/755/487 280/726/487
f 268/749/488 272/762/488 655/718/488
f 268/749/489 655/718/489 654/717/489
f 278/747/490 668/763/490 272/762/490
f 277/764/491 295/743/491 665/706/491
f 665/706/492 295/743/492 284/765/492
f 277/766/493 666/767/493 664/768/493
f 666/767/494 667/769/494 669/770/494
f 18/771/495 282/757/495 658/772/495
f 18/771/496 667/773/496 282/757/496
f 279/751/497 669/774/497 18/775/497
f 756/776/498 671/691/498 670/692/498
f 672/694/499 673/777/499 70/778/499
f 671/691/500 672/694/500 19/688/500
f 674/696/501 285/698/501 9/779/501
f 58/488/502 287/780/502 286/489/502
f 287/781/503 675/782/503 286/783/503
f 284/703/504 676/784/504 675/782/504
f 675/782/505 676/784/505 201/493/505
f 676/784/506 677/494/506 201/493/506
f 284/703/507 677/494/507 676/784/507
f 678/785/508 66/786/508 679/787/508
f 288/788/509 66/789/509 678/299/509
f 508/132/510 679/790/510 44/128/510
f 71/791/511 288/788/511 510/792/511
f 680/793/512 652/715/512 685/794/512
f 288/795/513 290/796/513 66/797/513
f 289/798/514 266/799/514 682/800/514
f 10/248/515 682/307/515 71/801/515
f 682/307/516 652/715/516 680/793/516
f 683/312/517 289/802/517 72/311/517
f 694/803/518 289/804/518 683/805/518
f 72/311/519 289/802/519 681/306/519
f 685/806/520 67/807/520 684/808/520
f 685/806/521 291/712/521 67/807/521
f 291/712/522 687/724/522 68/809/522
f 689/283/523 293/505/523 274/736/523
f 689/283/524 274/736/524 148/810/524
f 273/734/525 293/505/525 62/503/525
f 293/505/526 273/734/526 274/736/526
f 61/811/527 294/812/527 691/813/527
f 60/814/528 61/811/528 590/815/528
f 60/497/529 295/743/529 294/742/529
f 60/814/530 294/812/530 61/811/530
f 692/745/531 500/287/531 148/810/531
f 693/289/532 692/745/532 662/746/532
f 694/293/533 268/749/533 654/717/533
f 662/746/534 268/749/534 694/293/534
f 694/293/535 683/312/535 502/292/535
f 695/816/536 347/817/536 761/818/536
f 702/819/537 305/820/537 695/821/537
f 696/822/538 702/819/538 296/823/538
f 298/824/539 301/825/539 697/826/539
f 298/827/540 307/828/540 301/829/540
f 740/830/541 298/831/541 697/832/541
f 698/833/542 307/834/542 298/835/542
f 699/836/543 308/837/543 338/838/543
f 339/839/544 699/840/544 741/841/544
f 700/842/545 699/836/545 339/843/545
f 300/667/546 705/844/546 297/845/546
f 705/844/547 299/846/547 297/845/547
f 705/844/548 304/847/548 299/846/548
f 307/848/549 306/849/549 702/819/549
f 302/850/550 709/851/550 698/833/550
f 698/833/551 708/852/551 307/834/551
f 699/836/552 704/853/552 308/837/552
f 704/853/553 20/854/553 308/837/553
f 711/855/554 310/856/554 303/857/554
f 304/847/555 303/857/555 299/846/555
f 303/857/556 310/856/556 704/853/556
f 706/858/557 313/859/557 705/844/557
f 712/860/558 711/855/558 304/847/558
f 707/861/559 315/862/559 312/863/559
f 707/861/560 312/863/560 305/864/560
f 708/852/561 319/865/561 703/866/561
f 708/852/562 316/867/562 714/868/562
f 710/869/563 21/870/563 20/854/563
f 310/856/564 710/869/564 704/853/564
f 712/860/565 310/856/565 711/855/565
f 712/860/566 322/871/566 310/856/566
f 712/860/567 317/872/567 322/871/567
f 713/873/568 717/874/568 313/859/568
f 319/875/569 324/876/569 707/861/569
f 325/877/570 320/878/570 714/868/570
f 715/879/571 326/880/571 316/881/571
f 321/882/572 722/883/572 21/870/572
f 710/869/573 321/882/573 21/870/573
f 327/884/574 329/885/574 716/886/574
f 716/886/575 329/885/575 722/883/575
f 323/887/576 317/888/576 318/889/576
f 322/871/577 327/884/577 716/886/577
f 717/874/578 323/890/578 318/891/578
f 314/892/579 718/893/579 717/874/579
f 718/894/580 725/895/580 323/896/580
f 320/897/581 719/898/581 324/876/581
f 719/898/582 346/899/582 345/900/582
f 721/901/583 320/878/583 325/877/583
f 326/902/584 721/901/584 325/877/584
f 722/903/585 723/904/585 715/879/585
f 715/905/586 721/901/586 326/902/586
f 730/906/587 332/907/587 329/885/587
f 322/871/588 730/906/588 327/884/588
f 330/908/589 731/909/589 323/890/589
f 724/910/590 731/909/590 730/906/590
f 725/911/591 328/912/591 323/913/591
f 720/914/592 334/915/592 346/899/592
f 720/914/593 346/899/593 719/898/593
f 329/916/594 729/917/594 331/918/594
f 729/917/595 755/919/595 331/918/595
f 331/918/596 728/920/596 727/921/596
f 335/922/597 754/923/597 729/924/597
f 330/925/598 732/926/598 731/927/598
f 328/912/599 732/928/599 330/929/599
f 732/926/600 752/930/600 731/927/600
f 22/931/601 732/928/601 328/912/601
f 731/927/602 752/930/602 335/932/602
f 22/931/603 336/933/603 732/928/603
f 733/934/604 336/935/604 22/936/604
f 333/937/605 336/933/605 733/938/605
f 336/933/606 751/939/606 732/928/606
f 735/940/607 761/941/607 49/459/607
f 736/942/608 735/940/608 337/943/608
f 737/944/609 761/941/609 735/940/609
f 737/944/610 695/821/610 761/941/610
f 738/945/611 696/822/611 737/944/611
f 740/946/612 697/826/612 738/945/612
f 821/947/613 339/843/613 742/948/613
f 340/949/614 701/950/614 821/947/614
f 819/665/615 300/667/615 341/951/615
f 819/665/616 341/951/616 818/669/616
f 341/951/617 300/667/617 297/845/617
f 341/951/618 297/845/618 820/952/618
f 65/668/619 706/858/619 300/667/619
f 342/686/620 706/858/620 65/668/620
f 342/953/621 743/954/621 706/955/621
f 743/956/622 311/957/622 313/859/622
f 64/958/623 744/959/623 743/960/623
f 744/959/624 314/961/624 713/962/624
f 745/963/625 314/961/625 744/959/625
f 8/659/626 746/964/626 745/963/626
f 746/965/627 725/895/627 718/894/627
f 635/657/628 747/656/628 746/964/628
f 247/658/629 748/966/629 747/656/629
f 746/965/630 726/967/630 725/895/630
f 333/968/631 733/934/631 726/967/631
f 633/969/632 749/970/632 748/966/632
f 333/937/633 343/971/633 336/933/633
f 631/647/634 679/972/634 749/970/634
f 750/973/635 67/974/635 751/939/635
f 67/807/636 68/809/636 751/975/636
f 752/930/637 69/976/637 754/977/637
f 754/978/638 753/979/638 729/917/638
f 753/979/639 9/779/639 755/919/639
f 754/978/640 9/779/640 753/979/640
f 729/917/641 753/979/641 755/919/641
f 755/980/642 672/694/642 70/778/642
f 9/981/643 672/694/643 755/980/643
f 756/776/644 334/915/644 720/914/644
f 756/776/645 757/982/645 334/915/645
f 344/983/646 756/776/646 720/914/646
f 345/900/647 583/480/647 53/479/647
f 346/899/648 584/984/648 345/900/648
f 324/876/649 345/900/649 758/985/649
f 760/986/650 581/475/650 52/470/650
f 315/987/651 758/988/651 581/989/651
f 581/475/652 580/471/652 52/470/652
f 759/990/653 51/991/653 50/992/653
f 760/993/654 52/994/654 51/995/654
f 759/990/655 50/992/655 347/817/655
f 347/817/656 577/463/656 576/461/656
f 305/864/657 759/990/657 347/817/657
f 354/996/658 832/997/658 350/998/658
f 352/999/659 355/1000/659 762/1001/659
f 393/1002/660 352/999/660 351/1003/660
f 356/1004/661 361/1005/661 352/1006/661
f 351/1003/662 352/999/662 762/1001/662
f 764/1007/663 357/1008/663 356/1004/663
f 803/1009/664 352/1006/664 393/1010/664
f 349/1011/665 765/1012/665 766/1013/665
f 349/1011/666 766/1013/666 348/1014/666
f 766/1013/667 357/1015/667 763/1016/667
f 767/1017/668 765/1018/668 349/1019/668
f 768/1020/669 359/1021/669 353/1022/669
f 359/1021/670 364/1023/670 353/1022/670
f 355/1000/671 360/1024/671 354/996/671
f 361/1005/672 772/1025/672 355/1026/672
f 354/996/673 360/1024/673 832/997/673
f 362/1027/674 366/1028/674 361/1005/674
f 769/1029/675 368/1030/675 362/1031/675
f 367/1032/676 368/1033/676 769/1034/676
f 357/1008/677 362/1027/677 356/1004/677
f 765/1012/678 367/1035/678 766/1013/678
f 358/1036/679 770/1037/679 765/1018/679
f 363/1038/680 777/1039/680 770/1037/680
f 770/1037/681 369/1040/681 367/1041/681
f 771/1042/682 778/1043/682 363/1038/682
f 364/1044/683 778/1043/683 771/1042/683
f 359/1021/684 370/1045/684 364/1023/684
f 370/1045/685 373/1046/685 364/1023/685
f 774/1047/686 775/1048/686 773/1049/686
f 776/1050/687 775/1051/687 368/1052/687
f 777/1039/688 376/1053/688 369/1040/688
f 811/1054/689 371/1055/689 370/1056/689
f 784/1057/690 830/1058/690 23/1059/690
f 374/1060/691 785/1061/691 784/1062/691
f 775/1048/692 378/1063/692 374/1060/692
f 375/1064/693 786/1065/693 378/1063/693
f 378/1063/694 785/1061/694 374/1060/694
f 779/1066/695 379/1067/695 375/1068/695
f 780/1069/696 380/1070/696 372/1071/696
f 372/1071/697 376/1053/697 777/1039/697
f 781/1072/698 24/1073/698 780/1069/698
f 371/1055/699 781/1072/699 373/1074/699
f 789/1075/700 24/1076/700 781/1077/700
f 782/1078/701 781/1072/701 371/1055/701
f 377/1079/702 783/1080/702 782/1081/702
f 784/1057/703 828/1082/703 830/1058/703
f 379/1083/704 792/1084/704 786/1085/704
f 786/1065/705 386/1086/705 785/1061/705
f 380/1087/706 381/1088/706 788/1089/706
f 380/1087/707 788/1089/707 376/1090/707
f 382/1091/708 398/1092/708 381/1088/708
f 24/1076/709 387/1093/709 382/1091/709
f 789/1075/710 387/1093/710 24/1076/710
f 24/1073/711 382/1094/711 380/1070/711
f 790/1095/712 796/1096/712 789/1075/712
f 399/1097/713 400/1098/713 385/1099/713
f 386/1100/714 385/1099/714 785/1101/714
f 791/1102/715 825/1103/715 386/1104/715
f 794/1105/716 795/1106/716 788/1089/716
f 794/1107/717 390/1108/717 795/1109/717
f 381/1088/718 794/1105/718 788/1089/718
f 387/1093/719 388/1110/719 398/1092/719
f 797/1111/720 388/1110/720 387/1093/720
f 798/1112/721 797/1111/721 796/1096/721
f 797/1111/722 397/1113/722 388/1110/722
f 389/1114/723 396/1115/723 384/1116/723
f 384/1116/724 798/1112/724 796/1096/724
f 36/1117/725 28/434/725 1/105/725
f 799/1118/726 401/1119/726 29/438/726
f 402/1120/727 401/1119/727 799/1118/727
f 401/1119/728 30/439/728 29/438/728
f 800/1121/729 350/998/729 402/1120/729
f 402/115/730 36/103/730 102/102/730
f 800/1122/731 402/115/731 443/117/731
f 393/1002/732 351/1003/732 392/1123/732
f 3/123/733 393/1010/733 801/121/733
f 804/1124/734 348/1014/734 460/1125/734
f 804/1124/735 460/1125/735 461/162/735
f 806/157/736 353/1126/736 767/1017/736
f 806/157/737 805/161/737 37/155/737
f 768/1020/738 353/1022/738 806/1127/738
f 37/155/739 805/161/739 107/49/739
f 810/1128/740 365/1129/740 394/639/740
f 246/640/741 812/1130/741 810/1128/741
f 365/1129/742 811/1054/742 370/1056/742
f 814/1131/743 782/1078/743 811/1054/743
f 812/1130/744 814/1131/744 811/1054/744
f 46/644/745 813/646/745 812/1132/745
f 813/646/746 377/1079/746 814/1133/746
f 815/1134/747 383/1135/747 377/1079/747
f 48/679/748 790/1095/748 383/1135/748
f 816/672/749 817/1136/749 389/1114/749
f 395/670/750 818/669/750 817/1136/750
f 818/669/751 341/951/751 820/952/751
f 396/1115/752 820/952/752 391/1137/752
f 391/1137/753 821/947/753 798/1112/753
f 397/1113/754 822/1138/754 388/1110/754
f 397/1113/755 741/1139/755 822/1138/755
f 338/838/756 740/1140/756 739/1141/756
f 822/1142/757 739/1143/757 823/1144/757
f 398/1092/758 823/1145/758 794/1105/758
f 823/1145/759 738/1146/759 390/1147/759
f 795/1109/760 824/1148/760 793/1149/760
f 824/1148/761 737/944/761 793/1149/761
f 390/1108/762 824/1148/762 795/1109/762
f 825/1150/763 337/943/763 399/1097/763
f 793/1149/764 337/943/764 825/1150/764
f 399/1097/765 574/458/765 400/1098/765
f 399/1097/766 734/1151/766 574/458/766
f 400/1098/767 574/458/767 197/453/767
f 385/1099/768 400/1098/768 826/1152/768
f 828/1082/769 35/452/769 827/1153/769
f 830/1058/770 827/1153/770 829/1154/770
f 829/1155/771 570/445/771 33/1156/771
f 360/1024/772 831/1157/772 832/997/772
f 360/1024/773 33/1156/773 831/1157/773
f 360/1024/774 829/1155/774 33/1156/774
f 831/1157/775 33/1156/775 569/443/775
f 831/1157/776 569/443/776 32/1158/776
f 832/997/777 2/1159/777 568/441/777
f 832/1160/778 32/1161/778 2/1162/778
f 73/1/779 77/17/779 403/2/779
f 100/3/780 403/2/780 442/107/780
f 404/116/781 403/2/781 408/14/781
f 403/2/782 404/116/782 442/107/782
f 77/1163/783 73/1164/783 405/1165/783
f 405/7/784 406/1166/784 78/8/784
f 407/1167/785 441/71/785 75/70/785
f 406/1168/786 407/11/786 78/13/786
f 407/1167/787 75/70/787 76/1169/787
f 408/14/788 77/17/788 410/15/788
f 77/17/789 411/9/789 410/15/789
f 77/17/790 405/7/790 411/9/790
f 412/20/791 76/12/791 428/1170/791
f 414/22/792 416/26/792 455/23/792
f 81/29/793 414/22/793 413/24/793
f 80/28/794 417/39/794 418/25/794
f 80/28/795 13/1171/795 417/39/795
f 80/28/796 418/25/796 414/22/796
f 456/37/797 416/26/797 85/36/797
f 455/23/798 416/26/798 456/37/798
f 418/25/799 82/40/799 419/41/799
f 419/1172/800 82/1173/800 427/1174/800
f 416/26/801 418/25/801 86/35/801
f 82/1175/802 83/33/802 84/83/802
f 82/1175/803 84/83/803 435/1176/803
f 82/1175/804 417/32/804 83/33/804
f 435/1176/805 84/83/805 98/82/805
f 420/1177/806 421/44/806 109/158/806
f 37/155/807 421/44/807 420/1177/807
f 37/155/808 107/49/808 421/44/808
f 109/158/809 421/44/809 462/46/809
f 107/49/810 423/48/810 421/44/810
f 422/50/811 424/1178/811 425/1179/811
f 87/1180/812 422/1181/812 425/1182/812
f 424/163/813 432/87/813 425/1183/813
f 425/66/814 426/65/814 87/62/814
f 89/59/815 90/58/815 92/60/815
f 90/58/816 91/55/816 96/63/816
f 96/63/817 91/55/817 436/69/817
f 426/65/818 93/68/818 87/62/818
f 85/36/819 86/35/819 75/70/819
f 457/38/820 75/70/820 441/71/820
f 86/35/821 76/1169/821 75/70/821
f 86/35/822 428/73/822 76/1169/822
f 94/61/823 92/60/823 429/78/823
f 430/80/824 95/84/824 83/33/824
f 429/34/825 430/80/825 83/33/825
f 95/84/826 96/79/826 98/82/826
f 96/79/827 436/95/827 98/82/827
f 96/79/828 95/84/828 430/80/828
f 95/84/829 84/83/829 83/33/829
f 108/88/830 432/87/830 424/163/830
f 410/15/831 79/19/831 97/18/831
f 97/18/832 79/19/832 433/67/832
f 79/19/833 99/96/833 433/67/833
f 433/67/834 99/96/834 93/68/834
f 432/64/835 433/67/835 426/65/835
f 435/42/836 12/97/836 434/90/836
f 434/90/837 12/97/837 99/96/837
f 428/73/838 435/42/838 434/90/838
f 435/1176/839 98/82/839 12/94/839
f 436/95/840 93/1184/840 12/94/840
f 165/1185/841 520/1186/841 161/333/841 166/332/841
f 438/109/842 100/3/842 437/108/842
f 438/109/843 101/110/843 439/112/843
f 438/109/844 439/112/844 73/1/844
f 439/114/845 440/1187/845 74/4/845
f 73/1/846 439/112/846 405/7/846
f 440/1187/847 441/1188/847 74/4/847
f 499/113/848 147/188/848 440/111/848
f 154/151/849 441/71/849 440/111/849
f 74/1189/850 441/71/850 407/1167/850
f 443/117/851 404/116/851 444/118/851
f 444/118/852 408/14/852 409/16/852
f 392/120/853 444/118/853 801/119/853
f 3/123/854 446/124/854 802/125/854
f 446/124/855 431/86/855 108/88/855
f 3/123/856 445/122/856 446/124/856
f 44/1190/857 103/129/857 447/131/857
f 447/126/858 453/27/858 43/127/858
f 44/1191/859 27/1192/859 103/1193/859
f 453/27/860 454/144/860 43/127/860
f 103/129/861 448/135/861 413/134/861
f 103/129/862 637/137/862 448/135/862
f 250/136/863 449/133/863 448/135/863
f 103/129/864 413/134/864 453/130/864
f 640/140/865 104/1194/865 450/141/865
f 104/664/866 452/138/866 450/139/866
f 450/139/867 81/29/867 413/24/867
f 450/139/868 80/28/868 81/29/868
f 452/138/869 13/1171/869 80/28/869
f 242/663/870 452/138/870 104/664/870
f 242/1195/871 451/142/871 452/143/871
f 452/143/872 415/31/872 13/30/872
f 451/142/873 429/34/873 415/31/873
f 43/127/874 454/144/874 150/146/874
f 453/27/875 455/23/875 454/144/875
f 454/144/876 455/23/876 5/147/876
f 454/144/877 5/147/877 42/145/877
f 5/147/878 105/148/878 41/304/878
f 455/23/879 456/37/879 105/148/879
f 41/304/880 105/148/880 509/150/880
f 105/148/881 456/37/881 457/38/881
f 105/148/882 457/38/882 458/72/882
f 105/148/883 458/72/883 509/150/883
f 40/149/884 458/72/884 441/71/884
f 106/156/885 109/158/885 459/153/885
f 768/1196/886 459/1197/886 807/1198/886
f 768/1199/887 106/156/887 459/153/887
f 37/155/888 420/1177/888 109/158/888
f 4/160/889 88/47/889 107/49/889
f 460/1200/890 802/125/890 461/164/890
f 802/125/891 108/88/891 424/163/891
f 804/1124/892 461/162/892 4/159/892
f 803/1201/893 802/1202/893 460/1125/893
f 422/50/894 461/162/894 424/1178/894
f 621/154/895 459/153/895 462/46/895
f 459/153/896 109/158/896 462/46/896
f 463/57/897 89/59/897 465/166/897
f 464/167/898 465/166/898 25/633/898
f 467/177/899 469/181/899 470/179/899
f 144/275/900 115/196/900 470/191/900
f 115/196/901 114/189/901 470/191/901
f 110/270/902 144/180/902 469/181/902
f 144/275/903 471/274/903 115/196/903
f 471/274/904 475/198/904 14/195/904
f 471/274/905 14/195/905 115/196/905
f 473/184/906 472/183/906 116/185/906
f 474/186/907 116/185/907 488/187/907
f 468/182/908 113/1203/908 472/183/908
f 113/1204/909 470/191/909 472/190/909
f 472/190/910 118/192/910 116/194/910
f 475/198/911 476/200/911 114/189/911
f 504/284/912 119/201/912 122/203/912
f 119/209/913 120/1205/913 477/207/913
f 501/1206/914 149/1207/914 120/1208/914
f 503/313/915 478/211/915 149/213/915
f 55/295/916 122/203/916 481/216/916
f 122/1209/917 480/1210/917 481/1211/917
f 481/216/918 480/202/918 123/217/918
f 506/254/919 481/216/919 112/218/919
f 477/207/920 124/1212/920 480/208/920
f 480/202/921 124/219/921 138/199/921
f 477/1213/922 479/1214/922 124/1215/922
f 479/212/923 125/215/923 126/1216/923
f 151/226/924 483/225/924 129/302/924
f 482/224/925 130/1217/925 483/225/925
f 483/1218/926 132/243/926 10/248/926
f 483/1218/927 130/241/927 132/243/927
f 129/1219/928 483/1218/928 10/248/928
f 130/241/929 487/250/929 133/245/929
f 485/1220/930 155/282/930 131/263/930
f 155/282/931 156/260/931 131/263/931
f 128/305/932 153/303/932 485/1220/932
f 153/303/933 155/282/933 485/1220/933
f 486/242/934 140/246/934 512/244/934
f 133/245/935 487/250/935 135/249/935
f 137/255/936 112/218/936 475/198/936
f 137/255/937 475/198/937 471/274/937
f 123/217/938 138/199/938 475/198/938
f 140/246/939 125/258/939 121/256/939
f 72/311/940 512/244/940 513/257/940
f 488/187/941 489/261/941 490/259/941
f 116/194/942 117/193/942 489/262/942
f 490/259/943 131/263/943 156/260/943
f 118/192/944 141/197/944 117/193/944
f 141/197/945 142/264/945 492/1221/945
f 141/197/946 492/1221/946 117/193/946
f 117/193/947 492/1221/947 136/251/947
f 489/262/948 117/193/948 136/251/948
f 138/199/949 491/265/949 142/264/949
f 138/199/950 139/220/950 491/265/950
f 492/1221/951 142/264/951 493/223/951
f 142/264/952 491/265/952 493/223/952
f 136/251/953 493/223/953 134/252/953
f 136/251/954 492/1221/954 493/223/954
f 134/252/955 493/223/955 125/258/955
f 38/106/956 494/437/956 495/1222/956
f 495/1222/957 494/437/957 146/1223/957
f 39/1224/958 495/1225/958 437/108/958
f 38/106/959 495/1222/959 39/104/959
f 146/1223/960 494/437/960 466/1226/960
f 494/437/961 143/269/961 466/1226/961
f 143/1227/962 467/171/962 466/170/962
f 597/1228/963 54/1229/963 143/1230/963
f 143/269/964 496/515/964 110/270/964
f 496/515/965 6/276/965 497/278/965
f 496/515/966 497/278/966 144/180/966
f 496/515/967 144/180/967 110/270/967
f 110/1231/968 469/1232/968 467/1233/968
f 145/272/969 137/255/969 471/274/969
f 498/1234/970 466/173/970 111/175/970
f 437/108/971 495/1225/971 498/280/971
f 495/1225/972 146/1235/972 498/280/972
f 146/1235/973 466/1236/973 498/280/973
f 438/109/974 437/108/974 498/280/974
f 111/281/975 473/184/975 499/113/975
f 474/186/976 147/188/976 499/113/976
f 101/110/977 111/281/977 499/113/977
f 111/281/978 468/182/978 473/184/978
f 689/283/979 148/810/979 504/284/979
f 504/284/980 148/810/980 500/287/980
f 501/1237/981 120/1205/981 119/209/981
f 500/287/982 693/289/982 501/288/982
f 694/1238/983 149/1239/983 11/1240/983
f 55/295/984 481/216/984 505/297/984
f 505/297/985 481/216/985 506/254/985
f 207/507/986 505/297/986 507/279/986
f 507/279/987 506/254/987 137/255/987
f 594/508/988 507/279/988 593/271/988
f 43/127/989 150/146/989 151/226/989
f 150/146/990 42/145/990 151/226/990
f 42/145/991 152/300/991 151/226/991
f 509/150/992 152/300/992 41/304/992
f 41/304/993 152/300/993 42/145/993
f 509/150/994 40/149/994 155/282/994
f 510/792/995 157/298/995 129/302/995
f 129/1219/996 10/248/996 510/1241/996
f 510/792/997 10/1242/997 71/791/997
f 510/792/998 678/299/998 157/298/998
f 681/306/999 511/247/999 72/311/999
f 511/247/1000 512/244/1000 72/311/1000
f 502/309/1001 513/308/1001 503/313/1001
f 121/214/1002 478/211/1002 503/313/1002
f 514/316/1003 517/315/1003 522/1243/1003
f 522/1243/1004 596/514/1004 162/516/1004
f 162/516/1005 514/316/1005 522/1243/1005
f 517/320/1006 516/346/1006 523/321/1006
f 515/318/1007 163/444/1007 516/319/1007
f 195/325/1008 519/324/1008 163/444/1008
f 163/344/1009 519/1244/1009 169/345/1009
f 169/1245/1010 519/324/1010 526/327/1010
f 518/326/1011 527/329/1011 526/327/1011
f 160/323/1012 571/330/1012 518/326/1012
f 514/316/1013 597/1246/1013 494/437/1013 566/436/1013
f 520/1186/1014 165/1185/1014 527/1247/1014
f 166/332/1015 529/358/1015 165/1185/1015
f 521/331/1016 164/335/1016 166/332/1016
f 575/462/1017 164/335/1017 521/331/1017
f 522/1243/1018 167/360/1018 596/514/1018
f 522/1243/1019 523/1248/1019 167/360/1019
f 523/321/1020 516/346/1020 168/1249/1020
f 516/346/1021 525/350/1021 168/1249/1021
f 516/346/1022 169/345/1022 525/350/1022
f 525/343/1023 172/348/1023 534/365/1023
f 525/343/1024 534/365/1024 170/341/1024
f 169/345/1025 526/1250/1025 172/349/1025
f 526/327/1026 536/351/1026 171/347/1026
f 165/1185/1027 529/358/1027 528/1251/1027
f 529/358/1028 539/357/1028 528/1251/1028
f 166/332/1029 530/356/1029 529/358/1029
f 165/1185/1030 528/1251/1030 527/1247/1030
f 198/334/1031 531/464/1031 166/332/1031
f 166/332/1032 531/464/1032 530/356/1032
f 531/464/1033 174/375/1033 530/356/1033
f 530/356/1034 174/375/1034 539/357/1034
f 595/361/1035 532/359/1035 533/362/1035
f 170/341/1036 534/365/1036 532/359/1036
f 534/365/1037 535/364/1037 532/359/1037
f 535/364/1038 543/1252/1038 15/366/1038
f 532/359/1039 535/364/1039 533/362/1039
f 171/1253/1040 537/1254/1040 172/1255/1040
f 172/348/1041 537/367/1041 535/364/1041
f 535/364/1042 537/367/1042 543/1252/1042
f 528/352/1043 538/1256/1043 173/355/1043
f 538/1257/1044 179/1258/1044 546/1259/1044
f 538/372/1045 546/1260/1045 176/373/1045
f 173/374/1046 176/373/1046 545/1261/1046
f 539/357/1047 540/376/1047 179/1258/1047
f 540/376/1048 547/390/1048 179/1258/1048
f 528/1251/1049 539/357/1049 538/1257/1049
f 540/376/1050 548/388/1050 547/390/1050
f 539/357/1051 179/1258/1051 538/1257/1051
f 174/375/1052 175/465/1052 540/376/1052
f 548/391/1053 578/469/1053 549/474/1053
f 594/1262/1054 541/363/1054 542/380/1054
f 15/366/1055 180/386/1055 542/380/1055
f 542/509/1056 180/1263/1056 592/506/1056
f 15/366/1057 543/1252/1057 544/384/1057
f 544/384/1058 177/406/1058 551/385/1058
f 537/367/1059 545/1261/1059 543/1252/1059
f 545/1261/1060 178/405/1060 177/406/1060
f 176/373/1061 546/1260/1061 178/405/1061
f 546/1259/1062 181/1264/1062 185/1265/1062
f 546/1260/1063 185/401/1063 178/405/1063
f 176/373/1064 178/405/1064 545/1261/1064
f 547/390/1065 181/1264/1065 179/1258/1065
f 547/1266/1066 182/393/1066 181/395/1066
f 179/1258/1067 181/1264/1067 546/1259/1067
f 549/474/1068 183/392/1068 548/391/1068
f 550/416/1069 592/506/1069 180/1263/1069
f 180/1263/1070 186/399/1070 550/416/1070
f 551/1267/1071 186/399/1071 180/1263/1071
f 206/415/1072 550/416/1072 559/413/1072
f 551/385/1073 177/406/1073 184/396/1073
f 552/397/1074 184/396/1074 187/1268/1074
f 186/399/1075 551/1267/1075 552/400/1075
f 184/396/1076 553/402/1076 554/404/1076
f 184/396/1077 554/404/1077 187/1268/1077
f 178/405/1078 185/401/1078 184/396/1078
f 187/1268/1079 554/404/1079 561/403/1079
f 185/401/1080 181/395/1080 555/394/1080
f 558/478/1081 565/432/1081 564/430/1081
f 558/478/1082 189/477/1082 565/432/1082
f 559/413/1083 204/504/1083 591/414/1083
f 187/398/1084 560/1269/1084 191/417/1084
f 191/417/1085 560/1269/1085 192/499/1085
f 561/422/1086 562/418/1086 560/420/1086
f 187/1268/1087 561/403/1087 560/1270/1087
f 561/403/1088 553/402/1088 188/409/1088
f 562/418/1089 588/495/1089 192/419/1089
f 563/431/1090 190/427/1090 188/421/1090
f 190/427/1091 587/428/1091 193/423/1091
f 564/430/1092 586/433/1092 190/427/1092
f 586/433/1093 59/491/1093 587/428/1093
f 557/410/1094 564/412/1094 563/408/1094
f 190/427/1095 586/433/1095 587/428/1095
f 565/432/1096 200/481/1096 586/433/1096
f 565/1271/1097 189/1272/1097 200/1273/1097
f 1/105/1098 28/434/1098 566/436/1098
f 566/436/1099 194/435/1099 514/316/1099
f 28/434/1100 30/439/1100 194/435/1100
f 646/682/1101 254/681/1101 642/671/1101 608/1274/1101
f 1/105/1102 566/436/1102 38/106/1102
f 194/435/1103 567/440/1103 158/314/1103
f 30/439/1104 31/442/1104 567/440/1104
f 568/441/1105 515/318/1105 159/317/1105
f 32/1158/1106 515/318/1106 568/441/1106
f 567/440/1107 568/441/1107 159/317/1107
f 32/1158/1108 569/443/1108 515/318/1108
f 33/1156/1109 570/445/1109 569/443/1109
f 829/1154/1110 196/448/1110 570/1275/1110
f 570/1276/1111 196/1277/1111 571/1278/1111
f 34/446/1112 573/454/1112 572/447/1112
f 196/1279/1113 572/1280/1113 161/1281/1113
f 571/330/1114 161/1282/1114 520/328/1114
f 573/454/1115 197/453/1115 521/455/1115
f 572/447/1116 573/454/1116 521/455/1116
f 197/453/1117 575/457/1117 521/455/1117
f 575/462/1118 576/461/1118 164/335/1118
f 164/335/1119 577/463/1119 198/334/1119
f 577/463/1120 578/466/1120 175/465/1120
f 577/463/1121 50/992/1121 578/466/1121
f 578/469/1122 579/468/1122 549/474/1122
f 579/468/1123 580/473/1123 183/392/1123
f 51/995/1124 52/994/1124 579/1283/1124
f 580/471/1125 582/476/1125 558/478/1125
f 583/480/1126 584/984/1126 200/481/1126
f 584/482/1127 585/485/1127 199/483/1127
f 200/484/1128 7/487/1128 586/1284/1128
f 59/491/1129 286/783/1129 675/782/1129
f 587/428/1130 59/491/1130 201/493/1130
f 193/423/1131 589/429/1131 588/495/1131
f 192/499/1132 588/496/1132 590/498/1132
f 559/413/1133 202/500/1133 203/502/1133
f 202/500/1134 61/501/1134 62/503/1134
f 204/504/1135 203/502/1135 57/286/1135
f 204/504/1136 57/286/1136 56/285/1136
f 206/415/1137 591/414/1137 205/296/1137
f 591/414/1138 204/504/1138 56/285/1138
f 592/506/1139 550/416/1139 205/296/1139
f 505/297/1140 592/506/1140 205/296/1140
f 205/1285/1141 550/1286/1141 206/1287/1141
f 55/295/1142 505/297/1142 205/296/1142
f 593/277/1143 208/510/1143 594/1262/1143
f 507/279/1144 594/508/1144 207/507/1144
f 595/361/1145 541/363/1145 594/1262/1145
f 208/510/1146 595/361/1146 594/1262/1146
f 208/510/1147 167/360/1147 595/361/1147
f 596/514/1148 167/360/1148 208/510/1148
f 54/513/1149 496/512/1149 143/1288/1149
f 597/1246/1150 514/316/1150 162/516/1150
f 597/1246/1151 162/516/1151 54/517/1151
f 598/1289/1152 212/535/1152 625/519/1152
f 625/519/1153 212/535/1153 626/537/1153
f 599/523/1154 601/524/1154 598/1290/1154
f 598/1290/1155 601/524/1155 212/531/1155
f 212/535/1156 602/1291/1156 627/536/1156
f 212/531/1157 214/530/1157 602/1292/1157
f 602/1291/1158 618/622/1158 627/536/1158
f 213/521/1159 215/529/1159 603/522/1159
f 215/529/1160 240/629/1160 603/522/1160
f 603/522/1161 240/629/1161 239/538/1161
f 216/544/1162 605/546/1162 251/547/1162
f 604/549/1163 219/553/1163 17/550/1163
f 218/543/1164 17/550/1164 605/546/1164
f 219/553/1165 220/565/1165 17/550/1165
f 219/553/1166 221/563/1166 220/565/1166
f 605/546/1167 223/562/1167 252/558/1167
f 223/562/1168 615/609/1168 252/558/1168
f 17/550/1169 606/564/1169 223/562/1169
f 606/564/1170 616/614/1170 223/562/1170
f 221/563/1171 607/567/1171 606/564/1171
f 222/566/1172 224/569/1172 607/567/1172
f 606/564/1173 607/567/1173 616/614/1173
f 608/573/1174 225/586/1174 228/571/1174
f 225/586/1175 229/588/1175 228/571/1175
f 625/519/1176 209/518/1176 623/1293/1176 598/1289/1176
f 609/1294/1177 610/1295/1177 611/1296/1177
f 613/580/1178 611/582/1178 230/592/1178
f 609/1297/1179 645/1298/1179 610/1299/1179
f 645/1300/1180 226/1301/1180 610/1302/1180
f 228/571/1181 612/593/1181 257/572/1181
f 228/571/1182 229/588/1182 612/593/1182
f 612/593/1183 229/588/1183 233/598/1183
f 612/593/1184 233/598/1184 648/594/1184
f 230/1303/1185 227/1304/1185 231/1305/1185
f 230/1306/1186 232/602/1186 16/604/1186
f 243/1307/1187 614/1308/1187 600/1309/1187
f 616/610/1188 241/1310/1188 211/607/1188
f 616/610/1189 235/613/1189 241/1310/1189
f 615/1311/1190 223/1312/1190 616/1313/1190
f 248/1314/1191 617/1315/1191 222/566/1191
f 617/1315/1192 233/618/1192 222/566/1192
f 248/1314/1193 222/566/1193 249/552/1193
f 648/594/1194 617/615/1194 237/617/1194
f 234/568/1195 238/1316/1195 224/569/1195
f 214/1317/1196 239/1318/1196 618/1319/1196
f 231/625/1197 227/620/1197 239/619/1197
f 618/622/1198 227/590/1198 226/589/1198
f 240/629/1199 619/1320/1199 239/538/1199
f 619/1321/1200 620/1322/1200 232/1323/1200
f 240/629/1201 620/603/1201 619/1320/1201
f 620/603/1202 241/542/1202 16/604/1202
f 224/1324/1203 235/613/1203 236/612/1203
f 235/1325/1204 16/604/1204 241/542/1204
f 238/1316/1205 16/604/1205 224/569/1205
f 224/569/1206 16/604/1206 235/1325/1206
f 621/154/1207 624/631/1207 808/630/1207
f 622/632/1208 244/520/1208 621/154/1208
f 464/165/1209 209/518/1209 622/632/1209
f 462/46/1210 622/632/1210 621/154/1210
f 462/1326/1211 464/1327/1211 622/1328/1211
f 464/165/1212 623/1293/1212 209/518/1212
f 623/634/1213 25/633/1213 210/526/1213
f 623/634/1214 210/526/1214 598/1290/1214
f 210/526/1215 599/523/1215 598/1290/1215
f 691/813/1216 660/739/1216 690/1329/1216 61/811/1216
f 242/663/1217 243/662/1217 26/168/1217
f 26/168/1218 210/526/1218 25/633/1218
f 26/168/1219 243/662/1219 210/526/1219
f 451/169/1220 242/663/1220 26/168/1220
f 625/519/1221 626/537/1221 245/638/1221
f 624/631/1222 245/638/1222 45/641/1222
f 244/520/1223 625/519/1223 624/631/1223
f 624/631/1224 45/641/1224 394/639/1224
f 626/537/1225 627/536/1225 245/638/1225
f 628/1330/1226 627/1331/1226 629/1332/1226
f 46/643/1227 629/623/1227 630/677/1227
f 46/644/1228 630/1333/1228 47/645/1228
f 246/640/1229 628/642/1229 629/623/1229
f 629/623/1230 226/589/1230 630/677/1230
f 812/1130/1231 246/640/1231 46/643/1231
f 27/1334/1232 632/653/1232 103/129/1232
f 631/647/1233 749/970/1233 633/969/1233
f 633/651/1234 247/1335/1234 217/551/1234
f 634/545/1235 216/544/1235 638/548/1235
f 633/651/1236 632/654/1236 27/652/1236
f 247/658/1237 635/657/1237 217/1336/1237
f 635/657/1238 636/660/1238 217/1336/1238
f 217/1336/1239 636/660/1239 604/1337/1239
f 635/657/1240 8/659/1240 636/660/1240
f 636/1338/1241 248/1314/1241 249/552/1241
f 636/660/1242 249/1339/1242 604/1337/1242
f 638/548/1243 251/547/1243 250/661/1243
f 640/1340/1244 639/557/1244 252/558/1244
f 449/1341/1245 639/557/1245 640/1340/1245
f 449/1341/1246 250/661/1246 639/557/1246
f 104/664/1247 640/1340/1247 641/611/1247
f 640/1340/1248 252/558/1248 641/611/1248
f 641/611/1249 614/527/1249 243/662/1249
f 819/665/1250 395/670/1250 253/666/1250
f 395/670/1251 816/672/1251 642/671/1251
f 642/671/1252 816/672/1252 255/674/1252
f 642/1342/1253 255/574/1253 608/576/1253
f 253/666/1254 642/671/1254 254/681/1254
f 643/1343/1255 644/678/1255 645/1344/1255
f 643/675/1256 645/1345/1256 609/584/1256
f 645/1344/1257 644/678/1257 226/589/1257
f 644/678/1258 630/677/1258 226/589/1258
f 65/668/1259 646/682/1259 647/685/1259
f 256/683/1260 648/594/1260 64/958/1260
f 648/594/1261 237/617/1261 64/958/1261
f 256/683/1262 64/958/1262 743/960/1262
f 64/958/1263 237/617/1263 63/687/1263
f 63/687/1264 248/616/1264 8/659/1264
f 258/690/1265 671/691/1265 19/688/1265
f 670/692/1266 258/690/1266 287/781/1266
f 287/781/1267 258/690/1267 651/689/1267
f 19/688/1268 650/695/1268 260/1346/1268
f 260/1347/1269 650/700/1269 264/705/1269
f 672/694/1270 285/1348/1270 650/695/1270
f 264/1349/1271 650/1350/1271 265/1351/1271
f 262/693/1272 19/688/1272 260/1346/1272
f 285/698/1273 649/697/1273 650/1352/1273
f 650/1352/1274 649/697/1274 261/1353/1274
f 651/689/1275 284/703/1275 287/781/1275
f 284/765/1276 262/704/1276 665/706/1276
f 262/704/1277 260/1347/1277 264/705/1277
f 261/1353/1278 649/697/1278 263/758/1278
f 261/1353/1279 263/758/1279 667/773/1279
f 685/1354/1280 652/1355/1280 653/1356/1280
f 685/806/1281 653/709/1281 267/711/1281
f 442/107/1282 102/102/1282 1/101/1282 437/108/1282
f 266/713/1283 270/1357/1283 269/716/1283
f 686/710/1284 656/722/1284 687/724/1284
f 269/728/1285 657/725/1285 656/727/1285
f 270/1357/1286 271/1358/1286 269/716/1286
f 655/719/1287 272/731/1287 270/720/1287
f 274/736/1288 275/735/1288 659/738/1288
f 275/735/1289 273/734/1289 660/1359/1289
f 274/736/1290 659/738/1290 692/745/1290
f 660/739/1291 691/813/1291 661/740/1291
f 691/813/1292 294/812/1292 661/740/1292
f 275/735/1293 660/1359/1293 276/737/1293
f 661/744/1294 295/743/1294 277/764/1294
f 662/746/1295 659/738/1295 283/748/1295
f 659/738/1296 278/747/1296 283/748/1296
f 276/741/1297 661/740/1297 663/1360/1297
f 278/1361/1298 663/1360/1298 668/1362/1298
f 278/1361/1299 276/741/1299 663/1360/1299
f 661/1363/1300 277/766/1300 664/768/1300
f 688/1364/1301 280/723/1301 259/1365/1301
f 283/748/1302 272/762/1302 268/749/1302
f 283/748/1303 278/747/1303 272/762/1303
f 272/731/1304 668/1366/1304 658/733/1304
f 264/705/1305 265/702/1305 666/708/1305
f 665/706/1306 264/705/1306 277/764/1306
f 264/705/1307 666/708/1307 277/764/1307
f 263/758/1308 282/757/1308 667/773/1308
f 667/1367/1309 18/775/1309 669/774/1309
f 666/767/1310 669/770/1310 664/768/1310
f 658/1368/1311 282/760/1311 271/759/1311
f 668/1369/1312 279/1370/1312 18/1371/1312
f 668/1372/1313 18/1373/1313 658/1374/1313
f 279/751/1314 664/753/1314 669/774/1314
f 585/1375/1315 757/982/1315 756/776/1315
f 585/485/1316 756/1376/1316 670/486/1316
f 756/776/1317 673/777/1317 671/691/1317
f 673/777/1318 672/694/1318 671/691/1318
f 9/981/1319 285/1348/1319 672/694/1319
f 670/486/1320 58/488/1320 199/483/1320
f 58/1377/1321 670/692/1321 287/781/1321
f 199/483/1322 58/488/1322 7/487/1322
f 287/781/1323 284/703/1323 675/782/1323
f 284/765/1324 295/743/1324 677/1378/1324
f 59/491/1325 675/782/1325 201/493/1325
f 66/797/1326 290/796/1326 684/1379/1326
f 508/132/1327 678/299/1327 679/790/1327
f 510/792/1328 288/788/1328 678/299/1328
f 71/1380/1329 680/1381/1329 288/1382/1329
f 680/1381/1330 685/1383/1330 288/1382/1330
f 288/1382/1331 685/1383/1331 290/1384/1331
f 71/801/1332 682/307/1332 680/793/1332
f 682/307/1333 681/306/1333 289/802/1333
f 682/307/1334 266/713/1334 652/715/1334
f 694/293/1335 654/717/1335 289/802/1335
f 289/802/1336 654/717/1336 266/713/1336
f 684/1385/1337 290/1386/1337 685/1387/1337
f 685/1388/1338 267/1389/1338 291/1390/1338
f 67/807/1339 291/712/1339 68/809/1339
f 68/809/1340 687/724/1340 292/1391/1340
f 291/712/1341 686/710/1341 687/724/1341
f 292/1392/1342 688/756/1342 69/1393/1342
f 69/1393/1343 688/756/1343 674/696/1343
f 292/1392/1344 687/1394/1344 688/756/1344
f 687/724/1345 280/723/1345 688/1364/1345
f 752/930/1346 292/1391/1346 69/976/1346
f 203/502/1347 293/505/1347 689/283/1347
f 61/811/1348 690/1329/1348 62/1395/1348
f 62/503/1349 690/1396/1349 273/734/1349
f 273/734/1350 690/1396/1350 660/1359/1350
f 702/819/1351 696/822/1351 697/826/1351 301/825/1351
f 60/497/1352 677/1378/1352 295/743/1352
f 588/496/1353 677/1378/1353 60/497/1353
f 148/810/1354 274/736/1354 692/745/1354
f 500/287/1355 692/745/1355 693/289/1355
f 11/290/1356 693/289/1356 662/746/1356
f 11/290/1357 662/746/1357 694/293/1357
f 296/823/1358 702/819/1358 695/821/1358
f 745/963/1359 744/959/1359 63/687/1359 8/659/1359
f 738/945/1360 697/826/1360 696/822/1360
f 740/1397/1361 698/833/1361 298/835/1361
f 740/1397/1362 302/850/1362 698/833/1362
f 338/838/1363 302/1398/1363 740/1140/1363
f 741/1139/1364 699/836/1364 338/838/1364
f 338/838/1365 308/837/1365 302/1398/1365
f 700/1399/1366 701/1400/1366 699/1401/1366
f 701/950/1367 309/1402/1367 699/836/1367
f 299/846/1368 303/857/1368 701/950/1368
f 701/950/1369 303/857/1369 309/1402/1369
f 702/819/1370 306/849/1370 305/820/1370
f 305/864/1371 312/863/1371 759/990/1371
f 695/816/1372 305/864/1372 347/817/1372
f 305/820/1373 306/849/1373 707/1403/1373
f 301/825/1374 307/848/1374 702/819/1374
f 307/848/1375 703/1404/1375 306/849/1375
f 307/834/1376 708/852/1376 703/866/1376
f 308/1405/1377 709/851/1377 302/850/1377
f 698/833/1378 709/851/1378 708/852/1378
f 308/1406/1379 20/1407/1379 709/1408/1379
f 309/1402/1380 704/853/1380 699/836/1380
f 309/1409/1381 303/1410/1381 704/1411/1381
f 304/847/1382 711/855/1382 303/857/1382
f 705/844/1383 313/859/1383 304/847/1383
f 304/847/1384 313/859/1384 712/860/1384
f 312/863/1385 315/862/1385 760/986/1385
f 306/849/1386 703/1404/1386 707/1403/1386
f 708/852/1387 714/868/1387 319/865/1387
f 703/1404/1388 319/1412/1388 707/1403/1388
f 709/851/1389 316/867/1389 708/852/1389
f 709/1408/1390 20/1407/1390 316/881/1390
f 310/856/1391 716/886/1391 710/869/1391
f 704/853/1392 710/869/1392 20/854/1392
f 712/860/1393 318/891/1393 317/872/1393
f 310/856/1394 322/871/1394 716/886/1394
f 313/859/1395 717/874/1395 318/891/1395
f 311/957/1396 713/873/1396 313/859/1396
f 313/859/1397 318/891/1397 712/860/1397
f 319/875/1398 320/897/1398 324/876/1398
f 707/861/1399 324/876/1399 315/862/1399
f 714/868/1400 316/867/1400 325/877/1400
f 316/881/1401 326/880/1401 325/1413/1401
f 714/868/1402 320/878/1402 319/865/1402
f 20/1407/1403 21/1414/1403 715/879/1403
f 20/1407/1404 715/879/1404 316/881/1404
f 710/869/1405 716/886/1405 321/882/1405
f 716/886/1406 722/883/1406 321/882/1406
f 317/872/1407 724/910/1407 322/871/1407
f 317/872/1408 323/890/1408 724/910/1408
f 717/1415/1409 718/1416/1409 323/1417/1409
f 320/897/1410 720/914/1410 719/898/1410
f 324/876/1411 719/898/1411 345/900/1411
f 721/1418/1412 727/1419/1412 320/1420/1412
f 721/1418/1413 723/904/1413 727/1419/1413
f 715/879/1414 723/904/1414 721/1418/1414
f 723/1421/1415 329/1422/1415 331/1423/1415
f 21/1414/1416 722/903/1416 715/879/1416
f 722/1424/1417 329/1425/1417 723/1426/1417
f 327/884/1418 730/906/1418 329/885/1418
f 322/871/1419 724/910/1419 730/906/1419
f 323/890/1420 731/909/1420 724/910/1420
f 323/913/1421 328/912/1421 330/929/1421
f 726/967/1422 733/934/1422 725/895/1422
f 725/895/1423 22/936/1423 328/1427/1423
f 727/1428/1424 728/1429/1424 344/983/1424
f 723/1430/1425 331/918/1425 727/921/1425
f 727/1428/1426 344/983/1426 720/914/1426
f 320/897/1427 727/1428/1427 720/914/1427
f 329/885/1428 332/907/1428 729/924/1428
f 331/918/1429 755/919/1429 728/920/1429
f 730/906/1430 335/922/1430 332/907/1430
f 730/906/1431 731/909/1431 335/922/1431
f 332/907/1432 335/922/1432 729/924/1432
f 732/926/1433 751/975/1433 752/930/1433
f 725/895/1434 733/934/1434 22/936/1434
f 734/1151/1435 735/940/1435 574/458/1435
f 574/458/1436 735/940/1436 49/459/1436
f 734/1151/1437 337/943/1437 735/940/1437
f 49/460/1438 761/818/1438 576/461/1438
f 736/942/1439 737/944/1439 735/940/1439
f 737/944/1440 296/823/1440 695/821/1440
f 824/1148/1441 738/945/1441 737/944/1441
f 737/944/1442 696/822/1442 296/823/1442
f 823/1431/1443 740/946/1443 738/945/1443
f 823/1145/1444 739/1141/1444 740/1140/1444
f 397/1432/1445 742/1433/1445 741/841/1445
f 339/839/1446 741/841/1446 742/1433/1446
f 822/1138/1447 741/1139/1447 338/838/1447
f 821/947/1448 701/950/1448 700/842/1448
f 821/947/1449 700/842/1449 339/843/1449
f 340/949/1450 297/845/1450 701/950/1450
f 297/845/1451 299/846/1451 701/950/1451
f 820/952/1452 297/845/1452 340/949/1452
f 256/683/1453 743/960/1453 342/684/1453
f 300/667/1454 706/858/1454 705/844/1454
f 706/858/1455 743/956/1455 313/859/1455
f 743/960/1456 744/959/1456 311/1434/1456
f 750/973/1457 336/933/1457 343/971/1457 684/1435/1457
f 311/1434/1458 744/959/1458 713/962/1458
f 64/958/1459 63/687/1459 744/959/1459
f 713/873/1460 314/892/1460 717/874/1460
f 314/961/1461 745/963/1461 718/1436/1461
f 745/963/1462 746/964/1462 718/1436/1462
f 8/659/1463 635/657/1463 746/964/1463
f 746/965/1464 747/1437/1464 726/967/1464
f 247/1335/1465 633/651/1465 748/1438/1465
f 747/1437/1466 333/968/1466 726/967/1466
f 748/966/1467 749/970/1467 333/937/1467
f 747/656/1468 748/966/1468 333/937/1468
f 333/937/1469 749/970/1469 343/971/1469
f 749/970/1470 679/972/1470 343/971/1470
f 679/972/1471 66/1439/1471 343/971/1471
f 343/971/1472 66/1439/1472 684/1435/1472
f 679/972/1473 631/647/1473 44/649/1473
f 336/933/1474 750/973/1474 751/939/1474
f 777/1039/1475 363/1038/1475 778/1043/1475 372/1071/1475
f 684/1435/1476 67/974/1476 750/973/1476
f 752/930/1477 751/975/1477 292/1391/1477
f 751/975/1478 68/809/1478 292/1391/1478
f 335/1440/1479 752/1441/1479 754/1442/1479
f 754/978/1480 69/1393/1480 674/696/1480
f 754/978/1481 674/696/1481 9/779/1481
f 344/983/1482 755/980/1482 70/778/1482
f 728/1429/1483 755/980/1483 344/983/1483
f 70/778/1484 673/777/1484 756/776/1484
f 344/983/1485 70/778/1485 756/776/1485
f 584/984/1486 757/982/1486 585/1375/1486
f 345/900/1487 584/984/1487 583/480/1487
f 346/899/1488 757/982/1488 584/984/1488
f 346/899/1489 334/915/1489 757/982/1489
f 581/475/1490 758/985/1490 53/479/1490
f 758/985/1491 345/900/1491 53/479/1491
f 315/862/1492 324/876/1492 758/985/1492
f 760/986/1493 315/862/1493 581/475/1493
f 759/990/1494 312/863/1494 51/991/1494
f 312/1443/1495 760/993/1495 51/995/1495
f 50/992/1496 51/991/1496 579/472/1496
f 347/817/1497 50/992/1497 577/463/1497
f 761/818/1498 347/817/1498 576/461/1498
f 800/1121/1499 762/1001/1499 350/998/1499
f 762/1001/1500 354/996/1500 350/998/1500
f 762/1001/1501 355/1000/1501 354/996/1501
f 803/1009/1502 764/1007/1502 352/1006/1502
f 763/1016/1503 357/1015/1503 764/1444/1503
f 764/1007/1504 356/1004/1504 352/1006/1504
f 767/1017/1505 358/1036/1505 765/1018/1505
f 348/1014/1506 766/1013/1506 763/1016/1506
f 353/1126/1507 363/1038/1507 767/1017/1507
f 767/1017/1508 363/1038/1508 358/1036/1508
f 353/1126/1509 771/1042/1509 363/1038/1509
f 353/1126/1510 364/1044/1510 771/1042/1510
f 768/1020/1511 809/1445/1511 359/1021/1511
f 809/1446/1512 365/1129/1512 359/1447/1512
f 355/1000/1513 772/1448/1513 360/1024/1513
f 356/1004/1514 362/1027/1514 361/1005/1514
f 361/1005/1515 366/1028/1515 773/1449/1515
f 352/999/1516 361/1450/1516 355/1000/1516
f 357/1015/1517 769/1029/1517 362/1031/1517
f 766/1013/1518 769/1029/1518 357/1015/1518
f 766/1013/1519 367/1035/1519 769/1029/1519
f 765/1018/1520 770/1037/1520 367/1041/1520
f 358/1036/1521 363/1038/1521 770/1037/1521
f 359/1447/1522 365/1129/1522 370/1056/1522
f 772/1025/1523 773/1449/1523 23/1059/1523
f 772/1448/1524 23/1451/1524 360/1024/1524
f 773/1449/1525 784/1057/1525 23/1059/1525
f 361/1005/1526 773/1449/1526 772/1025/1526
f 360/1024/1527 23/1451/1527 829/1155/1527
f 362/1027/1528 774/1452/1528 366/1028/1528
f 366/1028/1529 774/1452/1529 773/1449/1529
f 362/1027/1530 368/1052/1530 774/1452/1530
f 368/1052/1531 775/1051/1531 774/1452/1531
f 775/1048/1532 374/1060/1532 773/1049/1532
f 367/1453/1533 369/1454/1533 368/1455/1533
f 369/1454/1534 776/1456/1534 368/1455/1534
f 776/1050/1535 375/1068/1535 775/1051/1535
f 770/1037/1536 777/1039/1536 369/1040/1536
f 776/1457/1537 369/1458/1537 779/1459/1537
f 778/1043/1538 373/1074/1538 372/1071/1538
f 364/1044/1539 373/1074/1539 778/1043/1539
f 762/1001/1540 800/1121/1540 392/1123/1540 351/1003/1540
f 370/1056/1541 371/1055/1541 373/1074/1541
f 811/1054/1542 782/1078/1542 371/1055/1542
f 814/1133/1543 377/1079/1543 782/1081/1543
f 773/1449/1544 374/1460/1544 784/1057/1544
f 775/1048/1545 375/1064/1545 378/1063/1545
f 776/1050/1546 779/1066/1546 375/1068/1546
f 376/1090/1547 788/1089/1547 787/1461/1547
f 375/1462/1548 379/1083/1548 786/1085/1548
f 369/1040/1549 376/1053/1549 787/1463/1549
f 372/1071/1550 380/1070/1550 376/1053/1550
f 780/1069/1551 24/1073/1551 380/1070/1551
f 369/1458/1552 787/1464/1552 779/1459/1552
f 373/1074/1553 780/1069/1553 372/1071/1553
f 373/1074/1554 781/1072/1554 780/1069/1554
f 782/1081/1555 783/1080/1555 781/1077/1555
f 781/1077/1556 783/1080/1556 789/1075/1556
f 377/1079/1557 383/1135/1557 783/1080/1557
f 828/1082/1558 785/1101/1558 826/1152/1558
f 785/1101/1559 385/1099/1559 826/1152/1559
f 784/1057/1560 785/1101/1560 828/1082/1560
f 378/1063/1561 786/1065/1561 785/1061/1561
f 786/1085/1562 792/1084/1562 791/1102/1562
f 786/1085/1563 791/1102/1563 386/1104/1563
f 787/1461/1564 788/1089/1564 379/1465/1564
f 379/1465/1565 788/1089/1565 792/1466/1565
f 779/1066/1566 787/1467/1566 379/1067/1566
f 380/1087/1567 382/1091/1567 381/1088/1567
f 382/1091/1568 387/1093/1568 398/1092/1568
f 790/1095/1569 384/1116/1569 796/1096/1569
f 783/1080/1570 790/1095/1570 789/1075/1570
f 783/1080/1571 383/1135/1571 790/1095/1571
f 386/1100/1572 825/1150/1572 385/1099/1572
f 385/1099/1573 825/1150/1573 399/1097/1573
f 791/1468/1574 793/1149/1574 825/1150/1574
f 792/1084/1575 793/1469/1575 791/1102/1575
f 792/1470/1576 795/1109/1576 793/1149/1576
f 792/1466/1577 788/1089/1577 795/1106/1577
f 794/1105/1578 823/1145/1578 390/1147/1578
f 398/1092/1579 388/1110/1579 822/1138/1579
f 381/1088/1580 398/1092/1580 794/1105/1580
f 796/1096/1581 797/1111/1581 387/1093/1581
f 789/1075/1582 796/1096/1582 387/1093/1582
f 790/1095/1583 389/1114/1583 384/1116/1583
f 384/1116/1584 391/1137/1584 798/1112/1584
f 384/1116/1585 396/1115/1585 391/1137/1585
f 36/1117/1586 29/438/1586 28/434/1586
f 36/1117/1587 799/1118/1587 29/438/1587
f 36/1117/1588 402/1120/1588 799/1118/1588
f 443/117/1589 392/120/1589 800/1122/1589
f 393/1010/1590 3/123/1590 802/125/1590 803/1009/1590
f 801/1471/1591 393/1002/1591 392/1123/1591
f 349/1019/1592 804/1472/1592 805/161/1592 767/1017/1592
f 460/1125/1593 764/1444/1593 803/1201/1593
f 460/1125/1594 763/1016/1594 764/1444/1594
f 804/1124/1595 349/1011/1595 348/1014/1595
f 460/1125/1596 348/1014/1596 763/1016/1596
f 573/454/1597 34/446/1597 827/1153/1597 35/452/1597
f 4/160/1598 805/161/1598 804/1472/1598
f 805/161/1599 806/157/1599 767/1017/1599
f 807/152/1600 809/1446/1600 768/1199/1600
f 807/152/1601 808/630/1601 809/1446/1601
f 808/630/1602 394/639/1602 809/1446/1602
f 106/156/1603 768/1199/1603 806/157/1603
f 394/639/1604 365/1129/1604 809/1446/1604
f 394/639/1605 45/641/1605 810/1128/1605
f 810/1128/1606 811/1054/1606 365/1129/1606
f 810/1128/1607 812/1130/1607 811/1054/1607
f 810/1128/1608 45/641/1608 246/640/1608
f 812/1132/1609 813/646/1609 814/1133/1609
f 813/646/1610 47/645/1610 815/1134/1610
f 813/646/1611 815/1134/1611 377/1079/1611
f 47/645/1612 48/679/1612 815/1134/1612
f 815/1134/1613 48/679/1613 383/1135/1613
f 48/679/1614 816/672/1614 389/1114/1614
f 48/679/1615 389/1114/1615 790/1095/1615
f 48/679/1616 643/673/1616 816/672/1616
f 389/1114/1617 817/1136/1617 396/1115/1617
f 816/672/1618 395/670/1618 817/1136/1618
f 396/1115/1619 818/669/1619 820/952/1619
f 817/1136/1620 818/669/1620 396/1115/1620
f 391/1137/1621 820/952/1621 340/949/1621
f 391/1137/1622 340/949/1622 821/947/1622
f 797/1111/1623 798/1112/1623 397/1113/1623
f 798/1112/1624 821/947/1624 397/1113/1624
f 397/1113/1625 821/947/1625 742/948/1625
f 739/1141/1626 822/1138/1626 338/838/1626
f 398/1092/1627 822/1138/1627 823/1145/1627
f 793/1149/1628 737/944/1628 736/942/1628
f 390/1147/1629 738/1146/1629 824/1473/1629
f 793/1149/1630 736/942/1630 337/943/1630
f 399/1097/1631 337/943/1631 734/1151/1631
f 826/1152/1632 400/1098/1632 35/452/1632
f 35/452/1633 400/1098/1633 197/453/1633
f 830/1058/1634 828/1082/1634 827/1153/1634
f 828/1082/1635 826/1152/1635 35/452/1635
f 829/1154/1636 34/446/1636 196/448/1636
f 829/1154/1637 827/1153/1637 34/446/1637
f 23/1059/1638 830/1058/1638 829/1154/1638
f 832/997/1639 831/1157/1639 32/1158/1639
f 31/442/1640 832/997/1640 568/441/1640
f 568/441/1641 2/1159/1641 32/1158/1641
f 401/1119/1642 31/442/1642 30/439/1642
f 401/1119/1643 832/997/1643 31/442/1643
f 402/1120/1644 350/998/1644 401/1119/1644
f 350/998/1645 832/997/1645 401/1119/1645
